scenario,dataset,algorithm,total_submitted,total_completed,edge_completed,cloud_completed,total_incomplete,completion_ratio,edge_execution_ratio,cloud_execution_ratio,avg_waiting_time,avg_execution_time,avg_turnaround_time,avg_wall_clock_time,makespan,throughput,avg_cost,runner_wall_clock_ms,instance,lottery_seed,mct_sigma,mct_seed
"no_stress","MQT-Set01-298-10-27-IBMQ27-Opt3-Extra.csv","P:0.0/0.0/1.0/0",298,298,298,0,0,1.0000,1.0000,0.0000,112516.57389261747,761.298020134228,113277.8719127517,113277.8719127517,226866.8100,0.001313546041,1218.076832214765,32,0,1,0.0,1
"no_stress","MQT-Set01-298-10-27-IBMQ27-Opt3-Extra.csv","P:0.0/0.1/0.9/0",298,298,298,0,0,1.0000,1.0000,0.0000,112516.57389261747,761.298020134228,113277.8719127517,113277.8719127517,226866.8100,0.001313546041,1218.076832214765,33,0,1,0.0,1
"no_stress","MQT-Set01-298-10-27-IBMQ27-Opt3-Extra.csv","P:0.0/0.2/0.8/0",298,298,298,0,0,1.0000,1.0000,0.0000,112516.57389261747,761.298020134228,113277.8719127517,113277.8719127517,226866.8100,0.001313546041,1218.076832214765,41,0,1,0.0,1
"no_stress","MQT-Set01-298-10-27-IBMQ27-Opt3-Extra.csv","P:0.0/0.3/0.7/0",298,298,298,0,0,1.0000,1.0000,0.0000,46716.908719239385,634.416040268457,47351.32475950784,47351.32475950784,98384.37000000001,0.003028936405,1015.065664429529,43,0,1,0.0,1
"no_stress","MQT-Set01-298-10-27-IBMQ27-Opt3-Extra.csv","P:0.0/0.4/0.6/0",298,298,298,0,0,1.0000,1.0000,0.0000,46716.908719239385,634.416040268457,47351.32475950784,47351.32475950784,98384.37000000001,0.003028936405,1015.065664429529,33,0,1,0.0,1
"no_stress","MQT-Set01-298-10-27-IBMQ27-Opt3-Extra.csv","P:0.0/0.5/0.5/0",298,298,298,0,0,1.0000,1.0000,0.0000,46716.908719239385,634.416040268457,47351.32475950784,47351.32475950784,98384.37000000001,0.003028936405,1015.065664429529,50,0,1,0.0,1
"no_stress","MQT-Set01-298-10-27-IBMQ27-Opt3-Extra.csv","P:0.0/0.6/0.4/0",298,298,298,0,0,1.0000,1.0000,0.0000,46716.908719239385,634.416040268457,47351.32475950784,47351.32475950784,98384.37000000001,0.003028936405,1015.065664429529,39,0,1,0.0,1
"no_stress","MQT-Set01-298-10-27-IBMQ27-Opt3-Extra.csv","P:0.0/0.7/0.3/0",298,298,298,0,0,1.0000,1.0000,0.0000,46716.908719239385,634.416040268457,47351.32475950784,47351.32475950784,98384.37000000001,0.003028936405,1015.065664429529,42,0,1,0.0,1
"no_stress","MQT-Set01-298-10-27-IBMQ27-Opt3-Extra.csv","P:0.0/0.8/0.2/0",298,298,298,0,0,1.0000,1.0000,0.0000,46716.908719239385,634.416040268457,47351.32475950784,47351.32475950784,98384.37000000001,0.003028936405,1015.065664429529,48,0,1,0.0,1
"no_stress","MQT-Set01-298-10-27-IBMQ27-Opt3-Extra.csv","P:0.0/0.9/0.1/0",298,298,298,0,0,1.0000,1.0000,0.0000,46716.908719239385,634.416040268457,47351.32475950784,47351.32475950784,98384.37000000001,0.003028936405,1015.065664429529,33,0,1,0.0,1
"no_stress","MQT-Set01-298-10-27-IBMQ27-Opt3-Extra.csv","P:0.0/1.0/0.0/0",298,298,298,0,0,1.0000,1.0000,0.0000,46716.908719239385,634.416040268457,47351.32475950784,47351.32475950784,98384.37000000001,0.003028936405,1015.065664429529,40,0,1,0.0,1
"no_stress","MQT-Set01-298-10-27-IBMQ27-Opt3-Extra.csv","P:0.1/0.0/0.9/0",298,298,298,0,0,1.0000,1.0000,0.0000,112516.57389261747,761.298020134228,113277.8719127517,113277.8719127517,226866.8100,0.001313546041,1218.076832214765,38,0,1,0.0,1
"no_stress","MQT-Set01-298-10-27-IBMQ27-Opt3-Extra.csv","P:0.1/0.1/0.8/0",298,298,298,0,0,1.0000,1.0000,0.0000,51031.782947427266,716.118523489933,51747.90147091721,51747.90147091721,146084.3000,0.002039918047,1145.789637583893,32,0,1,0.0,1
"no_stress","MQT-Set01-298-10-27-IBMQ27-Opt3-Extra.csv","P:0.1/0.2/0.7/0",298,298,298,0,0,1.0000,1.0000,0.0000,29198.9720988717,669.998355704698,29868.970454576407,29868.970454576407,68330.68000000001,0.00436114495,1071.997369127517,33,0,1,0.0,1
"no_stress","MQT-Set01-298-10-27-IBMQ27-Opt3-Extra.csv","P:0.1/0.3/0.6/0",298,298,298,0,0,1.0000,1.0000,0.0000,36125.90837403948,647.878456375839,36773.78683041531,36773.78683041531,91188.40000000001,0.003267959521,1036.605530201342,33,0,1,0.0,1
"no_stress","MQT-Set01-298-10-27-IBMQ27-Opt3-Extra.csv","P:0.1/0.4/0.5/0",298,298,298,0,0,1.0000,1.0000,0.0000,44592.77596756153,634.913859060403,45227.68982662193,45227.68982662193,94984.2100,0.003137363568,1015.862174496643,35,0,1,0.0,1
"no_stress","MQT-Set01-298-10-27-IBMQ27-Opt3-Extra.csv","P:0.1/0.5/0.4/0",298,298,298,0,0,1.0000,1.0000,0.0000,46040.53603467562,634.497382550336,46675.03341722597,46675.03341722597,95102.6300,0.003133456982,1015.195812080537,34,0,1,0.0,1
"no_stress","MQT-Set01-298-10-27-IBMQ27-Opt3-Extra.csv","P:0.1/0.6/0.3/0",298,298,298,0,0,1.0000,1.0000,0.0000,46716.908719239385,634.416040268457,47351.32475950784,47351.32475950784,98384.37000000001,0.003028936405,1015.065664429529,23,0,1,0.0,1
"no_stress","MQT-Set01-298-10-27-IBMQ27-Opt3-Extra.csv","P:0.1/0.7/0.2/0",298,298,298,0,0,1.0000,1.0000,0.0000,46716.908719239385,634.416040268457,47351.32475950784,47351.32475950784,98384.37000000001,0.003028936405,1015.065664429529,33,0,1,0.0,1
"no_stress","MQT-Set01-298-10-27-IBMQ27-Opt3-Extra.csv","P:0.1/0.8/0.1/0",298,298,298,0,0,1.0000,1.0000,0.0000,46716.908719239385,634.416040268457,47351.32475950784,47351.32475950784,98384.37000000001,0.003028936405,1015.065664429529,42,0,1,0.0,1
"no_stress","MQT-Set01-298-10-27-IBMQ27-Opt3-Extra.csv","P:0.1/0.9/0.0/0",298,298,298,0,0,1.0000,1.0000,0.0000,46716.908719239385,634.416040268457,47351.32475950784,47351.32475950784,98384.37000000001,0.003028936405,1015.065664429529,33,0,1,0.0,1
"no_stress","MQT-Set01-298-10-27-IBMQ27-Opt3-Extra.csv","P:0.2/0.0/0.8/0",298,298,298,0,0,1.0000,1.0000,0.0000,20835.642813199098,715.96822147651,21551.61103467561,21551.61103467561,63265.3400,0.004710320058,1145.549154362416,32,0,1,0.0,1
"no_stress","MQT-Set01-298-10-27-IBMQ27-Opt3-Extra.csv","P:0.2/0.1/0.7/0",298,298,298,0,0,1.0000,1.0000,0.0000,20511.428682764315,702.337315436242,21213.76599820055,21213.76599820055,49512.0400,0.006018738069,1123.739704697987,26,0,1,0.0,1
"no_stress","MQT-Set01-298-10-27-IBMQ27-Opt3-Extra.csv","P:0.2/0.2/0.6/0",298,298,298,0,0,1.0000,1.0000,0.0000,20460.748642495866,701.678489932886,21162.427132428766,21162.427132428766,49512.0700,0.006018734422,1122.685583892618,23,0,1,0.0,1
"no_stress","MQT-Set01-298-10-27-IBMQ27-Opt3-Extra.csv","P:0.2/0.3/0.5/0",298,298,298,0,0,1.0000,1.0000,0.0000,26281.532162192383,658.141140939597,26939.673303131978,26939.673303131978,69235.68000000001,0.004304139138,1053.025825503355,32,0,1,0.0,1
"no_stress","MQT-Set01-298-10-27-IBMQ27-Opt3-Extra.csv","P:0.2/0.4/0.4/0",298,298,298,0,0,1.0000,1.0000,0.0000,29420.860887024606,648.537852348993,30069.3987393736,30069.3987393736,75760.98000000001,0.003933423248,1037.66056375839,25,0,1,0.0,1
"no_stress","MQT-Set01-298-10-27-IBMQ27-Opt3-Extra.csv","P:0.2/0.5/0.3/0",298,298,298,0,0,1.0000,1.0000,0.0000,33352.266437360166,640.096644295302,33992.363081655465,33992.363081655465,76140.8000,0.003913801799,1024.154630872483,25,0,1,0.0,1
"no_stress","MQT-Set01-298-10-27-IBMQ27-Opt3-Extra.csv","P:0.2/0.6/0.2/0",298,298,298,0,0,1.0000,1.0000,0.0000,32352.570900447416,641.775436241611,32994.34633668903,32994.34633668903,82489.4900,0.003612581433,1026.840697986577,25,0,1,0.0,1
"no_stress","MQT-Set01-298-10-27-IBMQ27-Opt3-Extra.csv","P:0.2/0.7/0.1/0",298,298,298,0,0,1.0000,1.0000,0.0000,34677.91345078301,638.979966442953,35316.893417225954,35316.893417225954,89863.1000,0.003316155352,1022.367946308724,25,0,1,0.0,1
"no_stress","MQT-Set01-298-10-27-IBMQ27-Opt3-Extra.csv","P:0.2/0.8/0.0/0",298,298,298,0,0,1.0000,1.0000,0.0000,33260.48496085011,642.089295302013,33902.57425615212,33902.57425615212,78610.6800,0.00379083351,1027.342872483221,58,0,1,0.0,1
"no_stress","MQT-Set01-298-10-27-IBMQ27-Opt3-Extra.csv","P:0.3/0.0/0.7/0",298,298,298,0,0,1.0000,1.0000,0.0000,20835.642813199098,715.96822147651,21551.61103467561,21551.61103467561,63265.3400,0.004710320058,1145.549154362416,27,0,1,0.0,1
"no_stress","MQT-Set01-298-10-27-IBMQ27-Opt3-Extra.csv","P:0.3/0.1/0.6/0",298,298,298,0,0,1.0000,1.0000,0.0000,20511.428682764315,702.337315436242,21213.76599820055,21213.76599820055,49512.0400,0.006018738069,1123.739704697987,27,0,1,0.0,1
"no_stress","MQT-Set01-298-10-27-IBMQ27-Opt3-Extra.csv","P:0.3/0.2/0.5/0",298,298,298,0,0,1.0000,1.0000,0.0000,20460.748642495866,701.678489932886,21162.427132428766,21162.427132428766,49512.0700,0.006018734422,1122.685583892618,34,0,1,0.0,1
"no_stress","MQT-Set01-298-10-27-IBMQ27-Opt3-Extra.csv","P:0.3/0.3/0.4/0",298,298,298,0,0,1.0000,1.0000,0.0000,20670.8448803132,708.648154362416,21379.49303467562,21379.49303467562,56938.8400,0.005233685829,1133.837046979866,25,0,1,0.0,1
"no_stress","MQT-Set01-298-10-27-IBMQ27-Opt3-Extra.csv","P:0.3/0.4/0.3/0",298,298,298,0,0,1.0000,1.0000,0.0000,27012.47800111856,651.64634228188,27664.124343400432,27664.124343400432,70626.18000000001,0.004219398529,1042.634147651007,25,0,1,0.0,1
"no_stress","MQT-Set01-298-10-27-IBMQ27-Opt3-Extra.csv","P:0.3/0.5/0.2/0",298,298,298,0,0,1.0000,1.0000,0.0000,29995.40400782995,646.16399328859,30641.56800111854,30641.56800111854,75192.0000,0.003963187573,1033.862389261745,26,0,1,0.0,1
"no_stress","MQT-Set01-298-10-27-IBMQ27-Opt3-Extra.csv","P:0.3/0.6/0.1/0",298,298,298,0,0,1.0000,1.0000,0.0000,32270.111840044756,640.979093959732,32911.09093400449,32911.09093400449,76544.6100,0.003893154593,1025.566550335569,34,0,1,0.0,1
"no_stress","MQT-Set01-298-10-27-IBMQ27-Opt3-Extra.csv","P:0.3/0.7/0.0/0",298,298,298,0,0,1.0000,1.0000,0.0000,32399.208786353476,640.707281879194,33039.91606823267,33039.91606823267,77398.4500,0.003850206303,1025.131651006711,25,0,1,0.0,1
"no_stress","MQT-Set01-298-10-27-IBMQ27-Opt3-Extra.csv","P:0.4/0.0/0.6/0",298,298,298,0,0,1.0000,1.0000,0.0000,20835.642813199098,715.96822147651,21551.61103467561,21551.61103467561,63265.3400,0.004710320058,1145.549154362416,27,0,1,0.0,1
"no_stress","MQT-Set01-298-10-27-IBMQ27-Opt3-Extra.csv","P:0.4/0.1/0.5/0",298,298,298,0,0,1.0000,1.0000,0.0000,20511.428682764315,702.337315436242,21213.76599820055,21213.76599820055,49512.0400,0.006018738069,1123.739704697987,27,0,1,0.0,1
"no_stress","MQT-Set01-298-10-27-IBMQ27-Opt3-Extra.csv","P:0.4/0.2/0.4/0",298,298,298,0,0,1.0000,1.0000,0.0000,20460.748642495866,701.678489932886,21162.427132428766,21162.427132428766,49512.0700,0.006018734422,1122.685583892618,32,0,1,0.0,1
"no_stress","MQT-Set01-298-10-27-IBMQ27-Opt3-Extra.csv","P:0.4/0.3/0.3/0",298,298,298,0,0,1.0000,1.0000,0.0000,20670.8448803132,708.648154362416,21379.49303467562,21379.49303467562,56938.8400,0.005233685829,1133.837046979866,35,0,1,0.0,1
"no_stress","MQT-Set01-298-10-27-IBMQ27-Opt3-Extra.csv","P:0.4/0.4/0.2/0",298,298,298,0,0,1.0000,1.0000,0.0000,20670.8448803132,708.648154362416,21379.49303467562,21379.49303467562,56938.8400,0.005233685829,1133.837046979866,32,0,1,0.0,1
"no_stress","MQT-Set01-298-10-27-IBMQ27-Opt3-Extra.csv","P:0.4/0.5/0.1/0",298,298,298,0,0,1.0000,1.0000,0.0000,27606.038269574943,650.206140939598,28256.244410514544,28256.244410514544,63917.6800,0.004662246815,1040.329825503355,32,0,1,0.0,1
"no_stress","MQT-Set01-298-10-27-IBMQ27-Opt3-Extra.csv","P:0.4/0.6/0.0/0",298,298,298,0,0,1.0000,1.0000,0.0000,29626.906021252795,646.959731543624,30273.865752796424,30273.865752796424,63975.1300,0.004658060093,1035.135570469799,31,0,1,0.0,1
"no_stress","MQT-Set01-298-10-27-IBMQ27-Opt3-Extra.csv","P:0.5/0.0/0.5/0",298,298,298,0,0,1.0000,1.0000,0.0000,20835.642813199098,715.96822147651,21551.61103467561,21551.61103467561,63265.3400,0.004710320058,1145.549154362416,31,0,1,0.0,1
"no_stress","MQT-Set01-298-10-27-IBMQ27-Opt3-Extra.csv","P:0.5/0.1/0.4/0",298,298,298,0,0,1.0000,1.0000,0.0000,20511.428682764315,702.337315436242,21213.76599820055,21213.76599820055,49512.0400,0.006018738069,1123.739704697987,40,0,1,0.0,1
"no_stress","MQT-Set01-298-10-27-IBMQ27-Opt3-Extra.csv","P:0.5/0.2/0.3/0",298,298,298,0,0,1.0000,1.0000,0.0000,20670.8448803132,708.648154362416,21379.49303467562,21379.49303467562,56938.8400,0.005233685829,1133.837046979866,33,0,1,0.0,1
"no_stress","MQT-Set01-298-10-27-IBMQ27-Opt3-Extra.csv","P:0.5/0.3/0.2/0",298,298,298,0,0,1.0000,1.0000,0.0000,20670.8448803132,708.648154362416,21379.49303467562,21379.49303467562,56938.8400,0.005233685829,1133.837046979866,38,0,1,0.0,1
"no_stress","MQT-Set01-298-10-27-IBMQ27-Opt3-Extra.csv","P:0.5/0.4/0.1/0",298,298,298,0,0,1.0000,1.0000,0.0000,20670.8448803132,708.648154362416,21379.49303467562,21379.49303467562,56938.8400,0.005233685829,1133.837046979866,42,0,1,0.0,1
"no_stress","MQT-Set01-298-10-27-IBMQ27-Opt3-Extra.csv","P:0.5/0.5/0.0/0",298,298,298,0,0,1.0000,1.0000,0.0000,20670.8448803132,708.648154362416,21379.49303467562,21379.49303467562,56938.8400,0.005233685829,1133.837046979866,43,0,1,0.0,1
"no_stress","MQT-Set01-298-10-27-IBMQ27-Opt3-Extra.csv","P:0.6/0.0/0.4/0",298,298,298,0,0,1.0000,1.0000,0.0000,20835.642813199098,715.96822147651,21551.61103467561,21551.61103467561,63265.3400,0.004710320058,1145.549154362416,41,0,1,0.0,1
"no_stress","MQT-Set01-298-10-27-IBMQ27-Opt3-Extra.csv","P:0.6/0.1/0.3/0",298,298,298,0,0,1.0000,1.0000,0.0000,20460.748642495866,701.678489932886,21162.427132428766,21162.427132428766,49512.0700,0.006018734422,1122.685583892618,43,0,1,0.0,1
"no_stress","MQT-Set01-298-10-27-IBMQ27-Opt3-Extra.csv","P:0.6/0.2/0.2/0",298,298,298,0,0,1.0000,1.0000,0.0000,20670.8448803132,708.648154362416,21379.49303467562,21379.49303467562,56938.8400,0.005233685829,1133.837046979866,16,0,1,0.0,1
"no_stress","MQT-Set01-298-10-27-IBMQ27-Opt3-Extra.csv","P:0.6/0.3/0.1/0",298,298,298,0,0,1.0000,1.0000,0.0000,20670.8448803132,708.648154362416,21379.49303467562,21379.49303467562,56938.8400,0.005233685829,1133.837046979866,28,0,1,0.0,1
"no_stress","MQT-Set01-298-10-27-IBMQ27-Opt3-Extra.csv","P:0.6/0.4/0.0/0",298,298,298,0,0,1.0000,1.0000,0.0000,20670.8448803132,708.648154362416,21379.49303467562,21379.49303467562,56938.8400,0.005233685829,1133.837046979866,35,0,1,0.0,1
"no_stress","MQT-Set01-298-10-27-IBMQ27-Opt3-Extra.csv","P:0.7/0.0/0.3/0",298,298,298,0,0,1.0000,1.0000,0.0000,20835.642813199098,715.96822147651,21551.61103467561,21551.61103467561,63265.3400,0.004710320058,1145.549154362416,26,0,1,0.0,1
"no_stress","MQT-Set01-298-10-27-IBMQ27-Opt3-Extra.csv","P:0.7/0.1/0.2/0",298,298,298,0,0,1.0000,1.0000,0.0000,20460.748642495866,701.678489932886,21162.427132428766,21162.427132428766,49512.0700,0.006018734422,1122.685583892618,47,0,1,0.0,1
"no_stress","MQT-Set01-298-10-27-IBMQ27-Opt3-Extra.csv","P:0.7/0.2/0.1/0",298,298,298,0,0,1.0000,1.0000,0.0000,20670.8448803132,708.648154362416,21379.49303467562,21379.49303467562,56938.8400,0.005233685829,1133.837046979866,46,0,1,0.0,1
"no_stress","MQT-Set01-298-10-27-IBMQ27-Opt3-Extra.csv","P:0.7/0.3/0.0/0",298,298,298,0,0,1.0000,1.0000,0.0000,20670.8448803132,708.648154362416,21379.49303467562,21379.49303467562,56938.8400,0.005233685829,1133.837046979866,34,0,1,0.0,1
"no_stress","MQT-Set01-298-10-27-IBMQ27-Opt3-Extra.csv","P:0.8/0.0/0.2/0",298,298,298,0,0,1.0000,1.0000,0.0000,20835.642813199098,715.96822147651,21551.61103467561,21551.61103467561,63265.3400,0.004710320058,1145.549154362416,39,0,1,0.0,1
"no_stress","MQT-Set01-298-10-27-IBMQ27-Opt3-Extra.csv","P:0.8/0.1/0.1/0",298,298,298,0,0,1.0000,1.0000,0.0000,20670.8448803132,708.648154362416,21379.49303467562,21379.49303467562,56938.8400,0.005233685829,1133.837046979866,27,0,1,0.0,1
"no_stress","MQT-Set01-298-10-27-IBMQ27-Opt3-Extra.csv","P:0.8/0.2/0.0/0",298,298,298,0,0,1.0000,1.0000,0.0000,20670.8448803132,708.648154362416,21379.49303467562,21379.49303467562,56938.8400,0.005233685829,1133.837046979866,28,0,1,0.0,1
"no_stress","MQT-Set01-298-10-27-IBMQ27-Opt3-Extra.csv","P:0.9/0.0/0.1/0",298,298,298,0,0,1.0000,1.0000,0.0000,20835.642813199098,715.96822147651,21551.61103467561,21551.61103467561,63265.3400,0.004710320058,1145.549154362416,34,0,1,0.0,1
"no_stress","MQT-Set01-298-10-27-IBMQ27-Opt3-Extra.csv","P:0.9/0.1/0.0/0",298,298,298,0,0,1.0000,1.0000,0.0000,20670.8448803132,708.648154362416,21379.49303467562,21379.49303467562,56938.8400,0.005233685829,1133.837046979866,38,0,1,0.0,1
"no_stress","MQT-Set01-298-10-27-IBMQ27-Opt3-Extra.csv","P:1.0/0.0/0.0/0",298,298,298,0,0,1.0000,1.0000,0.0000,20831.005061521253,715.061510067114,21546.066571588366,21546.066571588366,63265.3500,0.004710319314,1144.098416107383,39,0,1,0.0,1
"no_stress","MQT-Set02-10-27-Mapped-AllAlgorithmLeft-Extra.csv","P:0.0/0.0/1.0/0",1133,1133,1133,0,0,1.0000,1.0000,0.0000,958125.7164593996,1749.626487202118,959875.3429466016,959875.3429466016,1982326.8100,0.000571550561,2799.402379523389,157,0,1,0.0,1
"no_stress","MQT-Set02-10-27-Mapped-AllAlgorithmLeft-Extra.csv","P:0.0/0.1/0.9/0",1133,1133,1133,0,0,1.0000,1.0000,0.0000,958125.7164593996,1749.626487202118,959875.3429466016,959875.3429466016,1982326.8100,0.000571550561,2799.402379523389,106,0,1,0.0,1
"no_stress","MQT-Set02-10-27-Mapped-AllAlgorithmLeft-Extra.csv","P:0.0/0.2/0.8/0",1133,1133,1133,0,0,1.0000,1.0000,0.0000,958125.7164593996,1749.626487202118,959875.3429466016,959875.3429466016,1982326.8100,0.000571550561,2799.402379523389,162,0,1,0.0,1
"no_stress","MQT-Set02-10-27-Mapped-AllAlgorithmLeft-Extra.csv","P:0.0/0.3/0.7/0",1133,1133,1133,0,0,1.0000,1.0000,0.0000,398845.2894075464,1458.023345101499,400303.3127526479,400303.3127526479,847807.8600,0.001336387705,2332.837352162398,147,0,1,0.0,1
"no_stress","MQT-Set02-10-27-Mapped-AllAlgorithmLeft-Extra.csv","P:0.0/0.4/0.6/0",1133,1133,1133,0,0,1.0000,1.0000,0.0000,398845.2894075464,1458.023345101499,400303.3127526479,400303.3127526479,847807.8600,0.001336387705,2332.837352162398,165,0,1,0.0,1
"no_stress","MQT-Set02-10-27-Mapped-AllAlgorithmLeft-Extra.csv","P:0.0/0.5/0.5/0",1133,1133,1133,0,0,1.0000,1.0000,0.0000,398845.2894075464,1458.023345101499,400303.3127526479,400303.3127526479,847807.8600,0.001336387705,2332.837352162398,154,0,1,0.0,1
"no_stress","MQT-Set02-10-27-Mapped-AllAlgorithmLeft-Extra.csv","P:0.0/0.6/0.4/0",1133,1133,1133,0,0,1.0000,1.0000,0.0000,398845.2894075464,1458.023345101499,400303.3127526479,400303.3127526479,847807.8600,0.001336387705,2332.837352162398,186,0,1,0.0,1
"no_stress","MQT-Set02-10-27-Mapped-AllAlgorithmLeft-Extra.csv","P:0.0/0.7/0.3/0",1133,1133,1133,0,0,1.0000,1.0000,0.0000,398845.2894075464,1458.023345101499,400303.3127526479,400303.3127526479,847807.8600,0.001336387705,2332.837352162398,168,0,1,0.0,1
"no_stress","MQT-Set02-10-27-Mapped-AllAlgorithmLeft-Extra.csv","P:0.0/0.8/0.2/0",1133,1133,1133,0,0,1.0000,1.0000,0.0000,398845.2894075464,1458.023345101499,400303.3127526479,400303.3127526479,847807.8600,0.001336387705,2332.837352162398,101,0,1,0.0,1
"no_stress","MQT-Set02-10-27-Mapped-AllAlgorithmLeft-Extra.csv","P:0.0/0.9/0.1/0",1133,1133,1133,0,0,1.0000,1.0000,0.0000,398845.2894075464,1458.023345101499,400303.3127526479,400303.3127526479,847807.8600,0.001336387705,2332.837352162398,117,0,1,0.0,1
"no_stress","MQT-Set02-10-27-Mapped-AllAlgorithmLeft-Extra.csv","P:0.0/1.0/0.0/0",1133,1133,1133,0,0,1.0000,1.0000,0.0000,398845.2894075464,1458.023345101499,400303.3127526479,400303.3127526479,847807.8600,0.001336387705,2332.837352162398,143,0,1,0.0,1
"no_stress","MQT-Set02-10-27-Mapped-AllAlgorithmLeft-Extra.csv","P:0.1/0.0/0.9/0",1133,1133,1133,0,0,1.0000,1.0000,0.0000,958125.7164593996,1749.626487202118,959875.3429466016,959875.3429466016,1982326.8100,0.000571550561,2799.402379523389,127,0,1,0.0,1
"no_stress","MQT-Set02-10-27-Mapped-AllAlgorithmLeft-Extra.csv","P:0.1/0.1/0.8/0",1133,1133,1133,0,0,1.0000,1.0000,0.0000,474871.22839232103,1664.448234774932,476535.67662709596,476535.67662709596,1403279.5500,0.000807394364,2663.117175639898,147,0,1,0.0,1
"no_stress","MQT-Set02-10-27-Mapped-AllAlgorithmLeft-Extra.csv","P:0.1/0.2/0.7/0",1133,1133,1133,0,0,1.0000,1.0000,0.0000,251711.24436738752,1553.580917917036,253264.82528530457,253264.82528530457,711116.9800,0.001593268101,2485.72946866726,101,0,1,0.0,1
"no_stress","MQT-Set02-10-27-Mapped-AllAlgorithmLeft-Extra.csv","P:0.1/0.3/0.6/0",1133,1133,1133,0,0,1.0000,1.0000,0.0000,309487.6798837158,1476.473327449251,310964.153211165,310964.153211165,895104.2100,0.001265774406,2362.357323918799,120,0,1,0.0,1
"no_stress","MQT-Set02-10-27-Mapped-AllAlgorithmLeft-Extra.csv","P:0.1/0.4/0.5/0",1133,1133,1133,0,0,1.0000,1.0000,0.0000,350511.24630804145,1462.294395410415,351973.5407034519,351973.5407034519,787433.4700,0.001438851717,2339.671032656664,194,0,1,0.0,1
"no_stress","MQT-Set02-10-27-Mapped-AllAlgorithmLeft-Extra.csv","P:0.1/0.5/0.4/0",1133,1133,1133,0,0,1.0000,1.0000,0.0000,394301.6329629397,1458.308958517213,395759.94192145695,395759.94192145695,935686.7100,0.001210875379,2333.294333627538,111,0,1,0.0,1
"no_stress","MQT-Set02-10-27-Mapped-AllAlgorithmLeft-Extra.csv","P:0.1/0.6/0.3/0",1133,1133,1133,0,0,1.0000,1.0000,0.0000,398845.2894075464,1458.023345101499,400303.3127526479,400303.3127526479,847807.8600,0.001336387705,2332.837352162398,217,0,1,0.0,1
"no_stress","MQT-Set02-10-27-Mapped-AllAlgorithmLeft-Extra.csv","P:0.1/0.7/0.2/0",1133,1133,1133,0,0,1.0000,1.0000,0.0000,398845.2894075464,1458.023345101499,400303.3127526479,400303.3127526479,847807.8600,0.001336387705,2332.837352162398,135,0,1,0.0,1
"no_stress","MQT-Set02-10-27-Mapped-AllAlgorithmLeft-Extra.csv","P:0.1/0.8/0.1/0",1133,1133,1133,0,0,1.0000,1.0000,0.0000,398845.2894075464,1458.023345101499,400303.3127526479,400303.3127526479,847807.8600,0.001336387705,2332.837352162398,133,0,1,0.0,1
"no_stress","MQT-Set02-10-27-Mapped-AllAlgorithmLeft-Extra.csv","P:0.1/0.9/0.0/0",1133,1133,1133,0,0,1.0000,1.0000,0.0000,398845.2894075464,1458.023345101499,400303.3127526479,400303.3127526479,847807.8600,0.001336387705,2332.837352162398,142,0,1,0.0,1
"no_stress","MQT-Set02-10-27-Mapped-AllAlgorithmLeft-Extra.csv","P:0.2/0.0/0.8/0",1133,1133,1133,0,0,1.0000,1.0000,0.0000,178767.47612533087,1609.977299205648,180377.45342453654,180377.45342453654,451395.9900,0.002509991283,2575.963678729036,106,0,1,0.0,1
"no_stress","MQT-Set02-10-27-Mapped-AllAlgorithmLeft-Extra.csv","P:0.2/0.1/0.7/0",1133,1133,1133,0,0,1.0000,1.0000,0.0000,180543.6239614592,1620.815410414829,182164.43937187403,182164.43937187403,469157.0100,0.002414969777,2593.304656663724,138,0,1,0.0,1
"no_stress","MQT-Set02-10-27-Mapped-AllAlgorithmLeft-Extra.csv","P:0.2/0.2/0.6/0",1133,1133,1133,0,0,1.0000,1.0000,0.0000,177710.69196521014,1621.204254192412,179331.8962194026,179331.8962194026,469156.9800,0.002414969932,2593.926806707855,124,0,1,0.0,1
"no_stress","MQT-Set02-10-27-Mapped-AllAlgorithmLeft-Extra.csv","P:0.2/0.3/0.5/0",1133,1133,1133,0,0,1.0000,1.0000,0.0000,219119.37457812065,1516.875225066196,220636.24980318683,220636.24980318683,562971.8000,0.002012534198,2427.000360105909,158,0,1,0.0,1
"no_stress","MQT-Set02-10-27-Mapped-AllAlgorithmLeft-Extra.csv","P:0.2/0.4/0.4/0",1133,1133,1133,0,0,1.0000,1.0000,0.0000,249190.5558755612,1488.807855251543,250679.3637308127,250679.3637308127,666237.3400,0.001700595166,2382.092568402471,128,0,1,0.0,1
"no_stress","MQT-Set02-10-27-Mapped-AllAlgorithmLeft-Extra.csv","P:0.2/0.5/0.3/0",1133,1133,1133,0,0,1.0000,1.0000,0.0000,287182.7851782971,1475.504819064431,288658.28999736154,288658.28999736154,668030.7200,0.001696029787,2360.807710503089,136,0,1,0.0,1
"no_stress","MQT-Set02-10-27-Mapped-AllAlgorithmLeft-Extra.csv","P:0.2/0.6/0.2/0",1133,1133,1133,0,0,1.0000,1.0000,0.0000,290016.94816152775,1467.224660194175,291484.1728217219,291484.1728217219,823258.6300,0.00137623823,2347.559456310679,126,0,1,0.0,1
"no_stress","MQT-Set02-10-27-Mapped-AllAlgorithmLeft-Extra.csv","P:0.2/0.7/0.1/0",1133,1133,1133,0,0,1.0000,1.0000,0.0000,285065.32345720293,1470.183212709621,286535.5066699126,286535.5066699126,748840.4200,0.001513005935,2352.293140335391,104,0,1,0.0,1
"no_stress","MQT-Set02-10-27-Mapped-AllAlgorithmLeft-Extra.csv","P:0.2/0.8/0.0/0",1133,1133,1133,0,0,1.0000,1.0000,0.0000,283330.78687291336,1474.227872903795,284805.01474581717,284805.01474581717,740338.9100,0.001530380188,2358.764596646069,143,0,1,0.0,1
"no_stress","MQT-Set02-10-27-Mapped-AllAlgorithmLeft-Extra.csv","P:0.3/0.0/0.7/0",1133,1133,1133,0,0,1.0000,1.0000,0.0000,178767.47612533087,1609.977299205648,180377.45342453654,180377.45342453654,451395.9900,0.002509991283,2575.963678729036,156,0,1,0.0,1
"no_stress","MQT-Set02-10-27-Mapped-AllAlgorithmLeft-Extra.csv","P:0.3/0.1/0.6/0",1133,1133,1133,0,0,1.0000,1.0000,0.0000,180543.6239614592,1620.815410414829,182164.43937187403,182164.43937187403,469157.0100,0.002414969777,2593.304656663724,104,0,1,0.0,1
"no_stress","MQT-Set02-10-27-Mapped-AllAlgorithmLeft-Extra.csv","P:0.3/0.2/0.5/0",1133,1133,1133,0,0,1.0000,1.0000,0.0000,177710.69196521014,1621.204254192412,179331.8962194026,179331.8962194026,469156.9800,0.002414969932,2593.926806707855,176,0,1,0.0,1
"no_stress","MQT-Set02-10-27-Mapped-AllAlgorithmLeft-Extra.csv","P:0.3/0.3/0.4/0",1133,1133,1133,0,0,1.0000,1.0000,0.0000,179791.28217594375,1626.566451897618,181417.84862784127,181417.84862784127,469156.9800,0.002414969932,2602.506323036187,165,0,1,0.0,1
"no_stress","MQT-Set02-10-27-Mapped-AllAlgorithmLeft-Extra.csv","P:0.3/0.4/0.3/0",1133,1133,1133,0,0,1.0000,1.0000,0.0000,223213.01367785598,1505.418164165931,224718.43184202194,224718.43184202194,574841.1800,0.001970979184,2408.669062665486,107,0,1,0.0,1
"no_stress","MQT-Set02-10-27-Mapped-AllAlgorithmLeft-Extra.csv","P:0.3/0.5/0.2/0",1133,1133,1133,0,0,1.0000,1.0000,0.0000,265381.74673169525,1474.624236540158,266856.3709682354,266856.3709682354,839368.6300,0.001349824093,2359.39877846425,149,0,1,0.0,1
"no_stress","MQT-Set02-10-27-Mapped-AllAlgorithmLeft-Extra.csv","P:0.3/0.6/0.1/0",1133,1133,1133,0,0,1.0000,1.0000,0.0000,274210.70501942706,1475.836699029126,275686.5417184562,275686.5417184562,636442.9500,0.001780206694,2361.338718446602,138,0,1,0.0,1
"no_stress","MQT-Set02-10-27-Mapped-AllAlgorithmLeft-Extra.csv","P:0.3/0.7/0.0/0",1133,1133,1133,0,0,1.0000,1.0000,0.0000,271734.2837572911,1479.064898499558,273213.3486557906,273213.3486557906,614729.2500,0.001843087831,2366.50383759929,150,0,1,0.0,1
"no_stress","MQT-Set02-10-27-Mapped-AllAlgorithmLeft-Extra.csv","P:0.4/0.0/0.6/0",1133,1133,1133,0,0,1.0000,1.0000,0.0000,178767.47612533087,1609.977299205648,180377.45342453654,180377.45342453654,451395.9900,0.002509991283,2575.963678729036,117,0,1,0.0,1
"no_stress","MQT-Set02-10-27-Mapped-AllAlgorithmLeft-Extra.csv","P:0.4/0.1/0.5/0",1133,1133,1133,0,0,1.0000,1.0000,0.0000,180543.6239614592,1620.815410414829,182164.43937187403,182164.43937187403,469157.0100,0.002414969777,2593.304656663724,116,0,1,0.0,1
"no_stress","MQT-Set02-10-27-Mapped-AllAlgorithmLeft-Extra.csv","P:0.4/0.2/0.4/0",1133,1133,1133,0,0,1.0000,1.0000,0.0000,177710.69196521014,1621.204254192412,179331.8962194026,179331.8962194026,469156.9800,0.002414969932,2593.926806707855,113,0,1,0.0,1
"no_stress","MQT-Set02-10-27-Mapped-AllAlgorithmLeft-Extra.csv","P:0.4/0.3/0.3/0",1133,1133,1133,0,0,1.0000,1.0000,0.0000,179791.28217594375,1626.566451897618,181417.84862784127,181417.84862784127,469156.9800,0.002414969932,2602.506323036187,113,0,1,0.0,1
"no_stress","MQT-Set02-10-27-Mapped-AllAlgorithmLeft-Extra.csv","P:0.4/0.4/0.2/0",1133,1133,1133,0,0,1.0000,1.0000,0.0000,179791.28217594375,1626.566451897618,181417.84862784127,181417.84862784127,469156.9800,0.002414969932,2602.506323036187,116,0,1,0.0,1
"no_stress","MQT-Set02-10-27-Mapped-AllAlgorithmLeft-Extra.csv","P:0.4/0.5/0.1/0",1133,1133,1133,0,0,1.0000,1.0000,0.0000,220958.8753195152,1514.20512797882,222473.08044749402,222473.08044749402,650120.0100,0.001742755157,2422.728204766104,146,0,1,0.0,1
"no_stress","MQT-Set02-10-27-Mapped-AllAlgorithmLeft-Extra.csv","P:0.4/0.6/0.0/0",1133,1133,1133,0,0,1.0000,1.0000,0.0000,262171.1162992154,1484.5520211827,263655.6683203981,263655.6683203981,675124.8500,0.001678208112,2375.28323389232,113,0,1,0.0,1
"no_stress","MQT-Set02-10-27-Mapped-AllAlgorithmLeft-Extra.csv","P:0.5/0.0/0.5/0",1133,1133,1133,0,0,1.0000,1.0000,0.0000,178767.47612533087,1609.977299205648,180377.45342453654,180377.45342453654,451395.9900,0.002509991283,2575.963678729036,118,0,1,0.0,1
"no_stress","MQT-Set02-10-27-Mapped-AllAlgorithmLeft-Extra.csv","P:0.5/0.1/0.4/0",1133,1133,1133,0,0,1.0000,1.0000,0.0000,180543.6239614592,1620.815410414829,182164.43937187403,182164.43937187403,469157.0100,0.002414969777,2593.304656663724,158,0,1,0.0,1
"no_stress","MQT-Set02-10-27-Mapped-AllAlgorithmLeft-Extra.csv","P:0.5/0.2/0.3/0",1133,1133,1133,0,0,1.0000,1.0000,0.0000,179791.28217594375,1626.566451897618,181417.84862784127,181417.84862784127,469156.9800,0.002414969932,2602.506323036187,117,0,1,0.0,1
"no_stress","MQT-Set02-10-27-Mapped-AllAlgorithmLeft-Extra.csv","P:0.5/0.3/0.2/0",1133,1133,1133,0,0,1.0000,1.0000,0.0000,179791.28217594375,1626.566451897618,181417.84862784127,181417.84862784127,469156.9800,0.002414969932,2602.506323036187,124,0,1,0.0,1
"no_stress","MQT-Set02-10-27-Mapped-AllAlgorithmLeft-Extra.csv","P:0.5/0.4/0.1/0",1133,1133,1133,0,0,1.0000,1.0000,0.0000,179791.28217594375,1626.566451897618,181417.84862784127,181417.84862784127,469156.9800,0.002414969932,2602.506323036187,113,0,1,0.0,1
"no_stress","MQT-Set02-10-27-Mapped-AllAlgorithmLeft-Extra.csv","P:0.5/0.5/0.0/0",1133,1133,1133,0,0,1.0000,1.0000,0.0000,179791.28217594375,1626.566451897618,181417.84862784127,181417.84862784127,469156.9800,0.002414969932,2602.506323036187,120,0,1,0.0,1
"no_stress","MQT-Set02-10-27-Mapped-AllAlgorithmLeft-Extra.csv","P:0.6/0.0/0.4/0",1133,1133,1133,0,0,1.0000,1.0000,0.0000,178767.47612533087,1609.977299205648,180377.45342453654,180377.45342453654,451395.9900,0.002509991283,2575.963678729036,110,0,1,0.0,1
"no_stress","MQT-Set02-10-27-Mapped-AllAlgorithmLeft-Extra.csv","P:0.6/0.1/0.3/0",1133,1133,1133,0,0,1.0000,1.0000,0.0000,177710.69196521014,1621.204254192412,179331.8962194026,179331.8962194026,469156.9800,0.002414969932,2593.926806707855,166,0,1,0.0,1
"no_stress","MQT-Set02-10-27-Mapped-AllAlgorithmLeft-Extra.csv","P:0.6/0.2/0.2/0",1133,1133,1133,0,0,1.0000,1.0000,0.0000,179791.28217594375,1626.566451897618,181417.84862784127,181417.84862784127,469156.9800,0.002414969932,2602.506323036187,134,0,1,0.0,1
"no_stress","MQT-Set02-10-27-Mapped-AllAlgorithmLeft-Extra.csv","P:0.6/0.3/0.1/0",1133,1133,1133,0,0,1.0000,1.0000,0.0000,179791.28217594375,1626.566451897618,181417.84862784127,181417.84862784127,469156.9800,0.002414969932,2602.506323036187,155,0,1,0.0,1
"no_stress","MQT-Set02-10-27-Mapped-AllAlgorithmLeft-Extra.csv","P:0.6/0.4/0.0/0",1133,1133,1133,0,0,1.0000,1.0000,0.0000,179791.28217594375,1626.566451897618,181417.84862784127,181417.84862784127,469156.9800,0.002414969932,2602.506323036187,175,0,1,0.0,1
"no_stress","MQT-Set02-10-27-Mapped-AllAlgorithmLeft-Extra.csv","P:0.7/0.0/0.3/0",1133,1133,1133,0,0,1.0000,1.0000,0.0000,178767.47612533087,1609.977299205648,180377.45342453654,180377.45342453654,451395.9900,0.002509991283,2575.963678729036,180,0,1,0.0,1
"no_stress","MQT-Set02-10-27-Mapped-AllAlgorithmLeft-Extra.csv","P:0.7/0.1/0.2/0",1133,1133,1133,0,0,1.0000,1.0000,0.0000,177710.69196521014,1621.204254192412,179331.8962194026,179331.8962194026,469156.9800,0.002414969932,2593.926806707855,170,0,1,0.0,1
"no_stress","MQT-Set02-10-27-Mapped-AllAlgorithmLeft-Extra.csv","P:0.7/0.2/0.1/0",1133,1133,1133,0,0,1.0000,1.0000,0.0000,179791.28217594375,1626.566451897618,181417.84862784127,181417.84862784127,469156.9800,0.002414969932,2602.506323036187,173,0,1,0.0,1
"no_stress","MQT-Set02-10-27-Mapped-AllAlgorithmLeft-Extra.csv","P:0.7/0.3/0.0/0",1133,1133,1133,0,0,1.0000,1.0000,0.0000,179791.28217594375,1626.566451897618,181417.84862784127,181417.84862784127,469156.9800,0.002414969932,2602.506323036187,173,0,1,0.0,1
"no_stress","MQT-Set02-10-27-Mapped-AllAlgorithmLeft-Extra.csv","P:0.8/0.0/0.2/0",1133,1133,1133,0,0,1.0000,1.0000,0.0000,178767.47612533087,1609.977299205648,180377.45342453654,180377.45342453654,451395.9900,0.002509991283,2575.963678729036,163,0,1,0.0,1
"no_stress","MQT-Set02-10-27-Mapped-AllAlgorithmLeft-Extra.csv","P:0.8/0.1/0.1/0",1133,1133,1133,0,0,1.0000,1.0000,0.0000,179791.28217594375,1626.566451897618,181417.84862784127,181417.84862784127,469156.9800,0.002414969932,2602.506323036187,176,0,1,0.0,1
"no_stress","MQT-Set02-10-27-Mapped-AllAlgorithmLeft-Extra.csv","P:0.8/0.2/0.0/0",1133,1133,1133,0,0,1.0000,1.0000,0.0000,179791.28217594375,1626.566451897618,181417.84862784127,181417.84862784127,469156.9800,0.002414969932,2602.506323036187,173,0,1,0.0,1
"no_stress","MQT-Set02-10-27-Mapped-AllAlgorithmLeft-Extra.csv","P:0.9/0.0/0.1/0",1133,1133,1133,0,0,1.0000,1.0000,0.0000,178767.47612533087,1609.977299205648,180377.45342453654,180377.45342453654,451395.9900,0.002509991283,2575.963678729036,159,0,1,0.0,1
"no_stress","MQT-Set02-10-27-Mapped-AllAlgorithmLeft-Extra.csv","P:0.9/0.1/0.0/0",1133,1133,1133,0,0,1.0000,1.0000,0.0000,179791.28217594375,1626.566451897618,181417.84862784127,181417.84862784127,469156.9800,0.002414969932,2602.506323036187,164,0,1,0.0,1
"no_stress","MQT-Set02-10-27-Mapped-AllAlgorithmLeft-Extra.csv","P:1.0/0.0/0.0/0",1133,1133,1133,0,0,1.0000,1.0000,0.0000,179590.10599763994,1621.496434245364,181211.6024318853,181211.6024318853,451395.9600,0.00250999145,2594.394294792588,150,0,1,0.0,1
"no_stress","MQT-Set03-7-127-AllOpt-IBMMapped-Only127-Extra.csv","P:0.0/0.0/1.0/0",5818,5818,0,5818,0,1.0000,0.0000,1.0000,19203145.386859722,6616.79074596081,19209762.17760568,19209762.17760568,38496488.559999995,0.000151130667,10586.8651935373,9388,0,1,0.0,1
"no_stress","MQT-Set03-7-127-AllOpt-IBMMapped-Only127-Extra.csv","P:0.0/0.1/0.9/0",5818,5818,0,5818,0,1.0000,0.0000,1.0000,19203145.386859722,6616.79074596081,19209762.17760568,19209762.17760568,38496488.559999995,0.000151130667,10586.8651935373,9637,0,1,0.0,1
"no_stress","MQT-Set03-7-127-AllOpt-IBMMapped-Only127-Extra.csv","P:0.0/0.2/0.8/0",5818,5818,0,5818,0,1.0000,0.0000,1.0000,19203145.386859722,6616.79074596081,19209762.17760568,19209762.17760568,38496488.559999995,0.000151130667,10586.8651935373,8813,0,1,0.0,1
"no_stress","MQT-Set03-7-127-AllOpt-IBMMapped-Only127-Extra.csv","P:0.0/0.3/0.7/0",5818,5818,0,5818,0,1.0000,0.0000,1.0000,19203145.386859722,6616.79074596081,19209762.17760568,19209762.17760568,38496488.559999995,0.000151130667,10586.8651935373,8370,0,1,0.0,1
"no_stress","MQT-Set03-7-127-AllOpt-IBMMapped-Only127-Extra.csv","P:0.0/0.4/0.6/0",5818,5818,0,5818,0,1.0000,0.0000,1.0000,19203145.386859722,6616.79074596081,19209762.17760568,19209762.17760568,38496488.559999995,0.000151130667,10586.8651935373,7850,0,1,0.0,1
"no_stress","MQT-Set03-7-127-AllOpt-IBMMapped-Only127-Extra.csv","P:0.0/0.5/0.5/0",5818,5818,0,5818,0,1.0000,0.0000,1.0000,19203145.386859722,6616.79074596081,19209762.17760568,19209762.17760568,38496488.559999995,0.000151130667,10586.8651935373,7754,0,1,0.0,1
"no_stress","MQT-Set03-7-127-AllOpt-IBMMapped-Only127-Extra.csv","P:0.0/0.6/0.4/0",5818,5818,0,5818,0,1.0000,0.0000,1.0000,19203145.386859722,6616.79074596081,19209762.17760568,19209762.17760568,38496488.559999995,0.000151130667,10586.8651935373,7663,0,1,0.0,1
"no_stress","MQT-Set03-7-127-AllOpt-IBMMapped-Only127-Extra.csv","P:0.0/0.7/0.3/0",5818,5818,0,5818,0,1.0000,0.0000,1.0000,19203145.386859722,6616.79074596081,19209762.17760568,19209762.17760568,38496488.559999995,0.000151130667,10586.8651935373,8303,0,1,0.0,1
"no_stress","MQT-Set03-7-127-AllOpt-IBMMapped-Only127-Extra.csv","P:0.0/0.8/0.2/0",5818,5818,0,5818,0,1.0000,0.0000,1.0000,19203145.386859722,6616.79074596081,19209762.17760568,19209762.17760568,38496488.559999995,0.000151130667,10586.8651935373,7583,0,1,0.0,1
"no_stress","MQT-Set03-7-127-AllOpt-IBMMapped-Only127-Extra.csv","P:0.0/0.9/0.1/0",5818,5818,0,5818,0,1.0000,0.0000,1.0000,19203145.386859722,6616.79074596081,19209762.17760568,19209762.17760568,38496488.559999995,0.000151130667,10586.8651935373,7534,0,1,0.0,1
"no_stress","MQT-Set03-7-127-AllOpt-IBMMapped-Only127-Extra.csv","P:0.0/1.0/0.0/0",5818,5818,0,5818,0,1.0000,0.0000,1.0000,19203145.386859722,6616.79074596081,19209762.17760568,19209762.17760568,38496488.559999995,0.000151130667,10586.8651935373,7476,0,1,0.0,1
"no_stress","MQT-Set03-7-127-AllOpt-IBMMapped-Only127-Extra.csv","P:0.1/0.0/0.9/0",5818,5818,0,5818,0,1.0000,0.0000,1.0000,19203145.386859722,6616.79074596081,19209762.17760568,19209762.17760568,38496488.559999995,0.000151130667,10586.8651935373,7404,0,1,0.0,1
"no_stress","MQT-Set03-7-127-AllOpt-IBMMapped-Only127-Extra.csv","P:0.1/0.1/0.8/0",5818,5818,0,5818,0,1.0000,0.0000,1.0000,19203145.386859722,6616.79074596081,19209762.17760568,19209762.17760568,38496488.559999995,0.000151130667,10586.8651935373,7450,0,1,0.0,1
"no_stress","MQT-Set03-7-127-AllOpt-IBMMapped-Only127-Extra.csv","P:0.1/0.2/0.7/0",5818,5818,0,5818,0,1.0000,0.0000,1.0000,19203145.386859722,6616.79074596081,19209762.17760568,19209762.17760568,38496488.559999995,0.000151130667,10586.8651935373,8537,0,1,0.0,1
"no_stress","MQT-Set03-7-127-AllOpt-IBMMapped-Only127-Extra.csv","P:0.1/0.3/0.6/0",5818,5818,0,5818,0,1.0000,0.0000,1.0000,19203145.386859722,6616.79074596081,19209762.17760568,19209762.17760568,38496488.559999995,0.000151130667,10586.8651935373,7622,0,1,0.0,1
"no_stress","MQT-Set03-7-127-AllOpt-IBMMapped-Only127-Extra.csv","P:0.1/0.4/0.5/0",5818,5818,0,5818,0,1.0000,0.0000,1.0000,19203145.386859722,6616.79074596081,19209762.17760568,19209762.17760568,38496488.559999995,0.000151130667,10586.8651935373,7302,0,1,0.0,1
"no_stress","MQT-Set03-7-127-AllOpt-IBMMapped-Only127-Extra.csv","P:0.1/0.5/0.4/0",5818,5818,0,5818,0,1.0000,0.0000,1.0000,19203145.386859722,6616.79074596081,19209762.17760568,19209762.17760568,38496488.559999995,0.000151130667,10586.8651935373,9192,0,1,0.0,1
"no_stress","MQT-Set03-7-127-AllOpt-IBMMapped-Only127-Extra.csv","P:0.1/0.6/0.3/0",5818,5818,0,5818,0,1.0000,0.0000,1.0000,19203145.386859722,6616.79074596081,19209762.17760568,19209762.17760568,38496488.559999995,0.000151130667,10586.8651935373,7900,0,1,0.0,1
"no_stress","MQT-Set03-7-127-AllOpt-IBMMapped-Only127-Extra.csv","P:0.1/0.7/0.2/0",5818,5818,0,5818,0,1.0000,0.0000,1.0000,19203145.386859722,6616.79074596081,19209762.17760568,19209762.17760568,38496488.559999995,0.000151130667,10586.8651935373,7272,0,1,0.0,1
"no_stress","MQT-Set03-7-127-AllOpt-IBMMapped-Only127-Extra.csv","P:0.1/0.8/0.1/0",5818,5818,0,5818,0,1.0000,0.0000,1.0000,17961976.719439648,6712.526282227565,17968689.245721877,17968689.245721877,37104015.489999995,0.000156802436,10740.042051564125,8118,0,1,0.0,1
"no_stress","MQT-Set03-7-127-AllOpt-IBMMapped-Only127-Extra.csv","P:0.1/0.9/0.0/0",5818,5818,0,5818,0,1.0000,0.0000,1.0000,12699143.514601247,7213.005967686449,12706356.520568933,12706356.520568933,29824537.220000003,0.000195074276,11540.809548298394,7274,0,1,0.0,1
"no_stress","MQT-Set03-7-127-AllOpt-IBMMapped-Only127-Extra.csv","P:0.2/0.0/0.8/0",5818,5818,0,5818,0,1.0000,0.0000,1.0000,19203145.386859722,6616.79074596081,19209762.17760568,19209762.17760568,38496488.559999995,0.000151130667,10586.8651935373,7166,0,1,0.0,1
"no_stress","MQT-Set03-7-127-AllOpt-IBMMapped-Only127-Extra.csv","P:0.2/0.1/0.7/0",5818,5818,0,5818,0,1.0000,0.0000,1.0000,19203145.386859722,6616.79074596081,19209762.17760568,19209762.17760568,38496488.559999995,0.000151130667,10586.8651935373,8266,0,1,0.0,1
"no_stress","MQT-Set03-7-127-AllOpt-IBMMapped-Only127-Extra.csv","P:0.2/0.2/0.6/0",5818,5818,0,5818,0,1.0000,0.0000,1.0000,19203145.386859722,6616.79074596081,19209762.17760568,19209762.17760568,38496488.559999995,0.000151130667,10586.8651935373,7476,0,1,0.0,1
"no_stress","MQT-Set03-7-127-AllOpt-IBMMapped-Only127-Extra.csv","P:0.2/0.3/0.5/0",5818,5818,0,5818,0,1.0000,0.0000,1.0000,19203145.386859722,6616.79074596081,19209762.17760568,19209762.17760568,38496488.559999995,0.000151130667,10586.8651935373,7598,0,1,0.0,1
"no_stress","MQT-Set03-7-127-AllOpt-IBMMapped-Only127-Extra.csv","P:0.2/0.4/0.4/0",5818,5818,0,5818,0,1.0000,0.0000,1.0000,15963836.298045738,6852.513489171545,15970688.81153491,15970688.81153491,35067901.199999996,0.000165906707,10964.021582674466,9066,0,1,0.0,1
"no_stress","MQT-Set03-7-127-AllOpt-IBMMapped-Only127-Extra.csv","P:0.2/0.5/0.3/0",5818,5818,0,5818,0,1.0000,0.0000,1.0000,13095230.57301823,7187.832438982467,13102418.405457214,13102418.405457214,30190687.610000003,0.00019270843,11500.531902371958,7904,0,1,0.0,1
"no_stress","MQT-Set03-7-127-AllOpt-IBMMapped-Only127-Extra.csv","P:0.2/0.6/0.2/0",5818,5818,0,5818,0,1.0000,0.0000,1.0000,11949759.63822465,7366.587298040565,11957126.22552269,11957126.22552269,27590698.040000003,0.00021086817,11786.539676864935,7906,0,1,0.0,1
"no_stress","MQT-Set03-7-127-AllOpt-IBMMapped-Only127-Extra.csv","P:0.2/0.7/0.1/0",5818,5818,0,5818,0,1.0000,0.0000,1.0000,10712093.328535536,7730.584635613619,10719823.913171148,10719823.913171148,23854589.580000002,0.000243894366,12368.935416981765,7468,0,1,0.0,1
"no_stress","MQT-Set03-7-127-AllOpt-IBMMapped-Only127-Extra.csv","P:0.2/0.8/0.0/0",5818,5818,0,5818,0,1.0000,0.0000,1.0000,9129952.661912967,8394.406864902014,9138347.068777869,9138347.068777869,19757231.2800,0.000294474459,13431.050983843283,7578,0,1,0.0,1
"no_stress","MQT-Set03-7-127-AllOpt-IBMMapped-Only127-Extra.csv","P:0.3/0.0/0.7/0",5818,5818,0,5818,0,1.0000,0.0000,1.0000,15142311.66135611,6941.158838088668,15149252.820194198,15149252.820194198,33778555.279999994,0.000172239456,11105.854140941894,7458,0,1,0.0,1
"no_stress","MQT-Set03-7-127-AllOpt-IBMMapped-Only127-Extra.csv","P:0.3/0.1/0.6/0",5818,5818,0,5818,0,1.0000,0.0000,1.0000,13649043.972232768,7099.812631488446,13656143.784864252,13656143.784864252,31470935.180000003,0.00018486899,11359.700210381583,7891,0,1,0.0,1
"no_stress","MQT-Set03-7-127-AllOpt-IBMMapped-Only127-Extra.csv","P:0.3/0.2/0.5/0",5818,5818,0,5818,0,1.0000,0.0000,1.0000,12424627.74166915,7280.591942248162,12431908.333611397,12431908.333611397,28841499.3200,0.000201723216,11648.947107597132,7651,0,1,0.0,1
"no_stress","MQT-Set03-7-127-AllOpt-IBMMapped-Only127-Extra.csv","P:0.3/0.3/0.4/0",5818,5818,0,5818,0,1.0000,0.0000,1.0000,11537823.884492895,7477.453288071451,11545301.337780967,11545301.337780967,26522196.6900,0.000219363429,11963.925260914419,7357,0,1,0.0,1
"no_stress","MQT-Set03-7-127-AllOpt-IBMMapped-Only127-Extra.csv","P:0.3/0.4/0.3/0",5818,5818,0,5818,0,1.0000,0.0000,1.0000,9621451.663707396,8129.446094877987,9629581.109802274,9629581.109802274,22530582.8200,0.000258226787,13007.11375180475,8609,0,1,0.0,1
"no_stress","MQT-Set03-7-127-AllOpt-IBMMapped-Only127-Extra.csv","P:0.3/0.5/0.2/0",5818,5818,0,5818,0,1.0000,0.0000,1.0000,9021307.082253307,8436.708413544153,9029743.790666854,9029743.790666854,20075767.9600,0.000289802114,13498.733461670632,7963,0,1,0.0,1
"no_stress","MQT-Set03-7-127-AllOpt-IBMMapped-Only127-Extra.csv","P:0.3/0.6/0.1/0",5818,5818,0,5818,0,1.0000,0.0000,1.0000,8708933.489130216,8839.545701271918,8717773.034831487,8717773.034831487,18639446.3500,0.000312133735,14143.27312203508,7784,0,1,0.0,1
"no_stress","MQT-Set03-7-127-AllOpt-IBMMapped-Only127-Extra.csv","P:0.3/0.7/0.0/0",5818,5818,0,5818,0,1.0000,0.0000,1.0000,8201127.347038458,9418.839319353734,8210546.186357811,8210546.186357811,17763302.7100,0.000327529182,15070.142910965968,8662,0,1,0.0,1
"no_stress","MQT-Set03-7-127-AllOpt-IBMMapped-Only127-Extra.csv","P:0.4/0.0/0.6/0",5818,5818,0,5818,0,1.0000,0.0000,1.0000,10300636.259967245,7860.564089034023,10308496.824056279,10308496.824056279,24144603.3200,0.00024096482,12576.902542454493,8489,0,1,0.0,1
"no_stress","MQT-Set03-7-127-AllOpt-IBMMapped-Only127-Extra.csv","P:0.4/0.1/0.5/0",5818,5818,0,5818,0,1.0000,0.0000,1.0000,9391401.733667873,8196.963054314185,9399598.696722185,9399598.696722185,22436666.8900,0.000259307678,13115.140886902764,7510,0,1,0.0,1
"no_stress","MQT-Set03-7-127-AllOpt-IBMMapped-Only127-Extra.csv","P:0.4/0.2/0.4/0",5818,5818,0,5818,0,1.0000,0.0000,1.0000,8911041.278502852,8504.462521485057,8919545.741024338,8919545.741024338,20286320.270000003,0.00028679425,13607.140034376085,8777,0,1,0.0,1
"no_stress","MQT-Set03-7-127-AllOpt-IBMMapped-Only127-Extra.csv","P:0.4/0.3/0.3/0",5818,5818,0,5818,0,1.0000,0.0000,1.0000,8049677.775328231,9369.881631144695,8059047.6569593735,8059047.6569593735,17298070.6700,0.000336338087,14991.810609831535,7332,0,1,0.0,1
"no_stress","MQT-Set03-7-127-AllOpt-IBMMapped-Only127-Extra.csv","P:0.4/0.4/0.2/0",5818,5818,0,5818,0,1.0000,0.0000,1.0000,7707670.056026067,9952.810727053971,7717622.86675312,7717622.86675312,16314453.3200,0.000356616301,15924.49716328635,7841,0,1,0.0,1
"no_stress","MQT-Set03-7-127-AllOpt-IBMMapped-Only127-Extra.csv","P:0.4/0.5/0.1/0",5818,5818,0,5818,0,1.0000,0.0000,1.0000,7682641.882933912,10285.279621863188,7692927.162555776,7692927.162555776,17622685.6900,0.000330142641,16456.447394981104,7897,0,1,0.0,1
"no_stress","MQT-Set03-7-127-AllOpt-IBMMapped-Only127-Extra.csv","P:0.4/0.6/0.0/0",5818,5818,0,5818,0,1.0000,0.0000,1.0000,7475082.490551654,11180.843363698816,7486263.333915354,7486263.333915354,17296274.610000003,0.000336373013,17889.349381918193,8229,0,1,0.0,1
"no_stress","MQT-Set03-7-127-AllOpt-IBMMapped-Only127-Extra.csv","P:0.5/0.0/0.5/0",5818,5818,0,5818,0,1.0000,0.0000,1.0000,10014619.553518312,20456.286498796828,10035075.84001711,10035075.84001711,42962173.199999996,0.000135421455,32730.058398074973,8125,0,1,0.0,1
"no_stress","MQT-Set03-7-127-AllOpt-IBMMapped-Only127-Extra.csv","P:0.5/0.1/0.4/0",5818,5818,0,5818,0,1.0000,0.0000,1.0000,7012099.052557497,11210.444188724641,7023309.496746223,7023309.496746223,14794894.620000001,0.000393243761,17936.710701959408,8284,0,1,0.0,1
"no_stress","MQT-Set03-7-127-AllOpt-IBMMapped-Only127-Extra.csv","P:0.5/0.2/0.3/0",5818,5818,0,5818,0,1.0000,0.0000,1.0000,10014619.553518312,20456.286498796828,10035075.84001711,10035075.84001711,42962173.199999996,0.000135421455,32730.058398074973,7245,0,1,0.0,1
"no_stress","MQT-Set03-7-127-AllOpt-IBMMapped-Only127-Extra.csv","P:0.5/0.3/0.2/0",5818,5818,0,5818,0,1.0000,0.0000,1.0000,10014619.553518312,20456.286498796828,10035075.84001711,10035075.84001711,42962173.199999996,0.000135421455,32730.058398074973,8595,0,1,0.0,1
"no_stress","MQT-Set03-7-127-AllOpt-IBMMapped-Only127-Extra.csv","P:0.5/0.4/0.1/0",5818,5818,0,5818,0,1.0000,0.0000,1.0000,10014619.553518312,20456.286498796828,10035075.84001711,10035075.84001711,42962173.199999996,0.000135421455,32730.058398074973,8618,0,1,0.0,1
"no_stress","MQT-Set03-7-127-AllOpt-IBMMapped-Only127-Extra.csv","P:0.5/0.5/0.0/0",5818,5818,0,5818,0,1.0000,0.0000,1.0000,10014619.553518312,20456.286498796828,10035075.84001711,10035075.84001711,42962173.199999996,0.000135421455,32730.058398074973,8168,0,1,0.0,1
"no_stress","MQT-Set03-7-127-AllOpt-IBMMapped-Only127-Extra.csv","P:0.6/0.0/0.4/0",5818,5818,0,5818,0,1.0000,0.0000,1.0000,10014619.553518312,20456.286498796828,10035075.84001711,10035075.84001711,42962173.199999996,0.000135421455,32730.058398074973,8911,0,1,0.0,1
"no_stress","MQT-Set03-7-127-AllOpt-IBMMapped-Only127-Extra.csv","P:0.6/0.1/0.3/0",5818,5818,0,5818,0,1.0000,0.0000,1.0000,10014619.553518312,20456.286498796828,10035075.84001711,10035075.84001711,42962173.199999996,0.000135421455,32730.058398074973,7804,0,1,0.0,1
"no_stress","MQT-Set03-7-127-AllOpt-IBMMapped-Only127-Extra.csv","P:0.6/0.2/0.2/0",5818,5818,0,5818,0,1.0000,0.0000,1.0000,10014619.553518312,20456.286498796828,10035075.84001711,10035075.84001711,42962173.199999996,0.000135421455,32730.058398074973,7806,0,1,0.0,1
"no_stress","MQT-Set03-7-127-AllOpt-IBMMapped-Only127-Extra.csv","P:0.6/0.3/0.1/0",5818,5818,0,5818,0,1.0000,0.0000,1.0000,10014619.553518312,20456.286498796828,10035075.84001711,10035075.84001711,42962173.199999996,0.000135421455,32730.058398074973,8541,0,1,0.0,1
"no_stress","MQT-Set03-7-127-AllOpt-IBMMapped-Only127-Extra.csv","P:0.6/0.4/0.0/0",5818,5818,0,5818,0,1.0000,0.0000,1.0000,10014619.553518312,20456.286498796828,10035075.84001711,10035075.84001711,42962173.199999996,0.000135421455,32730.058398074973,7986,0,1,0.0,1
"no_stress","MQT-Set03-7-127-AllOpt-IBMMapped-Only127-Extra.csv","P:0.7/0.0/0.3/0",5818,5818,0,5818,0,1.0000,0.0000,1.0000,10014619.553518312,20456.286498796828,10035075.84001711,10035075.84001711,42962173.199999996,0.000135421455,32730.058398074973,7285,0,1,0.0,1
"no_stress","MQT-Set03-7-127-AllOpt-IBMMapped-Only127-Extra.csv","P:0.7/0.1/0.2/0",5818,5818,0,5818,0,1.0000,0.0000,1.0000,10014619.553518312,20456.286498796828,10035075.84001711,10035075.84001711,42962173.199999996,0.000135421455,32730.058398074973,7699,0,1,0.0,1
"no_stress","MQT-Set03-7-127-AllOpt-IBMMapped-Only127-Extra.csv","P:0.7/0.2/0.1/0",5818,5818,0,5818,0,1.0000,0.0000,1.0000,10014619.553518312,20456.286498796828,10035075.84001711,10035075.84001711,42962173.199999996,0.000135421455,32730.058398074973,9934,0,1,0.0,1
"no_stress","MQT-Set03-7-127-AllOpt-IBMMapped-Only127-Extra.csv","P:0.7/0.3/0.0/0",5818,5818,0,5818,0,1.0000,0.0000,1.0000,10014619.553518312,20456.286498796828,10035075.84001711,10035075.84001711,42962173.199999996,0.000135421455,32730.058398074973,7456,0,1,0.0,1
"no_stress","MQT-Set03-7-127-AllOpt-IBMMapped-Only127-Extra.csv","P:0.8/0.0/0.2/0",5818,5818,0,5818,0,1.0000,0.0000,1.0000,10014619.553518312,20456.286498796828,10035075.84001711,10035075.84001711,42962173.199999996,0.000135421455,32730.058398074973,7746,0,1,0.0,1
"no_stress","MQT-Set03-7-127-AllOpt-IBMMapped-Only127-Extra.csv","P:0.8/0.1/0.1/0",5818,5818,0,5818,0,1.0000,0.0000,1.0000,10014619.553518312,20456.286498796828,10035075.84001711,10035075.84001711,42962173.199999996,0.000135421455,32730.058398074973,7166,0,1,0.0,1
"no_stress","MQT-Set03-7-127-AllOpt-IBMMapped-Only127-Extra.csv","P:0.8/0.2/0.0/0",5818,5818,0,5818,0,1.0000,0.0000,1.0000,10014619.553518312,20456.286498796828,10035075.84001711,10035075.84001711,42962173.199999996,0.000135421455,32730.058398074973,6885,0,1,0.0,1
"no_stress","MQT-Set03-7-127-AllOpt-IBMMapped-Only127-Extra.csv","P:0.9/0.0/0.1/0",5818,5818,0,5818,0,1.0000,0.0000,1.0000,10014619.553518312,20456.286498796828,10035075.84001711,10035075.84001711,42962173.199999996,0.000135421455,32730.058398074973,7098,0,1,0.0,1
"no_stress","MQT-Set03-7-127-AllOpt-IBMMapped-Only127-Extra.csv","P:0.9/0.1/0.0/0",5818,5818,0,5818,0,1.0000,0.0000,1.0000,10014619.553518312,20456.286498796828,10035075.84001711,10035075.84001711,42962173.199999996,0.000135421455,32730.058398074973,7084,0,1,0.0,1
"no_stress","MQT-Set03-7-127-AllOpt-IBMMapped-Only127-Extra.csv","P:1.0/0.0/0.0/0",5818,5818,0,5818,0,1.0000,0.0000,1.0000,9494714.895369733,19803.261259883155,9514518.156629613,9514518.156629613,39901714.67999999,0.00014580827,31685.218015813047,7246,0,1,0.0,1
"no_stress","MQT-Set04-7-127-AllOpt-IBMMapped-Extra.csv","P:0.0/0.0/1.0/0",7315,7315,1497,5818,0,1.0000,0.204647983595,0.795352016405,15683987.20456867,5718.560731373891,15689705.765300043,15689705.765300043,38496488.5700,0.000190017331,9149.697170198217,7843,0,1,0.0,1
"no_stress","MQT-Set04-7-127-AllOpt-IBMMapped-Extra.csv","P:0.0/0.1/0.9/0",7315,7315,1497,5818,0,1.0000,0.204647983595,0.795352016405,15683987.20456867,5718.560731373891,15689705.765300043,15689705.765300043,38496488.5700,0.000190017331,9149.697170198217,8163,0,1,0.0,1
"no_stress","MQT-Set04-7-127-AllOpt-IBMMapped-Extra.csv","P:0.0/0.2/0.8/0",7315,7315,1497,5818,0,1.0000,0.204647983595,0.795352016405,15683987.20456867,5718.560731373891,15689705.765300043,15689705.765300043,38496488.5700,0.000190017331,9149.697170198217,8081,0,1,0.0,1
"no_stress","MQT-Set04-7-127-AllOpt-IBMMapped-Extra.csv","P:0.0/0.3/0.7/0",7315,7315,1497,5818,0,1.0000,0.204647983595,0.795352016405,15444291.842207586,5642.580519480523,15449934.422727067,15449934.422727067,38496488.5700,0.000190017331,9028.128831168851,7592,0,1,0.0,1
"no_stress","MQT-Set04-7-127-AllOpt-IBMMapped-Extra.csv","P:0.0/0.4/0.6/0",7315,7315,1497,5818,0,1.0000,0.204647983595,0.795352016405,15444291.842207586,5642.580519480523,15449934.422727067,15449934.422727067,38496488.5700,0.000190017331,9028.128831168851,7452,0,1,0.0,1
"no_stress","MQT-Set04-7-127-AllOpt-IBMMapped-Extra.csv","P:0.0/0.5/0.5/0",7315,7315,1497,5818,0,1.0000,0.204647983595,0.795352016405,15444291.842207586,5642.580519480523,15449934.422727067,15449934.422727067,38496488.5700,0.000190017331,9028.128831168851,7424,0,1,0.0,1
"no_stress","MQT-Set04-7-127-AllOpt-IBMMapped-Extra.csv","P:0.0/0.6/0.4/0",7315,7315,1497,5818,0,1.0000,0.204647983595,0.795352016405,15444291.842207586,5642.580519480523,15449934.422727067,15449934.422727067,38496488.5700,0.000190017331,9028.128831168851,8015,0,1,0.0,1
"no_stress","MQT-Set04-7-127-AllOpt-IBMMapped-Extra.csv","P:0.0/0.7/0.3/0",7315,7315,1497,5818,0,1.0000,0.204647983595,0.795352016405,15444291.842207586,5642.580519480523,15449934.422727067,15449934.422727067,38496488.5700,0.000190017331,9028.128831168851,7873,0,1,0.0,1
"no_stress","MQT-Set04-7-127-AllOpt-IBMMapped-Extra.csv","P:0.0/0.8/0.2/0",7315,7315,1497,5818,0,1.0000,0.204647983595,0.795352016405,15444291.842207586,5642.580519480523,15449934.422727067,15449934.422727067,38496488.5700,0.000190017331,9028.128831168851,7955,0,1,0.0,1
"no_stress","MQT-Set04-7-127-AllOpt-IBMMapped-Extra.csv","P:0.0/0.9/0.1/0",7315,7315,1497,5818,0,1.0000,0.204647983595,0.795352016405,15444291.842207586,5642.580519480523,15449934.422727067,15449934.422727067,38496488.5700,0.000190017331,9028.128831168851,7825,0,1,0.0,1
"no_stress","MQT-Set04-7-127-AllOpt-IBMMapped-Extra.csv","P:0.0/1.0/0.0/0",7315,7315,1497,5818,0,1.0000,0.204647983595,0.795352016405,15444291.842207586,5642.580519480523,15449934.422727067,15449934.422727067,38496488.5700,0.000190017331,9028.128831168851,7891,0,1,0.0,1
"no_stress","MQT-Set04-7-127-AllOpt-IBMMapped-Extra.csv","P:0.1/0.0/0.9/0",7315,7315,1497,5818,0,1.0000,0.204647983595,0.795352016405,15683987.20456867,5718.560731373891,15689705.765300043,15689705.765300043,38496488.5700,0.000190017331,9149.697170198217,7905,0,1,0.0,1
"no_stress","MQT-Set04-7-127-AllOpt-IBMMapped-Extra.csv","P:0.1/0.1/0.8/0",7315,7315,1497,5818,0,1.0000,0.204647983595,0.795352016405,15477980.143106444,5693.915655502376,15483674.058761947,15483674.058761947,38496488.5700,0.000190017331,9110.26504880383,7769,0,1,0.0,1
"no_stress","MQT-Set04-7-127-AllOpt-IBMMapped-Extra.csv","P:0.1/0.2/0.7/0",7315,7315,1497,5818,0,1.0000,0.204647983595,0.795352016405,15387295.897842549,5670.196451127833,15392966.094293674,15392966.094293674,38496488.5700,0.000190017331,9072.31432180449,8406,0,1,0.0,1
"no_stress","MQT-Set04-7-127-AllOpt-IBMMapped-Extra.csv","P:0.1/0.3/0.6/0",7315,7315,1497,5818,0,1.0000,0.204647983595,0.795352016405,15389721.331153508,5654.444419685579,15395375.775573194,15395375.775573194,38496488.5700,0.000190017331,9047.111071496938,8435,0,1,0.0,1
"no_stress","MQT-Set04-7-127-AllOpt-IBMMapped-Extra.csv","P:0.1/0.4/0.5/0",7315,7315,1497,5818,0,1.0000,0.204647983595,0.795352016405,15438507.182837768,5642.692306220096,15444149.875143988,15444149.875143988,38496488.5700,0.000190017331,9028.307689952166,8307,0,1,0.0,1
"no_stress","MQT-Set04-7-127-AllOpt-IBMMapped-Extra.csv","P:0.1/0.5/0.4/0",7315,7315,1497,5818,0,1.0000,0.204647983595,0.795352016405,15442850.960475504,5642.607306903621,15448493.567782408,15448493.567782408,38496488.5700,0.000190017331,9028.171691045809,9117,0,1,0.0,1
"no_stress","MQT-Set04-7-127-AllOpt-IBMMapped-Extra.csv","P:0.1/0.6/0.3/0",7315,7315,1497,5818,0,1.0000,0.204647983595,0.795352016405,15444291.842207586,5642.580519480523,15449934.422727067,15449934.422727067,38496488.5700,0.000190017331,9028.128831168851,8147,0,1,0.0,1
"no_stress","MQT-Set04-7-127-AllOpt-IBMMapped-Extra.csv","P:0.1/0.7/0.2/0",7315,7315,1497,5818,0,1.0000,0.204647983595,0.795352016405,15444291.842207586,5642.580519480523,15449934.422727067,15449934.422727067,38496488.5700,0.000190017331,9028.128831168851,8199,0,1,0.0,1
"no_stress","MQT-Set04-7-127-AllOpt-IBMMapped-Extra.csv","P:0.1/0.8/0.1/0",7315,7315,1497,5818,0,1.0000,0.204647983595,0.795352016405,14457125.83987676,5718.723971291866,14462844.563848052,14462844.563848052,37104015.5000,0.000197148473,9149.958354067016,8584,0,1,0.0,1
"no_stress","MQT-Set04-7-127-AllOpt-IBMMapped-Extra.csv","P:0.1/0.9/0.0/0",7315,7315,1497,5818,0,1.0000,0.204647983595,0.795352016405,10271320.838407202,6116.781498291152,10277437.619905494,10277437.619905494,29824537.2300,0.000245267846,9786.850397265915,7913,0,1,0.0,1
"no_stress","MQT-Set04-7-127-AllOpt-IBMMapped-Extra.csv","P:0.2/0.0/0.8/0",7315,7315,1497,5818,0,1.0000,0.204647983595,0.795352016405,15349670.405297803,5689.438146274764,15355359.843444077,15355359.843444077,38496488.5700,0.000190017331,9103.10103403965,8448,0,1,0.0,1
"no_stress","MQT-Set04-7-127-AllOpt-IBMMapped-Extra.csv","P:0.2/0.1/0.7/0",7315,7315,1497,5818,0,1.0000,0.204647983595,0.795352016405,15347042.734979954,5675.667182501706,15352718.402162453,15352718.402162453,38496488.5700,0.000190017331,9081.067492002736,8811,0,1,0.0,1
"no_stress","MQT-Set04-7-127-AllOpt-IBMMapped-Extra.csv","P:0.2/0.2/0.6/0",7315,7315,1497,5818,0,1.0000,0.204647983595,0.795352016405,15349106.897702375,5683.763503759397,15354790.661206136,15354790.661206136,38496488.5700,0.000190017331,9094.02160601505,8575,0,1,0.0,1
"no_stress","MQT-Set04-7-127-AllOpt-IBMMapped-Extra.csv","P:0.2/0.3/0.5/0",7315,7315,1497,5818,0,1.0000,0.204647983595,0.795352016405,15375113.789413314,5652.559148325347,15380766.34856164,15380766.34856164,38496488.5700,0.000190017331,9044.094637320555,8446,0,1,0.0,1
"no_stress","MQT-Set04-7-127-AllOpt-IBMMapped-Extra.csv","P:0.2/0.4/0.4/0",7315,7315,1497,5818,0,1.0000,0.204647983595,0.795352016405,12812159.847398277,5836.994735475053,12817996.842133753,12817996.842133753,35067901.2100,0.000208595318,9339.191576760093,8197,0,1,0.0,1
"no_stress","MQT-Set04-7-127-AllOpt-IBMMapped-Extra.csv","P:0.2/0.5/0.3/0",7315,7315,1497,5818,0,1.0000,0.204647983595,0.795352016405,10538002.747157672,6100.630341763489,10544103.377499437,10544103.377499437,30190687.6200,0.000242293256,9761.008546821622,8248,0,1,0.0,1
"no_stress","MQT-Set04-7-127-AllOpt-IBMMapped-Extra.csv","P:0.2/0.6/0.2/0",7315,7315,1497,5818,0,1.0000,0.204647983595,0.795352016405,9619470.548952788,6243.936904989754,9625714.485857777,9625714.485857777,27590698.0500,0.000265125586,9990.299047983633,7927,0,1,0.0,1
"no_stress","MQT-Set04-7-127-AllOpt-IBMMapped-Extra.csv","P:0.2/0.7/0.1/0",7315,7315,1497,5818,0,1.0000,0.204647983595,0.795352016405,8645751.23351991,6531.325907040333,8652282.55942695,8652282.55942695,23854589.5900,0.000306649585,10450.121451264524,8562,0,1,0.0,1
"no_stress","MQT-Set04-7-127-AllOpt-IBMMapped-Extra.csv","P:0.2/0.8/0.0/0",7315,7315,1497,5818,0,1.0000,0.204647983595,0.795352016405,7389923.708750232,7058.811283663696,7396982.520033896,7396982.520033896,19757231.2900,0.000370244185,11294.09805386196,8482,0,1,0.0,1
"no_stress","MQT-Set04-7-127-AllOpt-IBMMapped-Extra.csv","P:0.3/0.0/0.7/0",7315,7315,1497,5818,0,1.0000,0.204647983595,0.795352016405,12119878.113434507,5947.424962405985,12125825.538396912,12125825.538396912,33778555.2900,0.000216557515,9515.879939849607,7319,0,1,0.0,1
"no_stress","MQT-Set04-7-127-AllOpt-IBMMapped-Extra.csv","P:0.3/0.1/0.6/0",7315,7315,1497,5818,0,1.0000,0.204647983595,0.795352016405,10929576.975540496,6059.839613123685,10935636.815153617,10935636.815153617,31470935.1900,0.00023243669,9695.743380997956,7242,0,1,0.0,1
"no_stress","MQT-Set04-7-127-AllOpt-IBMMapped-Extra.csv","P:0.3/0.2/0.5/0",7315,7315,1497,5818,0,1.0000,0.204647983595,0.795352016405,9957799.220365567,6211.719123718361,9964010.939489286,9964010.939489286,28841499.3300,0.000253627591,9938.750597949465,7321,0,1,0.0,1
"no_stress","MQT-Set04-7-127-AllOpt-IBMMapped-Extra.csv","P:0.3/0.3/0.4/0",7315,7315,1497,5818,0,1.0000,0.204647983595,0.795352016405,9251644.539527332,6366.215084073781,9258010.754611408,9258010.754611408,26522196.7000,0.000275806717,10185.944134518151,7323,0,1,0.0,1
"no_stress","MQT-Set04-7-127-AllOpt-IBMMapped-Extra.csv","P:0.3/0.4/0.3/0",7315,7315,1497,5818,0,1.0000,0.204647983595,0.795352016405,7754999.192994905,6854.623835953535,7761853.816830859,7761853.816830859,22530582.8300,0.000324669808,10967.398137525677,7210,0,1,0.0,1
"no_stress","MQT-Set04-7-127-AllOpt-IBMMapped-Extra.csv","P:0.3/0.5/0.2/0",7315,7315,1497,5818,0,1.0000,0.204647983595,0.795352016405,7285122.45638386,7095.78694463429,7292218.243328497,7292218.243328497,20075767.9700,0.000364369623,11353.25911141488,7162,0,1,0.0,1
"no_stress","MQT-Set04-7-127-AllOpt-IBMMapped-Extra.csv","P:0.3/0.6/0.1/0",7315,7315,1497,5818,0,1.0000,0.204647983595,0.795352016405,7045950.078137809,7414.341881066306,7053364.420018876,7053364.420018876,18639446.3600,0.000392447279,11862.94700970609,7191,0,1,0.0,1
"no_stress","MQT-Set04-7-127-AllOpt-IBMMapped-Extra.csv","P:0.3/0.7/0.0/0",7315,7315,1497,5818,0,1.0000,0.204647983595,0.795352016405,6644632.2460448565,7874.138985645945,6652506.385030502,6652506.385030502,17763302.7200,0.00041180405,12598.622377033502,7128,0,1,0.0,1
"no_stress","MQT-Set04-7-127-AllOpt-IBMMapped-Extra.csv","P:0.4/0.0/0.6/0",7315,7315,1497,5818,0,1.0000,0.204647983595,0.795352016405,8269041.820163053,6678.675782638394,8275720.495945694,8275720.495945694,24144603.3300,0.000302966253,10685.881252221485,7155,0,1,0.0,1
"no_stress","MQT-Set04-7-127-AllOpt-IBMMapped-Extra.csv","P:0.4/0.1/0.5/0",7315,7315,1497,5818,0,1.0000,0.204647983595,0.795352016405,7543252.635968271,6932.460414217348,7550185.0963824885,7550185.0963824885,22436666.9000,0.000326028818,11091.936662747834,7345,0,1,0.0,1
"no_stress","MQT-Set04-7-127-AllOpt-IBMMapped-Extra.csv","P:0.4/0.2/0.4/0",7315,7315,1497,5818,0,1.0000,0.204647983595,0.795352016405,7163261.142074152,7185.127056732749,7170446.269130886,7170446.269130886,20286320.2800,0.00036058782,11496.203290772422,7400,0,1,0.0,1
"no_stress","MQT-Set04-7-127-AllOpt-IBMMapped-Extra.csv","P:0.4/0.3/0.3/0",7315,7315,1497,5818,0,1.0000,0.204647983595,0.795352016405,6477340.498089191,7871.361782638392,6485211.859871829,6485211.859871829,17298070.6800,0.00042287953,12594.17885222147,7300,0,1,0.0,1
"no_stress","MQT-Set04-7-127-AllOpt-IBMMapped-Extra.csv","P:0.4/0.4/0.2/0",7315,7315,1497,5818,0,1.0000,0.204647983595,0.795352016405,6205323.96891626,8334.995614490776,6213658.964530751,6213658.964530751,16314453.3300,0.000448375428,13335.992983185259,8673,0,1,0.0,1
"no_stress","MQT-Set04-7-127-AllOpt-IBMMapped-Extra.csv","P:0.4/0.5/0.1/0",7315,7315,1497,5818,0,1.0000,0.204647983595,0.795352016405,6216121.72019655,8565.643331510597,6224687.363528061,6224687.363528061,17622685.7000,0.000415089966,13705.02933041697,7556,0,1,0.0,1
"no_stress","MQT-Set04-7-127-AllOpt-IBMMapped-Extra.csv","P:0.4/0.6/0.0/0",7315,7315,1497,5818,0,1.0000,0.204647983595,0.795352016405,6051082.738687332,9280.52063568009,6060363.259323012,6060363.259323012,17296274.6200,0.000422923442,14848.833017088196,7421,0,1,0.0,1
"no_stress","MQT-Set04-7-127-AllOpt-IBMMapped-Extra.csv","P:0.5/0.0/0.5/0",7315,7315,1497,5818,0,1.0000,0.204647983595,0.795352016405,8041557.855963478,16696.708999316445,8058254.564962797,8058254.564962797,42962173.2100,0.000170266061,26714.734398906447,7329,0,1,0.0,1
"no_stress","MQT-Set04-7-127-AllOpt-IBMMapped-Extra.csv","P:0.5/0.1/0.4/0",7315,7315,1497,5818,0,1.0000,0.204647983595,0.795352016405,5650869.450910149,9329.238710868041,5660198.689621018,5660198.689621018,14794894.6300,0.000494427313,14926.781937388923,8221,0,1,0.0,1
"no_stress","MQT-Set04-7-127-AllOpt-IBMMapped-Extra.csv","P:0.5/0.2/0.3/0",7315,7315,1497,5818,0,1.0000,0.204647983595,0.795352016405,8040160.9034904055,16688.956248803792,8056849.859739211,8056849.859739211,42962173.2100,0.000170266061,26702.329998086127,9470,0,1,0.0,1
"no_stress","MQT-Set04-7-127-AllOpt-IBMMapped-Extra.csv","P:0.5/0.3/0.2/0",7315,7315,1497,5818,0,1.0000,0.204647983595,0.795352016405,8040160.9034904055,16688.956248803792,8056849.859739211,8056849.859739211,42962173.2100,0.000170266061,26702.329998086127,9385,0,1,0.0,1
"no_stress","MQT-Set04-7-127-AllOpt-IBMMapped-Extra.csv","P:0.5/0.4/0.1/0",7315,7315,1497,5818,0,1.0000,0.204647983595,0.795352016405,8040160.9034904055,16688.956248803792,8056849.859739211,8056849.859739211,42962173.2100,0.000170266061,26702.329998086127,9761,0,1,0.0,1
"no_stress","MQT-Set04-7-127-AllOpt-IBMMapped-Extra.csv","P:0.5/0.5/0.0/0",7315,7315,1497,5818,0,1.0000,0.204647983595,0.795352016405,8040160.9034904055,16688.956248803792,8056849.859739211,8056849.859739211,42962173.2100,0.000170266061,26702.329998086127,9653,0,1,0.0,1
"no_stress","MQT-Set04-7-127-AllOpt-IBMMapped-Extra.csv","P:0.6/0.0/0.4/0",7315,7315,1497,5818,0,1.0000,0.204647983595,0.795352016405,8041557.855963478,16696.708999316445,8058254.564962797,8058254.564962797,42962173.2100,0.000170266061,26714.734398906447,8796,0,1,0.0,1
"no_stress","MQT-Set04-7-127-AllOpt-IBMMapped-Extra.csv","P:0.6/0.1/0.3/0",7315,7315,1497,5818,0,1.0000,0.204647983595,0.795352016405,8040994.348368062,16691.034356801043,8057685.3827248635,8057685.3827248635,42962173.2100,0.000170266061,26705.654970881787,7400,0,1,0.0,1
"no_stress","MQT-Set04-7-127-AllOpt-IBMMapped-Extra.csv","P:0.6/0.2/0.2/0",7315,7315,1497,5818,0,1.0000,0.204647983595,0.795352016405,8040160.9034904055,16688.956248803792,8056849.859739211,8056849.859739211,42962173.2100,0.000170266061,26702.329998086127,7119,0,1,0.0,1
"no_stress","MQT-Set04-7-127-AllOpt-IBMMapped-Extra.csv","P:0.6/0.3/0.1/0",7315,7315,1497,5818,0,1.0000,0.204647983595,0.795352016405,8040160.9034904055,16688.956248803792,8056849.859739211,8056849.859739211,42962173.2100,0.000170266061,26702.329998086127,7059,0,1,0.0,1
"no_stress","MQT-Set04-7-127-AllOpt-IBMMapped-Extra.csv","P:0.6/0.4/0.0/0",7315,7315,1497,5818,0,1.0000,0.204647983595,0.795352016405,8040160.9034904055,16688.956248803792,8056849.859739211,8056849.859739211,42962173.2100,0.000170266061,26702.329998086127,7003,0,1,0.0,1
"no_stress","MQT-Set04-7-127-AllOpt-IBMMapped-Extra.csv","P:0.7/0.0/0.3/0",7315,7315,1497,5818,0,1.0000,0.204647983595,0.795352016405,8041557.855963478,16696.708999316445,8058254.564962797,8058254.564962797,42962173.2100,0.000170266061,26714.734398906447,7146,0,1,0.0,1
"no_stress","MQT-Set04-7-127-AllOpt-IBMMapped-Extra.csv","P:0.7/0.1/0.2/0",7315,7315,1497,5818,0,1.0000,0.204647983595,0.795352016405,8040994.348368062,16691.034356801043,8057685.3827248635,8057685.3827248635,42962173.2100,0.000170266061,26705.654970881787,7012,0,1,0.0,1
"no_stress","MQT-Set04-7-127-AllOpt-IBMMapped-Extra.csv","P:0.7/0.2/0.1/0",7315,7315,1497,5818,0,1.0000,0.204647983595,0.795352016405,8040160.9034904055,16688.956248803792,8056849.859739211,8056849.859739211,42962173.2100,0.000170266061,26702.329998086127,7274,0,1,0.0,1
"no_stress","MQT-Set04-7-127-AllOpt-IBMMapped-Extra.csv","P:0.7/0.3/0.0/0",7315,7315,1497,5818,0,1.0000,0.204647983595,0.795352016405,8040160.9034904055,16688.956248803792,8056849.859739211,8056849.859739211,42962173.2100,0.000170266061,26702.329998086127,7291,0,1,0.0,1
"no_stress","MQT-Set04-7-127-AllOpt-IBMMapped-Extra.csv","P:0.8/0.0/0.2/0",7315,7315,1497,5818,0,1.0000,0.204647983595,0.795352016405,8041557.855963478,16696.708999316445,8058254.564962797,8058254.564962797,42962173.2100,0.000170266061,26714.734398906447,7628,0,1,0.0,1
"no_stress","MQT-Set04-7-127-AllOpt-IBMMapped-Extra.csv","P:0.8/0.1/0.1/0",7315,7315,1497,5818,0,1.0000,0.204647983595,0.795352016405,8040160.9034904055,16688.956248803792,8056849.859739211,8056849.859739211,42962173.2100,0.000170266061,26702.329998086127,7110,0,1,0.0,1
"no_stress","MQT-Set04-7-127-AllOpt-IBMMapped-Extra.csv","P:0.8/0.2/0.0/0",7315,7315,1497,5818,0,1.0000,0.204647983595,0.795352016405,8040160.9034904055,16688.956248803792,8056849.859739211,8056849.859739211,42962173.2100,0.000170266061,26702.329998086127,7191,0,1,0.0,1
"no_stress","MQT-Set04-7-127-AllOpt-IBMMapped-Extra.csv","P:0.9/0.0/0.1/0",7315,7315,1497,5818,0,1.0000,0.204647983595,0.795352016405,8041557.855963478,16696.708999316445,8058254.564962797,8058254.564962797,42962173.2100,0.000170266061,26714.734398906447,7058,0,1,0.0,1
"no_stress","MQT-Set04-7-127-AllOpt-IBMMapped-Extra.csv","P:0.9/0.1/0.0/0",7315,7315,1497,5818,0,1.0000,0.204647983595,0.795352016405,8040160.9034904055,16688.956248803792,8056849.859739211,8056849.859739211,42962173.2100,0.000170266061,26702.329998086127,7055,0,1,0.0,1
"no_stress","MQT-Set04-7-127-AllOpt-IBMMapped-Extra.csv","P:1.0/0.0/0.0/0",7315,7315,1497,5818,0,1.0000,0.204647983595,0.795352016405,7627413.678276818,16174.145856459349,7643587.824133275,7643587.824133275,39901714.6900,0.000183325455,25878.633370334966,6964,0,1,0.0,1
"stress","MQT-Set01-298-10-27-IBMQ27-Opt3-Extra.csv","P:0.0/0.0/1.0/0",298,298,298,0,0,1.0000,1.0000,0.0000,283704.548624161,1746.891543624161,285451.4401677852,285451.4401677852,520573.6800,0.000572445384,2795.026469798658,28,0,1,0.0,1
"stress","MQT-Set01-298-10-27-IBMQ27-Opt3-Extra.csv","P:0.0/0.1/0.9/0",298,298,298,0,0,1.0000,1.0000,0.0000,283704.548624161,1746.891543624161,285451.4401677852,285451.4401677852,520573.6800,0.000572445384,2795.026469798658,32,0,1,0.0,1
"stress","MQT-Set01-298-10-27-IBMQ27-Opt3-Extra.csv","P:0.0/0.2/0.8/0",298,298,298,0,0,1.0000,1.0000,0.0000,283704.548624161,1746.891543624161,285451.4401677852,285451.4401677852,520573.6800,0.000572445384,2795.026469798658,35,0,1,0.0,1
"stress","MQT-Set01-298-10-27-IBMQ27-Opt3-Extra.csv","P:0.0/0.3/0.7/0",298,298,298,0,0,1.0000,1.0000,0.0000,117795.35419463087,1455.743758389261,119251.09795302016,119251.09795302016,247297.2100,0.001205027748,2329.19001342282,31,0,1,0.0,1
"stress","MQT-Set01-298-10-27-IBMQ27-Opt3-Extra.csv","P:0.0/0.4/0.6/0",298,298,298,0,0,1.0000,1.0000,0.0000,117795.35419463087,1455.743758389261,119251.09795302016,119251.09795302016,247297.2100,0.001205027748,2329.19001342282,31,0,1,0.0,1
"stress","MQT-Set01-298-10-27-IBMQ27-Opt3-Extra.csv","P:0.0/0.5/0.5/0",298,298,298,0,0,1.0000,1.0000,0.0000,117795.35419463087,1455.743758389261,119251.09795302016,119251.09795302016,247297.2100,0.001205027748,2329.19001342282,32,0,1,0.0,1
"stress","MQT-Set01-298-10-27-IBMQ27-Opt3-Extra.csv","P:0.0/0.6/0.4/0",298,298,298,0,0,1.0000,1.0000,0.0000,117795.35419463087,1455.743758389261,119251.09795302016,119251.09795302016,247297.2100,0.001205027748,2329.19001342282,31,0,1,0.0,1
"stress","MQT-Set01-298-10-27-IBMQ27-Opt3-Extra.csv","P:0.0/0.7/0.3/0",298,298,298,0,0,1.0000,1.0000,0.0000,117795.35419463087,1455.743758389261,119251.09795302016,119251.09795302016,247297.2100,0.001205027748,2329.19001342282,18,0,1,0.0,1
"stress","MQT-Set01-298-10-27-IBMQ27-Opt3-Extra.csv","P:0.0/0.8/0.2/0",298,298,298,0,0,1.0000,1.0000,0.0000,117795.35419463087,1455.743758389261,119251.09795302016,119251.09795302016,247297.2100,0.001205027748,2329.19001342282,27,0,1,0.0,1
"stress","MQT-Set01-298-10-27-IBMQ27-Opt3-Extra.csv","P:0.0/0.9/0.1/0",298,298,298,0,0,1.0000,1.0000,0.0000,117795.35419463087,1455.743758389261,119251.09795302016,119251.09795302016,247297.2100,0.001205027748,2329.19001342282,37,0,1,0.0,1
"stress","MQT-Set01-298-10-27-IBMQ27-Opt3-Extra.csv","P:0.0/1.0/0.0/0",298,298,298,0,0,1.0000,1.0000,0.0000,117795.35419463087,1455.743758389261,119251.09795302016,119251.09795302016,247297.2100,0.001205027748,2329.19001342282,25,0,1,0.0,1
"stress","MQT-Set01-298-10-27-IBMQ27-Opt3-Extra.csv","P:0.1/0.0/0.9/0",298,298,298,0,0,1.0000,1.0000,0.0000,283704.548624161,1746.891543624161,285451.4401677852,285451.4401677852,520573.6800,0.000572445384,2795.026469798658,36,0,1,0.0,1
"stress","MQT-Set01-298-10-27-IBMQ27-Opt3-Extra.csv","P:0.1/0.1/0.8/0",298,298,298,0,0,1.0000,1.0000,0.0000,116854.41501957492,1636.250637583893,118490.66565715884,118490.66565715884,322747.1700,0.000923323356,2618.001020134228,48,0,1,0.0,1
"stress","MQT-Set01-298-10-27-IBMQ27-Opt3-Extra.csv","P:0.1/0.2/0.7/0",298,298,298,0,0,1.0000,1.0000,0.0000,78282.62119798659,1544.962885906042,79827.58408389262,79827.58408389262,158765.9100,0.001876977243,2471.940617449666,45,0,1,0.0,1
"stress","MQT-Set01-298-10-27-IBMQ27-Opt3-Extra.csv","P:0.1/0.3/0.6/0",298,298,298,0,0,1.0000,1.0000,0.0000,83257.9074060403,1509.913288590604,84767.82069463094,84767.82069463094,199452.4700,0.001494090296,2415.861261744966,32,0,1,0.0,1
"stress","MQT-Set01-298-10-27-IBMQ27-Opt3-Extra.csv","P:0.1/0.4/0.5/0",298,298,298,0,0,1.0000,1.0000,0.0000,111875.27446308726,1457.931308724832,113333.20577181208,113333.20577181208,236330.1200,0.001260948033,2332.690093959733,32,0,1,0.0,1
"stress","MQT-Set01-298-10-27-IBMQ27-Opt3-Extra.csv","P:0.1/0.5/0.4/0",298,298,298,0,0,1.0000,1.0000,0.0000,116656.57671140942,1455.878087248321,118112.45479865772,118112.45479865772,224892.1200,0.001325079776,2329.404939597317,29,0,1,0.0,1
"stress","MQT-Set01-298-10-27-IBMQ27-Opt3-Extra.csv","P:0.1/0.6/0.3/0",298,298,298,0,0,1.0000,1.0000,0.0000,117795.35419463087,1455.743758389261,119251.09795302016,119251.09795302016,247297.2100,0.001205027748,2329.19001342282,32,0,1,0.0,1
"stress","MQT-Set01-298-10-27-IBMQ27-Opt3-Extra.csv","P:0.1/0.7/0.2/0",298,298,298,0,0,1.0000,1.0000,0.0000,117795.35419463087,1455.743758389261,119251.09795302016,119251.09795302016,247297.2100,0.001205027748,2329.19001342282,32,0,1,0.0,1
"stress","MQT-Set01-298-10-27-IBMQ27-Opt3-Extra.csv","P:0.1/0.8/0.1/0",298,298,298,0,0,1.0000,1.0000,0.0000,117795.35419463087,1455.743758389261,119251.09795302016,119251.09795302016,247297.2100,0.001205027748,2329.19001342282,31,0,1,0.0,1
"stress","MQT-Set01-298-10-27-IBMQ27-Opt3-Extra.csv","P:0.1/0.9/0.0/0",298,298,298,0,0,1.0000,1.0000,0.0000,117795.35419463087,1455.743758389261,119251.09795302016,119251.09795302016,247297.2100,0.001205027748,2329.19001342282,33,0,1,0.0,1
"stress","MQT-Set01-298-10-27-IBMQ27-Opt3-Extra.csv","P:0.2/0.0/0.8/0",298,298,298,0,0,1.0000,1.0000,0.0000,55735.0008920582,1736.023758389262,57471.024650447456,57471.024650447456,290883.4100,0.001024465438,2777.638013422816,25,0,1,0.0,1
"stress","MQT-Set01-298-10-27-IBMQ27-Opt3-Extra.csv","P:0.2/0.1/0.7/0",298,298,298,0,0,1.0000,1.0000,0.0000,52847.279214205795,1666.50177852349,54513.78099272929,54513.78099272929,227647.9500,0.001309038803,2666.402845637583,47,0,1,0.0,1
"stress","MQT-Set01-298-10-27-IBMQ27-Opt3-Extra.csv","P:0.2/0.2/0.6/0",298,298,298,0,0,1.0000,1.0000,0.0000,52830.663546979864,1665.566040268456,54496.22958724833,54496.22958724833,227647.9600,0.001309038746,2664.905664429531,34,0,1,0.0,1
"stress","MQT-Set01-298-10-27-IBMQ27-Opt3-Extra.csv","P:0.2/0.3/0.5/0",298,298,298,0,0,1.0000,1.0000,0.0000,66528.00906040268,1500.059194630873,68028.06825503356,68028.06825503356,169848.0600,0.001754509295,2400.094711409395,24,0,1,0.0,1
"stress","MQT-Set01-298-10-27-IBMQ27-Opt3-Extra.csv","P:0.2/0.4/0.4/0",298,298,298,0,0,1.0000,1.0000,0.0000,79053.40201342279,1471.728758389263,80525.13077181208,80525.13077181208,187319.2200,0.001590867184,2354.76601342282,26,0,1,0.0,1
"stress","MQT-Set01-298-10-27-IBMQ27-Opt3-Extra.csv","P:0.2/0.5/0.3/0",298,298,298,0,0,1.0000,1.0000,0.0000,83574.21030201341,1469.371409395974,85043.58171140938,85043.58171140938,203297.8500,0.00146582957,2350.994255033557,36,0,1,0.0,1
"stress","MQT-Set01-298-10-27-IBMQ27-Opt3-Extra.csv","P:0.2/0.6/0.2/0",298,298,298,0,0,1.0000,1.0000,0.0000,78891.22067114092,1473.587516778523,80364.80818791947,80364.80818791947,176830.97999999998,0.001685225066,2357.740026845639,34,0,1,0.0,1
"stress","MQT-Set01-298-10-27-IBMQ27-Opt3-Extra.csv","P:0.2/0.7/0.1/0",298,298,298,0,0,1.0000,1.0000,0.0000,92289.84885906042,1458.830033557048,93748.67889261746,93748.67889261746,245166.81999999998,0.0012154989,2334.128053691275,31,0,1,0.0,1
"stress","MQT-Set01-298-10-27-IBMQ27-Opt3-Extra.csv","P:0.2/0.8/0.0/0",298,298,298,0,0,1.0000,1.0000,0.0000,84215.06751677855,1471.301510067114,85686.36902684567,85686.36902684567,195352.1800,0.001525450087,2354.082416107383,33,0,1,0.0,1
"stress","MQT-Set01-298-10-27-IBMQ27-Opt3-Extra.csv","P:0.3/0.0/0.7/0",298,298,298,0,0,1.0000,1.0000,0.0000,55735.0008920582,1736.023758389262,57471.024650447456,57471.024650447456,290883.4100,0.001024465438,2777.638013422816,36,0,1,0.0,1
"stress","MQT-Set01-298-10-27-IBMQ27-Opt3-Extra.csv","P:0.3/0.1/0.6/0",298,298,298,0,0,1.0000,1.0000,0.0000,52847.279214205795,1666.50177852349,54513.78099272929,54513.78099272929,227647.9500,0.001309038803,2666.402845637583,16,0,1,0.0,1
"stress","MQT-Set01-298-10-27-IBMQ27-Opt3-Extra.csv","P:0.3/0.2/0.5/0",298,298,298,0,0,1.0000,1.0000,0.0000,52830.663546979864,1665.566040268456,54496.22958724833,54496.22958724833,227647.9600,0.001309038746,2664.905664429531,31,0,1,0.0,1
"stress","MQT-Set01-298-10-27-IBMQ27-Opt3-Extra.csv","P:0.3/0.3/0.4/0",298,298,298,0,0,1.0000,1.0000,0.0000,56461.128288590604,1769.265704697987,58230.39399328859,58230.39399328859,261795.09999999998,0.001138294796,2830.825127516779,31,0,1,0.0,1
"stress","MQT-Set01-298-10-27-IBMQ27-Opt3-Extra.csv","P:0.3/0.4/0.3/0",298,298,298,0,0,1.0000,1.0000,0.0000,68457.4762080537,1496.809865771813,69954.28607382551,69954.28607382551,187954.5300,0.001585489852,2394.895785234899,44,0,1,0.0,1
"stress","MQT-Set01-298-10-27-IBMQ27-Opt3-Extra.csv","P:0.3/0.5/0.2/0",298,298,298,0,0,1.0000,1.0000,0.0000,78804.83570469801,1471.670671140939,80276.50637583894,80276.50637583894,235713.6100,0.001264246048,2354.673073825504,33,0,1,0.0,1
"stress","MQT-Set01-298-10-27-IBMQ27-Opt3-Extra.csv","P:0.3/0.6/0.1/0",298,298,298,0,0,1.0000,1.0000,0.0000,80715.06731543619,1473.209630872485,82188.27694630867,82188.27694630867,196924.0600,0.001513273695,2357.135409395974,33,0,1,0.0,1
"stress","MQT-Set01-298-10-27-IBMQ27-Opt3-Extra.csv","P:0.3/0.7/0.0/0",298,298,298,0,0,1.0000,1.0000,0.0000,82146.15986577181,1470.183020134229,83616.34288590602,83616.34288590602,182660.9900,0.001631437561,2352.292832214765,17,0,1,0.0,1
"stress","MQT-Set01-298-10-27-IBMQ27-Opt3-Extra.csv","P:0.4/0.0/0.6/0",298,298,298,0,0,1.0000,1.0000,0.0000,55735.0008920582,1736.023758389262,57471.024650447456,57471.024650447456,290883.4100,0.001024465438,2777.638013422816,16,0,1,0.0,1
"stress","MQT-Set01-298-10-27-IBMQ27-Opt3-Extra.csv","P:0.4/0.1/0.5/0",298,298,298,0,0,1.0000,1.0000,0.0000,52847.279214205795,1666.50177852349,54513.78099272929,54513.78099272929,227647.9500,0.001309038803,2666.402845637583,23,0,1,0.0,1
"stress","MQT-Set01-298-10-27-IBMQ27-Opt3-Extra.csv","P:0.4/0.2/0.4/0",298,298,298,0,0,1.0000,1.0000,0.0000,52830.663546979864,1665.566040268456,54496.22958724833,54496.22958724833,227647.9600,0.001309038746,2664.905664429531,16,0,1,0.0,1
"stress","MQT-Set01-298-10-27-IBMQ27-Opt3-Extra.csv","P:0.4/0.3/0.3/0",298,298,298,0,0,1.0000,1.0000,0.0000,56461.128288590604,1769.265704697987,58230.39399328859,58230.39399328859,261795.09999999998,0.001138294796,2830.825127516779,27,0,1,0.0,1
"stress","MQT-Set01-298-10-27-IBMQ27-Opt3-Extra.csv","P:0.4/0.4/0.2/0",298,298,298,0,0,1.0000,1.0000,0.0000,56461.128288590604,1769.265704697987,58230.39399328859,58230.39399328859,261795.09999999998,0.001138294796,2830.825127516779,47,0,1,0.0,1
"stress","MQT-Set01-298-10-27-IBMQ27-Opt3-Extra.csv","P:0.4/0.5/0.1/0",298,298,298,0,0,1.0000,1.0000,0.0000,71998.64966442954,1488.842651006711,73487.49231543625,73487.49231543625,219379.7700,0.001358375022,2382.148241610738,16,0,1,0.0,1
"stress","MQT-Set01-298-10-27-IBMQ27-Opt3-Extra.csv","P:0.4/0.6/0.0/0",298,298,298,0,0,1.0000,1.0000,0.0000,73112.02838926177,1488.180503355704,74600.20889261749,74600.20889261749,175851.2500,0.001694614056,2381.088805369128,26,0,1,0.0,1
"stress","MQT-Set01-298-10-27-IBMQ27-Opt3-Extra.csv","P:0.5/0.0/0.5/0",298,298,298,0,0,1.0000,1.0000,0.0000,55735.0008920582,1736.023758389262,57471.024650447456,57471.024650447456,290883.4100,0.001024465438,2777.638013422816,30,0,1,0.0,1
"stress","MQT-Set01-298-10-27-IBMQ27-Opt3-Extra.csv","P:0.5/0.1/0.4/0",298,298,298,0,0,1.0000,1.0000,0.0000,52847.279214205795,1666.50177852349,54513.78099272929,54513.78099272929,227647.9500,0.001309038803,2666.402845637583,33,0,1,0.0,1
"stress","MQT-Set01-298-10-27-IBMQ27-Opt3-Extra.csv","P:0.5/0.2/0.3/0",298,298,298,0,0,1.0000,1.0000,0.0000,56461.128288590604,1769.265704697987,58230.39399328859,58230.39399328859,261795.09999999998,0.001138294796,2830.825127516779,30,0,1,0.0,1
"stress","MQT-Set01-298-10-27-IBMQ27-Opt3-Extra.csv","P:0.5/0.3/0.2/0",298,298,298,0,0,1.0000,1.0000,0.0000,56461.128288590604,1769.265704697987,58230.39399328859,58230.39399328859,261795.09999999998,0.001138294796,2830.825127516779,31,0,1,0.0,1
"stress","MQT-Set01-298-10-27-IBMQ27-Opt3-Extra.csv","P:0.5/0.4/0.1/0",298,298,298,0,0,1.0000,1.0000,0.0000,56461.128288590604,1769.265704697987,58230.39399328859,58230.39399328859,261795.09999999998,0.001138294796,2830.825127516779,45,0,1,0.0,1
"stress","MQT-Set01-298-10-27-IBMQ27-Opt3-Extra.csv","P:0.5/0.5/0.0/0",298,298,298,0,0,1.0000,1.0000,0.0000,56461.128288590604,1769.265704697987,58230.39399328859,58230.39399328859,261795.09999999998,0.001138294796,2830.825127516779,29,0,1,0.0,1
"stress","MQT-Set01-298-10-27-IBMQ27-Opt3-Extra.csv","P:0.6/0.0/0.4/0",298,298,298,0,0,1.0000,1.0000,0.0000,55735.0008920582,1736.023758389262,57471.024650447456,57471.024650447456,290883.4100,0.001024465438,2777.638013422816,24,0,1,0.0,1
"stress","MQT-Set01-298-10-27-IBMQ27-Opt3-Extra.csv","P:0.6/0.1/0.3/0",298,298,298,0,0,1.0000,1.0000,0.0000,52830.663546979864,1665.566040268456,54496.22958724833,54496.22958724833,227647.9600,0.001309038746,2664.905664429531,30,0,1,0.0,1
"stress","MQT-Set01-298-10-27-IBMQ27-Opt3-Extra.csv","P:0.6/0.2/0.2/0",298,298,298,0,0,1.0000,1.0000,0.0000,56461.128288590604,1769.265704697987,58230.39399328859,58230.39399328859,261795.09999999998,0.001138294796,2830.825127516779,18,0,1,0.0,1
"stress","MQT-Set01-298-10-27-IBMQ27-Opt3-Extra.csv","P:0.6/0.3/0.1/0",298,298,298,0,0,1.0000,1.0000,0.0000,56461.128288590604,1769.265704697987,58230.39399328859,58230.39399328859,261795.09999999998,0.001138294796,2830.825127516779,31,0,1,0.0,1
"stress","MQT-Set01-298-10-27-IBMQ27-Opt3-Extra.csv","P:0.6/0.4/0.0/0",298,298,298,0,0,1.0000,1.0000,0.0000,56461.128288590604,1769.265704697987,58230.39399328859,58230.39399328859,261795.09999999998,0.001138294796,2830.825127516779,32,0,1,0.0,1
"stress","MQT-Set01-298-10-27-IBMQ27-Opt3-Extra.csv","P:0.7/0.0/0.3/0",298,298,298,0,0,1.0000,1.0000,0.0000,55735.0008920582,1736.023758389262,57471.024650447456,57471.024650447456,290883.4100,0.001024465438,2777.638013422816,32,0,1,0.0,1
"stress","MQT-Set01-298-10-27-IBMQ27-Opt3-Extra.csv","P:0.7/0.1/0.2/0",298,298,298,0,0,1.0000,1.0000,0.0000,52830.663546979864,1665.566040268456,54496.22958724833,54496.22958724833,227647.9600,0.001309038746,2664.905664429531,38,0,1,0.0,1
"stress","MQT-Set01-298-10-27-IBMQ27-Opt3-Extra.csv","P:0.7/0.2/0.1/0",298,298,298,0,0,1.0000,1.0000,0.0000,56461.128288590604,1769.265704697987,58230.39399328859,58230.39399328859,261795.09999999998,0.001138294796,2830.825127516779,29,0,1,0.0,1
"stress","MQT-Set01-298-10-27-IBMQ27-Opt3-Extra.csv","P:0.7/0.3/0.0/0",298,298,298,0,0,1.0000,1.0000,0.0000,56461.128288590604,1769.265704697987,58230.39399328859,58230.39399328859,261795.09999999998,0.001138294796,2830.825127516779,31,0,1,0.0,1
"stress","MQT-Set01-298-10-27-IBMQ27-Opt3-Extra.csv","P:0.8/0.0/0.2/0",298,298,298,0,0,1.0000,1.0000,0.0000,55735.0008920582,1736.023758389262,57471.024650447456,57471.024650447456,290883.4100,0.001024465438,2777.638013422816,25,0,1,0.0,1
"stress","MQT-Set01-298-10-27-IBMQ27-Opt3-Extra.csv","P:0.8/0.1/0.1/0",298,298,298,0,0,1.0000,1.0000,0.0000,56461.128288590604,1769.265704697987,58230.39399328859,58230.39399328859,261795.09999999998,0.001138294796,2830.825127516779,30,0,1,0.0,1
"stress","MQT-Set01-298-10-27-IBMQ27-Opt3-Extra.csv","P:0.8/0.2/0.0/0",298,298,298,0,0,1.0000,1.0000,0.0000,56461.128288590604,1769.265704697987,58230.39399328859,58230.39399328859,261795.09999999998,0.001138294796,2830.825127516779,26,0,1,0.0,1
"stress","MQT-Set01-298-10-27-IBMQ27-Opt3-Extra.csv","P:0.9/0.0/0.1/0",298,298,298,0,0,1.0000,1.0000,0.0000,55735.0008920582,1736.023758389262,57471.024650447456,57471.024650447456,290883.4100,0.001024465438,2777.638013422816,26,0,1,0.0,1
"stress","MQT-Set01-298-10-27-IBMQ27-Opt3-Extra.csv","P:0.9/0.1/0.0/0",298,298,298,0,0,1.0000,1.0000,0.0000,56461.128288590604,1769.265704697987,58230.39399328859,58230.39399328859,261795.09999999998,0.001138294796,2830.825127516779,32,0,1,0.0,1
"stress","MQT-Set01-298-10-27-IBMQ27-Opt3-Extra.csv","P:1.0/0.0/0.0/0",298,298,298,0,0,1.0000,1.0000,0.0000,57793.09793903802,1801.449362416106,59594.547301454135,59594.547301454135,290883.45999999996,0.001024465262,2882.318979865771,38,0,1,0.0,1
"stress","MQT-Set02-10-27-Mapped-AllAlgorithmLeft-Extra.csv","P:0.0/0.0/1.0/0",1133,1133,1133,0,0,1.0000,1.0000,0.0000,3076633.8278283314,4529.039761694615,3081162.8675900265,3081162.8675900265,5131402.0500,0.000220797355,7246.463618711386,175,0,1,0.0,1
"stress","MQT-Set02-10-27-Mapped-AllAlgorithmLeft-Extra.csv","P:0.0/0.1/0.9/0",1133,1133,1133,0,0,1.0000,1.0000,0.0000,3076633.8278283314,4529.039761694615,3081162.8675900265,3081162.8675900265,5131402.0500,0.000220797355,7246.463618711386,106,0,1,0.0,1
"stress","MQT-Set02-10-27-Mapped-AllAlgorithmLeft-Extra.csv","P:0.0/0.2/0.8/0",1133,1133,1133,0,0,1.0000,1.0000,0.0000,3076633.8278283314,4529.039761694615,3081162.8675900265,3081162.8675900265,5131402.0500,0.000220797355,7246.463618711386,105,0,1,0.0,1
"stress","MQT-Set02-10-27-Mapped-AllAlgorithmLeft-Extra.csv","P:0.0/0.3/0.7/0",1133,1133,1133,0,0,1.0000,1.0000,0.0000,1281102.3407149173,3774.200979699904,1284876.5416946174,1284876.5416946174,2398201.9400000004,0.000472437279,6038.721567519866,104,0,1,0.0,1
"stress","MQT-Set02-10-27-Mapped-AllAlgorithmLeft-Extra.csv","P:0.0/0.4/0.6/0",1133,1133,1133,0,0,1.0000,1.0000,0.0000,1281102.3407149173,3774.200979699904,1284876.5416946174,1284876.5416946174,2398201.9400000004,0.000472437279,6038.721567519866,126,0,1,0.0,1
"stress","MQT-Set02-10-27-Mapped-AllAlgorithmLeft-Extra.csv","P:0.0/0.5/0.5/0",1133,1133,1133,0,0,1.0000,1.0000,0.0000,1281102.3407149173,3774.200979699904,1284876.5416946174,1284876.5416946174,2398201.9400000004,0.000472437279,6038.721567519866,111,0,1,0.0,1
"stress","MQT-Set02-10-27-Mapped-AllAlgorithmLeft-Extra.csv","P:0.0/0.6/0.4/0",1133,1133,1133,0,0,1.0000,1.0000,0.0000,1281102.3407149173,3774.200979699904,1284876.5416946174,1284876.5416946174,2398201.9400000004,0.000472437279,6038.721567519866,127,0,1,0.0,1
"stress","MQT-Set02-10-27-Mapped-AllAlgorithmLeft-Extra.csv","P:0.0/0.7/0.3/0",1133,1133,1133,0,0,1.0000,1.0000,0.0000,1281102.3407149173,3774.200979699904,1284876.5416946174,1284876.5416946174,2398201.9400000004,0.000472437279,6038.721567519866,112,0,1,0.0,1
"stress","MQT-Set02-10-27-Mapped-AllAlgorithmLeft-Extra.csv","P:0.0/0.8/0.2/0",1133,1133,1133,0,0,1.0000,1.0000,0.0000,1281102.3407149173,3774.200979699904,1284876.5416946174,1284876.5416946174,2398201.9400000004,0.000472437279,6038.721567519866,104,0,1,0.0,1
"stress","MQT-Set02-10-27-Mapped-AllAlgorithmLeft-Extra.csv","P:0.0/0.9/0.1/0",1133,1133,1133,0,0,1.0000,1.0000,0.0000,1281102.3407149173,3774.200979699904,1284876.5416946174,1284876.5416946174,2398201.9400000004,0.000472437279,6038.721567519866,111,0,1,0.0,1
"stress","MQT-Set02-10-27-Mapped-AllAlgorithmLeft-Extra.csv","P:0.0/1.0/0.0/0",1133,1133,1133,0,0,1.0000,1.0000,0.0000,1281102.3407149173,3774.200979699904,1284876.5416946174,1284876.5416946174,2398201.9400000004,0.000472437279,6038.721567519866,106,0,1,0.0,1
"stress","MQT-Set02-10-27-Mapped-AllAlgorithmLeft-Extra.csv","P:0.1/0.0/0.9/0",1133,1133,1133,0,0,1.0000,1.0000,0.0000,3076633.8278283314,4529.039761694615,3081162.8675900265,3081162.8675900265,5131402.0500,0.000220797355,7246.463618711386,110,0,1,0.0,1
"stress","MQT-Set02-10-27-Mapped-AllAlgorithmLeft-Extra.csv","P:0.1/0.1/0.8/0",1133,1133,1133,0,0,1.0000,1.0000,0.0000,1504331.1389315985,4310.991827007942,1508642.1307586064,1508642.1307586064,3649107.2900,0.000310486897,6897.586923212708,128,0,1,0.0,1
"stress","MQT-Set02-10-27-Mapped-AllAlgorithmLeft-Extra.csv","P:0.1/0.2/0.7/0",1133,1133,1133,0,0,1.0000,1.0000,0.0000,859402.0387819945,4002.132656663717,863404.1714386584,863404.1714386584,2419111.1200,0.000468353847,6403.412250661952,113,0,1,0.0,1
"stress","MQT-Set02-10-27-Mapped-AllAlgorithmLeft-Extra.csv","P:0.1/0.3/0.6/0",1133,1133,1133,0,0,1.0000,1.0000,0.0000,937294.2776257724,3823.557228596646,941117.8348543692,941117.8348543692,2503206.2000,0.000452619525,6117.691565754637,112,0,1,0.0,1
"stress","MQT-Set02-10-27-Mapped-AllAlgorithmLeft-Extra.csv","P:0.1/0.4/0.5/0",1133,1133,1133,0,0,1.0000,1.0000,0.0000,1201468.6011209183,3779.931059135035,1205248.5321800534,1205248.5321800534,2147679.1100000003,0.000527546222,6047.889694616065,120,0,1,0.0,1
"stress","MQT-Set02-10-27-Mapped-AllAlgorithmLeft-Extra.csv","P:0.1/0.5/0.4/0",1133,1133,1133,0,0,1.0000,1.0000,0.0000,1266812.2253839376,3774.82368932039,1270587.0490732582,1270587.0490732582,2282578.2600000002,0.000496368523,6039.717902912623,104,0,1,0.0,1
"stress","MQT-Set02-10-27-Mapped-AllAlgorithmLeft-Extra.csv","P:0.1/0.6/0.3/0",1133,1133,1133,0,0,1.0000,1.0000,0.0000,1281102.3407149173,3774.200979699904,1284876.5416946174,1284876.5416946174,2398201.9400000004,0.000472437279,6038.721567519866,112,0,1,0.0,1
"stress","MQT-Set02-10-27-Mapped-AllAlgorithmLeft-Extra.csv","P:0.1/0.7/0.2/0",1133,1133,1133,0,0,1.0000,1.0000,0.0000,1281102.3407149173,3774.200979699904,1284876.5416946174,1284876.5416946174,2398201.9400000004,0.000472437279,6038.721567519866,105,0,1,0.0,1
"stress","MQT-Set02-10-27-Mapped-AllAlgorithmLeft-Extra.csv","P:0.1/0.8/0.1/0",1133,1133,1133,0,0,1.0000,1.0000,0.0000,1281102.3407149173,3774.200979699904,1284876.5416946174,1284876.5416946174,2398201.9400000004,0.000472437279,6038.721567519866,131,0,1,0.0,1
"stress","MQT-Set02-10-27-Mapped-AllAlgorithmLeft-Extra.csv","P:0.1/0.9/0.0/0",1133,1133,1133,0,0,1.0000,1.0000,0.0000,1281102.3407149173,3774.200979699904,1284876.5416946174,1284876.5416946174,2398201.9400000004,0.000472437279,6038.721567519866,95,0,1,0.0,1
"stress","MQT-Set02-10-27-Mapped-AllAlgorithmLeft-Extra.csv","P:0.2/0.0/0.8/0",1133,1133,1133,0,0,1.0000,1.0000,0.0000,604744.6468221534,4509.109947043242,609253.7567691966,609253.7567691966,2895691.9600000004,0.0003912709,7214.5759152692,104,0,1,0.0,1
"stress","MQT-Set02-10-27-Mapped-AllAlgorithmLeft-Extra.csv","P:0.2/0.1/0.7/0",1133,1133,1133,0,0,1.0000,1.0000,0.0000,596845.0738124442,4344.950926743161,601190.0247391873,601190.0247391873,2266193.9600000004,0.000499957206,6951.921482789058,120,0,1,0.0,1
"stress","MQT-Set02-10-27-Mapped-AllAlgorithmLeft-Extra.csv","P:0.2/0.2/0.6/0",1133,1133,1133,0,0,1.0000,1.0000,0.0000,593676.9313415713,4333.766434245371,598010.6977758167,598010.6977758167,2266193.9800000004,0.000499957201,6934.026294792585,103,0,1,0.0,1
"stress","MQT-Set02-10-27-Mapped-AllAlgorithmLeft-Extra.csv","P:0.2/0.3/0.5/0",1133,1133,1133,0,0,1.0000,1.0000,0.0000,672038.9556994697,3961.069002647831,676000.0247021178,676000.0247021178,1222321.5200,0.000926924693,6337.710404236541,127,0,1,0.0,1
"stress","MQT-Set02-10-27-Mapped-AllAlgorithmLeft-Extra.csv","P:0.2/0.4/0.4/0",1133,1133,1133,0,0,1.0000,1.0000,0.0000,829602.1148609882,3828.486142983227,833430.6010039715,833430.6010039715,1884093.0000,0.000601350358,6125.577828773166,101,0,1,0.0,1
"stress","MQT-Set02-10-27-Mapped-AllAlgorithmLeft-Extra.csv","P:0.2/0.5/0.3/0",1133,1133,1133,0,0,1.0000,1.0000,0.0000,944937.9298764337,3796.033989408651,948733.9638658424,948733.9638658424,2030454.2900,0.000558003204,6073.654383053844,110,0,1,0.0,1
"stress","MQT-Set02-10-27-Mapped-AllAlgorithmLeft-Extra.csv","P:0.2/0.6/0.2/0",1133,1133,1133,0,0,1.0000,1.0000,0.0000,879022.5966195941,3814.007687555159,882836.6043071493,882836.6043071493,1880789.2000,0.000602406692,6102.412300088263,110,0,1,0.0,1
"stress","MQT-Set02-10-27-Mapped-AllAlgorithmLeft-Extra.csv","P:0.2/0.7/0.1/0",1133,1133,1133,0,0,1.0000,1.0000,0.0000,979538.9283936456,3806.248270079434,983345.1766637247,983345.1766637247,1994605.7000,0.000568032068,6089.997232127103,104,0,1,0.0,1
"stress","MQT-Set02-10-27-Mapped-AllAlgorithmLeft-Extra.csv","P:0.2/0.8/0.0/0",1133,1133,1133,0,0,1.0000,1.0000,0.0000,956911.7765931163,3796.095560458965,960707.8721535751,960707.8721535751,2354593.1000,0.000481187174,6073.752896734341,116,0,1,0.0,1
"stress","MQT-Set02-10-27-Mapped-AllAlgorithmLeft-Extra.csv","P:0.3/0.0/0.7/0",1133,1133,1133,0,0,1.0000,1.0000,0.0000,604744.6468221534,4509.109947043242,609253.7567691966,609253.7567691966,2895691.9600000004,0.0003912709,7214.5759152692,120,0,1,0.0,1
"stress","MQT-Set02-10-27-Mapped-AllAlgorithmLeft-Extra.csv","P:0.3/0.1/0.6/0",1133,1133,1133,0,0,1.0000,1.0000,0.0000,596845.0738124442,4344.950926743161,601190.0247391873,601190.0247391873,2266193.9600000004,0.000499957206,6951.921482789058,104,0,1,0.0,1
"stress","MQT-Set02-10-27-Mapped-AllAlgorithmLeft-Extra.csv","P:0.3/0.2/0.5/0",1133,1133,1133,0,0,1.0000,1.0000,0.0000,593676.9313415713,4333.766434245371,598010.6977758167,598010.6977758167,2266193.9800000004,0.000499957201,6934.026294792585,98,0,1,0.0,1
"stress","MQT-Set02-10-27-Mapped-AllAlgorithmLeft-Extra.csv","P:0.3/0.3/0.4/0",1133,1133,1133,0,0,1.0000,1.0000,0.0000,629124.8843843773,4613.394068843778,633738.278453221,633738.278453221,2606122.9700,0.00043474541,7381.430510150037,153,0,1,0.0,1
"stress","MQT-Set02-10-27-Mapped-AllAlgorithmLeft-Extra.csv","P:0.3/0.4/0.3/0",1133,1133,1133,0,0,1.0000,1.0000,0.0000,744558.8642696383,3852.345075022056,748411.2093446605,748411.2093446605,1887400.7100,0.000600296479,6163.752120035303,129,0,1,0.0,1
"stress","MQT-Set02-10-27-Mapped-AllAlgorithmLeft-Extra.csv","P:0.3/0.5/0.2/0",1133,1133,1133,0,0,1.0000,1.0000,0.0000,868480.3312246249,3819.695507502204,872300.0267321271,872300.0267321271,2049011.0900,0.000552949667,6111.512812003533,112,0,1,0.0,1
"stress","MQT-Set02-10-27-Mapped-AllAlgorithmLeft-Extra.csv","P:0.3/0.6/0.1/0",1133,1133,1133,0,0,1.0000,1.0000,0.0000,878948.6203530441,3812.135225066197,882760.7555781102,882760.7555781102,1728163.4700,0.000655609275,6099.416360105914,122,0,1,0.0,1
"stress","MQT-Set02-10-27-Mapped-AllAlgorithmLeft-Extra.csv","P:0.3/0.7/0.0/0",1133,1133,1133,0,0,1.0000,1.0000,0.0000,869007.8359046769,3818.244527802296,872826.0804324793,872826.0804324793,2032742.0000,0.00055737521,6109.191244483677,110,0,1,0.0,1
"stress","MQT-Set02-10-27-Mapped-AllAlgorithmLeft-Extra.csv","P:0.4/0.0/0.6/0",1133,1133,1133,0,0,1.0000,1.0000,0.0000,604744.6468221534,4509.109947043242,609253.7567691966,609253.7567691966,2895691.9600000004,0.0003912709,7214.5759152692,126,0,1,0.0,1
"stress","MQT-Set02-10-27-Mapped-AllAlgorithmLeft-Extra.csv","P:0.4/0.1/0.5/0",1133,1133,1133,0,0,1.0000,1.0000,0.0000,596845.0738124442,4344.950926743161,601190.0247391873,601190.0247391873,2266193.9600000004,0.000499957206,6951.921482789058,134,0,1,0.0,1
"stress","MQT-Set02-10-27-Mapped-AllAlgorithmLeft-Extra.csv","P:0.4/0.2/0.4/0",1133,1133,1133,0,0,1.0000,1.0000,0.0000,593676.9313415713,4333.766434245371,598010.6977758167,598010.6977758167,2266193.9800000004,0.000499957201,6934.026294792585,116,0,1,0.0,1
"stress","MQT-Set02-10-27-Mapped-AllAlgorithmLeft-Extra.csv","P:0.4/0.3/0.3/0",1133,1133,1133,0,0,1.0000,1.0000,0.0000,629124.8843843773,4613.394068843778,633738.278453221,633738.278453221,2606122.9700,0.00043474541,7381.430510150037,130,0,1,0.0,1
"stress","MQT-Set02-10-27-Mapped-AllAlgorithmLeft-Extra.csv","P:0.4/0.4/0.2/0",1133,1133,1133,0,0,1.0000,1.0000,0.0000,629124.8843843773,4613.394068843778,633738.278453221,633738.278453221,2606122.9700,0.00043474541,7381.430510150037,111,0,1,0.0,1
"stress","MQT-Set02-10-27-Mapped-AllAlgorithmLeft-Extra.csv","P:0.4/0.5/0.1/0",1133,1133,1133,0,0,1.0000,1.0000,0.0000,686694.1364938217,3972.447669902912,690666.5841637246,690666.5841637246,1654120.9000,0.000684955979,6355.916271844664,95,0,1,0.0,1
"stress","MQT-Set02-10-27-Mapped-AllAlgorithmLeft-Extra.csv","P:0.4/0.6/0.0/0",1133,1133,1133,0,0,1.0000,1.0000,0.0000,845155.0997153589,3877.667599293909,849032.7673146528,849032.7673146528,1919697.1700,0.000590197255,6204.268158870252,111,0,1,0.0,1
"stress","MQT-Set02-10-27-Mapped-AllAlgorithmLeft-Extra.csv","P:0.5/0.0/0.5/0",1133,1133,1133,0,0,1.0000,1.0000,0.0000,604744.6468221534,4509.109947043242,609253.7567691966,609253.7567691966,2895691.9600000004,0.0003912709,7214.5759152692,111,0,1,0.0,1
"stress","MQT-Set02-10-27-Mapped-AllAlgorithmLeft-Extra.csv","P:0.5/0.1/0.4/0",1133,1133,1133,0,0,1.0000,1.0000,0.0000,596845.0738124442,4344.950926743161,601190.0247391873,601190.0247391873,2266193.9600000004,0.000499957206,6951.921482789058,103,0,1,0.0,1
"stress","MQT-Set02-10-27-Mapped-AllAlgorithmLeft-Extra.csv","P:0.5/0.2/0.3/0",1133,1133,1133,0,0,1.0000,1.0000,0.0000,629124.8843843773,4613.394068843778,633738.278453221,633738.278453221,2606122.9700,0.00043474541,7381.430510150037,123,0,1,0.0,1
"stress","MQT-Set02-10-27-Mapped-AllAlgorithmLeft-Extra.csv","P:0.5/0.3/0.2/0",1133,1133,1133,0,0,1.0000,1.0000,0.0000,629124.8843843773,4613.394068843778,633738.278453221,633738.278453221,2606122.9700,0.00043474541,7381.430510150037,154,0,1,0.0,1
"stress","MQT-Set02-10-27-Mapped-AllAlgorithmLeft-Extra.csv","P:0.5/0.4/0.1/0",1133,1133,1133,0,0,1.0000,1.0000,0.0000,629124.8843843773,4613.394068843778,633738.278453221,633738.278453221,2606122.9700,0.00043474541,7381.430510150037,183,0,1,0.0,1
"stress","MQT-Set02-10-27-Mapped-AllAlgorithmLeft-Extra.csv","P:0.5/0.5/0.0/0",1133,1133,1133,0,0,1.0000,1.0000,0.0000,629124.8843843773,4613.394068843778,633738.278453221,633738.278453221,2606122.9700,0.00043474541,7381.430510150037,129,0,1,0.0,1
"stress","MQT-Set02-10-27-Mapped-AllAlgorithmLeft-Extra.csv","P:0.6/0.0/0.4/0",1133,1133,1133,0,0,1.0000,1.0000,0.0000,604744.6468221534,4509.109947043242,609253.7567691966,609253.7567691966,2895691.9600000004,0.0003912709,7214.5759152692,107,0,1,0.0,1
"stress","MQT-Set02-10-27-Mapped-AllAlgorithmLeft-Extra.csv","P:0.6/0.1/0.3/0",1133,1133,1133,0,0,1.0000,1.0000,0.0000,593676.9313415713,4333.766434245371,598010.6977758167,598010.6977758167,2266193.9800000004,0.000499957201,6934.026294792585,113,0,1,0.0,1
"stress","MQT-Set02-10-27-Mapped-AllAlgorithmLeft-Extra.csv","P:0.6/0.2/0.2/0",1133,1133,1133,0,0,1.0000,1.0000,0.0000,629124.8843843773,4613.394068843778,633738.278453221,633738.278453221,2606122.9700,0.00043474541,7381.430510150037,111,0,1,0.0,1
"stress","MQT-Set02-10-27-Mapped-AllAlgorithmLeft-Extra.csv","P:0.6/0.3/0.1/0",1133,1133,1133,0,0,1.0000,1.0000,0.0000,629124.8843843773,4613.394068843778,633738.278453221,633738.278453221,2606122.9700,0.00043474541,7381.430510150037,137,0,1,0.0,1
"stress","MQT-Set02-10-27-Mapped-AllAlgorithmLeft-Extra.csv","P:0.6/0.4/0.0/0",1133,1133,1133,0,0,1.0000,1.0000,0.0000,629124.8843843773,4613.394068843778,633738.278453221,633738.278453221,2606122.9700,0.00043474541,7381.430510150037,183,0,1,0.0,1
"stress","MQT-Set02-10-27-Mapped-AllAlgorithmLeft-Extra.csv","P:0.7/0.0/0.3/0",1133,1133,1133,0,0,1.0000,1.0000,0.0000,604744.6468221534,4509.109947043242,609253.7567691966,609253.7567691966,2895691.9600000004,0.0003912709,7214.5759152692,197,0,1,0.0,1
"stress","MQT-Set02-10-27-Mapped-AllAlgorithmLeft-Extra.csv","P:0.7/0.1/0.2/0",1133,1133,1133,0,0,1.0000,1.0000,0.0000,593676.9313415713,4333.766434245371,598010.6977758167,598010.6977758167,2266193.9800000004,0.000499957201,6934.026294792585,173,0,1,0.0,1
"stress","MQT-Set02-10-27-Mapped-AllAlgorithmLeft-Extra.csv","P:0.7/0.2/0.1/0",1133,1133,1133,0,0,1.0000,1.0000,0.0000,629124.8843843773,4613.394068843778,633738.278453221,633738.278453221,2606122.9700,0.00043474541,7381.430510150037,119,0,1,0.0,1
"stress","MQT-Set02-10-27-Mapped-AllAlgorithmLeft-Extra.csv","P:0.7/0.3/0.0/0",1133,1133,1133,0,0,1.0000,1.0000,0.0000,629124.8843843773,4613.394068843778,633738.278453221,633738.278453221,2606122.9700,0.00043474541,7381.430510150037,104,0,1,0.0,1
"stress","MQT-Set02-10-27-Mapped-AllAlgorithmLeft-Extra.csv","P:0.8/0.0/0.2/0",1133,1133,1133,0,0,1.0000,1.0000,0.0000,604744.6468221534,4509.109947043242,609253.7567691966,609253.7567691966,2895691.9600000004,0.0003912709,7214.5759152692,116,0,1,0.0,1
"stress","MQT-Set02-10-27-Mapped-AllAlgorithmLeft-Extra.csv","P:0.8/0.1/0.1/0",1133,1133,1133,0,0,1.0000,1.0000,0.0000,629124.8843843773,4613.394068843778,633738.278453221,633738.278453221,2606122.9700,0.00043474541,7381.430510150037,105,0,1,0.0,1
"stress","MQT-Set02-10-27-Mapped-AllAlgorithmLeft-Extra.csv","P:0.8/0.2/0.0/0",1133,1133,1133,0,0,1.0000,1.0000,0.0000,629124.8843843773,4613.394068843778,633738.278453221,633738.278453221,2606122.9700,0.00043474541,7381.430510150037,104,0,1,0.0,1
"stress","MQT-Set02-10-27-Mapped-AllAlgorithmLeft-Extra.csv","P:0.9/0.0/0.1/0",1133,1133,1133,0,0,1.0000,1.0000,0.0000,604744.6468221534,4509.109947043242,609253.7567691966,609253.7567691966,2895691.9600000004,0.0003912709,7214.5759152692,111,0,1,0.0,1
"stress","MQT-Set02-10-27-Mapped-AllAlgorithmLeft-Extra.csv","P:0.9/0.1/0.0/0",1133,1133,1133,0,0,1.0000,1.0000,0.0000,629124.8843843773,4613.394068843778,633738.278453221,633738.278453221,2606122.9700,0.00043474541,7381.430510150037,111,0,1,0.0,1
"stress","MQT-Set02-10-27-Mapped-AllAlgorithmLeft-Extra.csv","P:1.0/0.0/0.0/0",1133,1133,1133,0,0,1.0000,1.0000,0.0000,633447.3693902299,4691.338208296555,638138.7075985264,638138.7075985264,2895691.9300,0.000391270904,7506.141133274495,110,0,1,0.0,1
"stress","MQT-Set03-7-127-AllOpt-IBMMapped-Only127-Extra.csv","P:0.0/0.0/1.0/0",5818,5818,0,5818,0,1.0000,0.0000,1.0000,41477833.81073518,14303.751961155036,41492137.56269634,41492137.56269634,83219228.91000001,0.000069911727,22886.00313784809,7489,0,1,0.0,1
"stress","MQT-Set03-7-127-AllOpt-IBMMapped-Only127-Extra.csv","P:0.0/0.1/0.9/0",5818,5818,0,5818,0,1.0000,0.0000,1.0000,41477833.81073518,14303.751961155036,41492137.56269634,41492137.56269634,83219228.91000001,0.000069911727,22886.00313784809,7991,0,1,0.0,1
"stress","MQT-Set03-7-127-AllOpt-IBMMapped-Only127-Extra.csv","P:0.0/0.2/0.8/0",5818,5818,0,5818,0,1.0000,0.0000,1.0000,41477833.81073518,14303.751961155036,41492137.56269634,41492137.56269634,83219228.91000001,0.000069911727,22886.00313784809,7663,0,1,0.0,1
"stress","MQT-Set03-7-127-AllOpt-IBMMapped-Only127-Extra.csv","P:0.0/0.3/0.7/0",5818,5818,0,5818,0,1.0000,0.0000,1.0000,41477833.81073518,14303.751961155036,41492137.56269634,41492137.56269634,83219228.91000001,0.000069911727,22886.00313784809,7928,0,1,0.0,1
"stress","MQT-Set03-7-127-AllOpt-IBMMapped-Only127-Extra.csv","P:0.0/0.4/0.6/0",5818,5818,0,5818,0,1.0000,0.0000,1.0000,41477833.81073518,14303.751961155036,41492137.56269634,41492137.56269634,83219228.91000001,0.000069911727,22886.00313784809,7150,0,1,0.0,1
"stress","MQT-Set03-7-127-AllOpt-IBMMapped-Only127-Extra.csv","P:0.0/0.5/0.5/0",5818,5818,0,5818,0,1.0000,0.0000,1.0000,41477833.81073518,14303.751961155036,41492137.56269634,41492137.56269634,83219228.91000001,0.000069911727,22886.00313784809,7011,0,1,0.0,1
"stress","MQT-Set03-7-127-AllOpt-IBMMapped-Only127-Extra.csv","P:0.0/0.6/0.4/0",5818,5818,0,5818,0,1.0000,0.0000,1.0000,41477833.81073518,14303.751961155036,41492137.56269634,41492137.56269634,83219228.91000001,0.000069911727,22886.00313784809,7359,0,1,0.0,1
"stress","MQT-Set03-7-127-AllOpt-IBMMapped-Only127-Extra.csv","P:0.0/0.7/0.3/0",5818,5818,0,5818,0,1.0000,0.0000,1.0000,41477833.81073518,14303.751961155036,41492137.56269634,41492137.56269634,83219228.91000001,0.000069911727,22886.00313784809,7108,0,1,0.0,1
"stress","MQT-Set03-7-127-AllOpt-IBMMapped-Only127-Extra.csv","P:0.0/0.8/0.2/0",5818,5818,0,5818,0,1.0000,0.0000,1.0000,41477833.81073518,14303.751961155036,41492137.56269634,41492137.56269634,83219228.91000001,0.000069911727,22886.00313784809,7590,0,1,0.0,1
"stress","MQT-Set03-7-127-AllOpt-IBMMapped-Only127-Extra.csv","P:0.0/0.9/0.1/0",5818,5818,0,5818,0,1.0000,0.0000,1.0000,41477833.81073518,14303.751961155036,41492137.56269634,41492137.56269634,83219228.91000001,0.000069911727,22886.00313784809,7279,0,1,0.0,1
"stress","MQT-Set03-7-127-AllOpt-IBMMapped-Only127-Extra.csv","P:0.0/1.0/0.0/0",5818,5818,0,5818,0,1.0000,0.0000,1.0000,41477833.81073518,14303.751961155036,41492137.56269634,41492137.56269634,83219228.91000001,0.000069911727,22886.00313784809,7488,0,1,0.0,1
"stress","MQT-Set03-7-127-AllOpt-IBMMapped-Only127-Extra.csv","P:0.1/0.0/0.9/0",5818,5818,0,5818,0,1.0000,0.0000,1.0000,41477833.81073518,14303.751961155036,41492137.56269634,41492137.56269634,83219228.91000001,0.000069911727,22886.00313784809,8157,0,1,0.0,1
"stress","MQT-Set03-7-127-AllOpt-IBMMapped-Only127-Extra.csv","P:0.1/0.1/0.8/0",5818,5818,0,5818,0,1.0000,0.0000,1.0000,41477833.81073518,14303.751961155036,41492137.56269634,41492137.56269634,83219228.91000001,0.000069911727,22886.00313784809,7950,0,1,0.0,1
"stress","MQT-Set03-7-127-AllOpt-IBMMapped-Only127-Extra.csv","P:0.1/0.2/0.7/0",5818,5818,0,5818,0,1.0000,0.0000,1.0000,41477833.81073518,14303.751961155036,41492137.56269634,41492137.56269634,83219228.91000001,0.000069911727,22886.00313784809,7057,0,1,0.0,1
"stress","MQT-Set03-7-127-AllOpt-IBMMapped-Only127-Extra.csv","P:0.1/0.3/0.6/0",5818,5818,0,5818,0,1.0000,0.0000,1.0000,41477833.81073518,14303.751961155036,41492137.56269634,41492137.56269634,83219228.91000001,0.000069911727,22886.00313784809,7828,0,1,0.0,1
"stress","MQT-Set03-7-127-AllOpt-IBMMapped-Only127-Extra.csv","P:0.1/0.4/0.5/0",5818,5818,0,5818,0,1.0000,0.0000,1.0000,41477833.81073518,14303.751961155036,41492137.56269634,41492137.56269634,83219228.91000001,0.000069911727,22886.00313784809,7102,0,1,0.0,1
"stress","MQT-Set03-7-127-AllOpt-IBMMapped-Only127-Extra.csv","P:0.1/0.5/0.4/0",5818,5818,0,5818,0,1.0000,0.0000,1.0000,41477833.81073518,14303.751961155036,41492137.56269634,41492137.56269634,83219228.91000001,0.000069911727,22886.00313784809,7021,0,1,0.0,1
"stress","MQT-Set03-7-127-AllOpt-IBMMapped-Only127-Extra.csv","P:0.1/0.6/0.3/0",5818,5818,0,5818,0,1.0000,0.0000,1.0000,41477833.81073518,14303.751961155036,41492137.56269634,41492137.56269634,83219228.91000001,0.000069911727,22886.00313784809,7134,0,1,0.0,1
"stress","MQT-Set03-7-127-AllOpt-IBMMapped-Only127-Extra.csv","P:0.1/0.7/0.2/0",5818,5818,0,5818,0,1.0000,0.0000,1.0000,41477833.81073518,14303.751961155036,41492137.56269634,41492137.56269634,83219228.91000001,0.000069911727,22886.00313784809,7514,0,1,0.0,1
"stress","MQT-Set03-7-127-AllOpt-IBMMapped-Only127-Extra.csv","P:0.1/0.8/0.1/0",5818,5818,0,5818,0,1.0000,0.0000,1.0000,39034829.06525182,14520.251840838748,39049349.31709266,39049349.31709266,80070238.07000001,0.000072661205,23232.40294534203,7869,0,1,0.0,1
"stress","MQT-Set03-7-127-AllOpt-IBMMapped-Only127-Extra.csv","P:0.1/0.9/0.0/0",5818,5818,0,5818,0,1.0000,0.0000,1.0000,27695087.49408815,15545.31486765206,27710632.8089558,27710632.8089558,65160696.669999994,0.000089286952,24872.503788243463,7368,0,1,0.0,1
"stress","MQT-Set03-7-127-AllOpt-IBMMapped-Only127-Extra.csv","P:0.2/0.0/0.8/0",5818,5818,0,5818,0,1.0000,0.0000,1.0000,41477833.81073518,14303.751961155036,41492137.56269634,41492137.56269634,83219228.91000001,0.000069911727,22886.00313784809,7529,0,1,0.0,1
"stress","MQT-Set03-7-127-AllOpt-IBMMapped-Only127-Extra.csv","P:0.2/0.1/0.7/0",5818,5818,0,5818,0,1.0000,0.0000,1.0000,41477833.81073518,14303.751961155036,41492137.56269634,41492137.56269634,83219228.91000001,0.000069911727,22886.00313784809,7563,0,1,0.0,1
"stress","MQT-Set03-7-127-AllOpt-IBMMapped-Only127-Extra.csv","P:0.2/0.2/0.6/0",5818,5818,0,5818,0,1.0000,0.0000,1.0000,41477833.81073518,14303.751961155036,41492137.56269634,41492137.56269634,83219228.91000001,0.000069911727,22886.00313784809,8053,0,1,0.0,1
"stress","MQT-Set03-7-127-AllOpt-IBMMapped-Only127-Extra.csv","P:0.2/0.3/0.5/0",5818,5818,0,5818,0,1.0000,0.0000,1.0000,41477833.81073518,14303.751961155036,41492137.56269634,41492137.56269634,83219228.91000001,0.000069911727,22886.00313784809,7257,0,1,0.0,1
"stress","MQT-Set03-7-127-AllOpt-IBMMapped-Only127-Extra.csv","P:0.2/0.4/0.4/0",5818,5818,0,5818,0,1.0000,0.0000,1.0000,34400309.39647219,14864.34349260918,34415173.739964806,34415173.739964806,75065424.66000001,0.000077505723,23782.949588174713,7128,0,1,0.0,1
"stress","MQT-Set03-7-127-AllOpt-IBMMapped-Only127-Extra.csv","P:0.2/0.5/0.3/0",5818,5818,0,5818,0,1.0000,0.0000,1.0000,28501031.91715623,15572.05524063246,28516603.97239686,28516603.97239686,64771758.239999995,0.000089823098,24915.28838501208,7562,0,1,0.0,1
"stress","MQT-Set03-7-127-AllOpt-IBMMapped-Only127-Extra.csv","P:0.2/0.6/0.2/0",5818,5818,0,5818,0,1.0000,0.0000,1.0000,25698821.075324055,16002.674413887922,25714823.74973795,25714823.74973795,58508402.629999995,0.000099438709,25604.279062220707,6921,0,1,0.0,1
"stress","MQT-Set03-7-127-AllOpt-IBMMapped-Only127-Extra.csv","P:0.2/0.7/0.1/0",5818,5818,0,5818,0,1.0000,0.0000,1.0000,22702079.680125896,16979.67672052253,22719059.35684642,22719059.35684642,48585748.599999994,0.000119747049,27167.48275283605,7503,0,1,0.0,1
"stress","MQT-Set03-7-127-AllOpt-IBMMapped-Only127-Extra.csv","P:0.2/0.8/0.0/0",5818,5818,0,5818,0,1.0000,0.0000,1.0000,19477729.895708513,18411.26548470251,19496141.16119321,19496141.16119321,44288661.9800,0.00013136545,29458.024775524234,7766,0,1,0.0,1
"stress","MQT-Set03-7-127-AllOpt-IBMMapped-Only127-Extra.csv","P:0.3/0.0/0.7/0",5818,5818,0,5818,0,1.0000,0.0000,1.0000,33003615.307267956,14986.804123410142,33018602.11139136,33018602.11139136,73284235.02000001,0.000079389517,23978.88659745623,7866,0,1,0.0,1
"stress","MQT-Set03-7-127-AllOpt-IBMMapped-Only127-Extra.csv","P:0.3/0.1/0.6/0",5818,5818,0,5818,0,1.0000,0.0000,1.0000,29757166.47374447,15325.178561361306,29772491.65230583,29772491.65230583,68362578.4300,0.00008510504,24520.285698178042,7281,0,1,0.0,1
"stress","MQT-Set03-7-127-AllOpt-IBMMapped-Only127-Extra.csv","P:0.3/0.2/0.5/0",5818,5818,0,5818,0,1.0000,0.0000,1.0000,27058450.260525156,15746.593954967373,27074196.85448012,27074196.85448012,62233093.0100,0.000093487238,25194.550327947785,7255,0,1,0.0,1
"stress","MQT-Set03-7-127-AllOpt-IBMMapped-Only127-Extra.csv","P:0.3/0.3/0.4/0",5818,5818,0,5818,0,1.0000,0.0000,1.0000,24782829.77512588,16276.983171192815,24799106.758297075,24799106.758297075,55572012.8700,0.000104692987,26043.17307390859,7318,0,1,0.0,1
"stress","MQT-Set03-7-127-AllOpt-IBMMapped-Only127-Extra.csv","P:0.3/0.4/0.3/0",5818,5818,0,5818,0,1.0000,0.0000,1.0000,20592601.096033394,17603.523178067993,20610204.619211465,20610204.619211465,49271508.9100,0.000118080411,28165.637084908976,7267,0,1,0.0,1
"stress","MQT-Set03-7-127-AllOpt-IBMMapped-Only127-Extra.csv","P:0.3/0.5/0.2/0",5818,5818,0,5818,0,1.0000,0.0000,1.0000,19616790.137568288,17994.893693709248,19634785.031261995,19634785.031261995,46181225.5500,0.000125981932,28791.829909934753,7312,0,1,0.0,1
"stress","MQT-Set03-7-127-AllOpt-IBMMapped-Only127-Extra.csv","P:0.3/0.6/0.1/0",5818,5818,0,5818,0,1.0000,0.0000,1.0000,18876541.42626196,18692.370008593927,18895233.796270557,18895233.796270557,41626527.739999995,0.000139766642,29907.79201375047,7460,0,1,0.0,1
"stress","MQT-Set03-7-127-AllOpt-IBMMapped-Only127-Extra.csv","P:0.3/0.7/0.0/0",5818,5818,0,5818,0,1.0000,0.0000,1.0000,17745633.712924093,20245.06789962176,17765878.780823715,17765878.780823715,39546699.6600,0.000147117207,32392.108639394984,7403,0,1,0.0,1
"stress","MQT-Set03-7-127-AllOpt-IBMMapped-Only127-Extra.csv","P:0.4/0.0/0.6/0",5818,5818,0,5818,0,1.0000,0.0000,1.0000,22458252.43419774,16846.343269164678,22475098.7774669,22475098.7774669,53455799.0100,0.000108837584,26954.149230663403,7345,0,1,0.0,1
"stress","MQT-Set03-7-127-AllOpt-IBMMapped-Only127-Extra.csv","P:0.4/0.1/0.5/0",5818,5818,0,5818,0,1.0000,0.0000,1.0000,20015684.396789666,17879.513788243392,20033563.91057791,20033563.91057791,48238525.6800,0.000120608993,28607.222061189335,7178,0,1,0.0,1
"stress","MQT-Set03-7-127-AllOpt-IBMMapped-Only127-Extra.csv","P:0.4/0.2/0.4/0",5818,5818,0,5818,0,1.0000,0.0000,1.0000,19359602.05045246,18214.745701271884,19377816.796153735,19377816.796153735,43929768.699999996,0.000132438667,29143.5931220351,7214,0,1,0.0,1
"stress","MQT-Set03-7-127-AllOpt-IBMMapped-Only127-Extra.csv","P:0.4/0.3/0.3/0",5818,5818,0,5818,0,1.0000,0.0000,1.0000,17139518.458176754,20220.085338604327,17159738.543515358,17159738.543515358,39658171.809999995,0.000146703686,32352.136541767086,7432,0,1,0.0,1
"stress","MQT-Set03-7-127-AllOpt-IBMMapped-Only127-Extra.csv","P:0.4/0.4/0.2/0",5818,5818,0,5818,0,1.0000,0.0000,1.0000,16618103.322356878,21872.086352698534,16639975.408709582,16639975.408709582,37444718.099999994,0.000155375719,34995.338164317836,7232,0,1,0.0,1
"stress","MQT-Set03-7-127-AllOpt-IBMMapped-Only127-Extra.csv","P:0.4/0.5/0.1/0",5818,5818,0,5818,0,1.0000,0.0000,1.0000,16665587.043022025,22229.15827947741,16687816.201301504,16687816.201301504,40451250.989999995,0.000143827443,35566.65324716404,7465,0,1,0.0,1
"stress","MQT-Set03-7-127-AllOpt-IBMMapped-Only127-Extra.csv","P:0.4/0.6/0.0/0",5818,5818,0,5818,0,1.0000,0.0000,1.0000,16013680.487033783,23436.08599346848,16037116.573027255,16037116.573027255,34651808.0800,0.000167898887,37497.73758954968,7200,0,1,0.0,1
"stress","MQT-Set03-7-127-AllOpt-IBMMapped-Only127-Extra.csv","P:0.5/0.0/0.5/0",5818,5818,0,5818,0,1.0000,0.0000,1.0000,20950054.55122072,42694.11767445845,20992748.668895178,20992748.668895178,80151451.4500,0.000072587581,68310.5882791337,6898,0,1,0.0,1
"stress","MQT-Set03-7-127-AllOpt-IBMMapped-Only127-Extra.csv","P:0.5/0.1/0.4/0",5818,5818,0,5818,0,1.0000,0.0000,1.0000,15094455.46079276,25157.85474905462,15119613.315541815,15119613.315541815,34166347.1200,0.000170284519,40252.56759848772,6992,0,1,0.0,1
"stress","MQT-Set03-7-127-AllOpt-IBMMapped-Only127-Extra.csv","P:0.5/0.2/0.3/0",5818,5818,0,5818,0,1.0000,0.0000,1.0000,20950054.55122072,42694.11767445845,20992748.668895178,20992748.668895178,80151451.4500,0.000072587581,68310.5882791337,6847,0,1,0.0,1
"stress","MQT-Set03-7-127-AllOpt-IBMMapped-Only127-Extra.csv","P:0.5/0.3/0.2/0",5818,5818,0,5818,0,1.0000,0.0000,1.0000,20950054.55122072,42694.11767445845,20992748.668895178,20992748.668895178,80151451.4500,0.000072587581,68310.5882791337,6853,0,1,0.0,1
"stress","MQT-Set03-7-127-AllOpt-IBMMapped-Only127-Extra.csv","P:0.5/0.4/0.1/0",5818,5818,0,5818,0,1.0000,0.0000,1.0000,20950054.55122072,42694.11767445845,20992748.668895178,20992748.668895178,80151451.4500,0.000072587581,68310.5882791337,7151,0,1,0.0,1
"stress","MQT-Set03-7-127-AllOpt-IBMMapped-Only127-Extra.csv","P:0.5/0.5/0.0/0",5818,5818,0,5818,0,1.0000,0.0000,1.0000,20950054.55122072,42694.11767445845,20992748.668895178,20992748.668895178,80151451.4500,0.000072587581,68310.5882791337,7055,0,1,0.0,1
"stress","MQT-Set03-7-127-AllOpt-IBMMapped-Only127-Extra.csv","P:0.6/0.0/0.4/0",5818,5818,0,5818,0,1.0000,0.0000,1.0000,20950054.55122072,42694.11767445845,20992748.668895178,20992748.668895178,80151451.4500,0.000072587581,68310.5882791337,6922,0,1,0.0,1
"stress","MQT-Set03-7-127-AllOpt-IBMMapped-Only127-Extra.csv","P:0.6/0.1/0.3/0",5818,5818,0,5818,0,1.0000,0.0000,1.0000,20950054.55122072,42694.11767445845,20992748.668895178,20992748.668895178,80151451.4500,0.000072587581,68310.5882791337,7037,0,1,0.0,1
"stress","MQT-Set03-7-127-AllOpt-IBMMapped-Only127-Extra.csv","P:0.6/0.2/0.2/0",5818,5818,0,5818,0,1.0000,0.0000,1.0000,20950054.55122072,42694.11767445845,20992748.668895178,20992748.668895178,80151451.4500,0.000072587581,68310.5882791337,7098,0,1,0.0,1
"stress","MQT-Set03-7-127-AllOpt-IBMMapped-Only127-Extra.csv","P:0.6/0.3/0.1/0",5818,5818,0,5818,0,1.0000,0.0000,1.0000,20950054.55122072,42694.11767445845,20992748.668895178,20992748.668895178,80151451.4500,0.000072587581,68310.5882791337,7524,0,1,0.0,1
"stress","MQT-Set03-7-127-AllOpt-IBMMapped-Only127-Extra.csv","P:0.6/0.4/0.0/0",5818,5818,0,5818,0,1.0000,0.0000,1.0000,20950054.55122072,42694.11767445845,20992748.668895178,20992748.668895178,80151451.4500,0.000072587581,68310.5882791337,7813,0,1,0.0,1
"stress","MQT-Set03-7-127-AllOpt-IBMMapped-Only127-Extra.csv","P:0.7/0.0/0.3/0",5818,5818,0,5818,0,1.0000,0.0000,1.0000,20950054.55122072,42694.11767445845,20992748.668895178,20992748.668895178,80151451.4500,0.000072587581,68310.5882791337,7000,0,1,0.0,1
"stress","MQT-Set03-7-127-AllOpt-IBMMapped-Only127-Extra.csv","P:0.7/0.1/0.2/0",5818,5818,0,5818,0,1.0000,0.0000,1.0000,20950054.55122072,42694.11767445845,20992748.668895178,20992748.668895178,80151451.4500,0.000072587581,68310.5882791337,6972,0,1,0.0,1
"stress","MQT-Set03-7-127-AllOpt-IBMMapped-Only127-Extra.csv","P:0.7/0.2/0.1/0",5818,5818,0,5818,0,1.0000,0.0000,1.0000,20950054.55122072,42694.11767445845,20992748.668895178,20992748.668895178,80151451.4500,0.000072587581,68310.5882791337,7368,0,1,0.0,1
"stress","MQT-Set03-7-127-AllOpt-IBMMapped-Only127-Extra.csv","P:0.7/0.3/0.0/0",5818,5818,0,5818,0,1.0000,0.0000,1.0000,20950054.55122072,42694.11767445845,20992748.668895178,20992748.668895178,80151451.4500,0.000072587581,68310.5882791337,7067,0,1,0.0,1
"stress","MQT-Set03-7-127-AllOpt-IBMMapped-Only127-Extra.csv","P:0.8/0.0/0.2/0",5818,5818,0,5818,0,1.0000,0.0000,1.0000,20950054.55122072,42694.11767445845,20992748.668895178,20992748.668895178,80151451.4500,0.000072587581,68310.5882791337,6910,0,1,0.0,1
"stress","MQT-Set03-7-127-AllOpt-IBMMapped-Only127-Extra.csv","P:0.8/0.1/0.1/0",5818,5818,0,5818,0,1.0000,0.0000,1.0000,20950054.55122072,42694.11767445845,20992748.668895178,20992748.668895178,80151451.4500,0.000072587581,68310.5882791337,6974,0,1,0.0,1
"stress","MQT-Set03-7-127-AllOpt-IBMMapped-Only127-Extra.csv","P:0.8/0.2/0.0/0",5818,5818,0,5818,0,1.0000,0.0000,1.0000,20950054.55122072,42694.11767445845,20992748.668895178,20992748.668895178,80151451.4500,0.000072587581,68310.5882791337,6863,0,1,0.0,1
"stress","MQT-Set03-7-127-AllOpt-IBMMapped-Only127-Extra.csv","P:0.9/0.0/0.1/0",5818,5818,0,5818,0,1.0000,0.0000,1.0000,20950054.55122072,42694.11767445845,20992748.668895178,20992748.668895178,80151451.4500,0.000072587581,68310.5882791337,6785,0,1,0.0,1
"stress","MQT-Set03-7-127-AllOpt-IBMMapped-Only127-Extra.csv","P:0.9/0.1/0.0/0",5818,5818,0,5818,0,1.0000,0.0000,1.0000,20950054.55122072,42694.11767445845,20992748.668895178,20992748.668895178,80151451.4500,0.000072587581,68310.5882791337,7374,0,1,0.0,1
"stress","MQT-Set03-7-127-AllOpt-IBMMapped-Only127-Extra.csv","P:1.0/0.0/0.0/0",5818,5818,0,5818,0,1.0000,0.0000,1.0000,21171859.43694682,44152.34003781353,21216011.776984632,21216011.776984632,90321312.3400,0.000064414476,70643.74406050178,7085,0,1,0.0,1
"stress","MQT-Set04-7-127-AllOpt-IBMMapped-Extra.csv","P:0.0/0.0/1.0/0",7315,7315,1497,5818,0,1.0000,0.204647983595,0.795352016405,32310842.65327713,11809.01053725221,32322651.663814384,32322651.663814384,80301615.4200,0.000091094058,18894.416859603545,7918,0,1,0.0,1
"stress","MQT-Set04-7-127-AllOpt-IBMMapped-Extra.csv","P:0.0/0.1/0.9/0",7315,7315,1497,5818,0,1.0000,0.204647983595,0.795352016405,32310842.65327713,11809.01053725221,32322651.663814384,32322651.663814384,80301615.4200,0.000091094058,18894.416859603545,7914,0,1,0.0,1
"stress","MQT-Set04-7-127-AllOpt-IBMMapped-Extra.csv","P:0.0/0.2/0.8/0",7315,7315,1497,5818,0,1.0000,0.204647983595,0.795352016405,32310842.65327713,11809.01053725221,32322651.663814384,32322651.663814384,80301615.4200,0.000091094058,18894.416859603545,7398,0,1,0.0,1
"stress","MQT-Set04-7-127-AllOpt-IBMMapped-Extra.csv","P:0.0/0.3/0.7/0",7315,7315,1497,5818,0,1.0000,0.204647983595,0.795352016405,31929592.36966832,11670.453112781894,31941262.822781105,31941262.822781105,80301615.4200,0.000091094058,18672.724980451163,7087,0,1,0.0,1
"stress","MQT-Set04-7-127-AllOpt-IBMMapped-Extra.csv","P:0.0/0.4/0.6/0",7315,7315,1497,5818,0,1.0000,0.204647983595,0.795352016405,31929592.36966832,11670.453112781894,31941262.822781105,31941262.822781105,80301615.4200,0.000091094058,18672.724980451163,7163,0,1,0.0,1
"stress","MQT-Set04-7-127-AllOpt-IBMMapped-Extra.csv","P:0.0/0.5/0.5/0",7315,7315,1497,5818,0,1.0000,0.204647983595,0.795352016405,31929592.36966832,11670.453112781894,31941262.822781105,31941262.822781105,80301615.4200,0.000091094058,18672.724980451163,7126,0,1,0.0,1
"stress","MQT-Set04-7-127-AllOpt-IBMMapped-Extra.csv","P:0.0/0.6/0.4/0",7315,7315,1497,5818,0,1.0000,0.204647983595,0.795352016405,31929592.36966832,11670.453112781894,31941262.822781105,31941262.822781105,80301615.4200,0.000091094058,18672.724980451163,7112,0,1,0.0,1
"stress","MQT-Set04-7-127-AllOpt-IBMMapped-Extra.csv","P:0.0/0.7/0.3/0",7315,7315,1497,5818,0,1.0000,0.204647983595,0.795352016405,31929592.36966832,11670.453112781894,31941262.822781105,31941262.822781105,80301615.4200,0.000091094058,18672.724980451163,7344,0,1,0.0,1
"stress","MQT-Set04-7-127-AllOpt-IBMMapped-Extra.csv","P:0.0/0.8/0.2/0",7315,7315,1497,5818,0,1.0000,0.204647983595,0.795352016405,31929592.36966832,11670.453112781894,31941262.822781105,31941262.822781105,80301615.4200,0.000091094058,18672.724980451163,7218,0,1,0.0,1
"stress","MQT-Set04-7-127-AllOpt-IBMMapped-Extra.csv","P:0.0/0.9/0.1/0",7315,7315,1497,5818,0,1.0000,0.204647983595,0.795352016405,31929592.36966832,11670.453112781894,31941262.822781105,31941262.822781105,80301615.4200,0.000091094058,18672.724980451163,7104,0,1,0.0,1
"stress","MQT-Set04-7-127-AllOpt-IBMMapped-Extra.csv","P:0.0/1.0/0.0/0",7315,7315,1497,5818,0,1.0000,0.204647983595,0.795352016405,31929592.36966832,11670.453112781894,31941262.822781105,31941262.822781105,80301615.4200,0.000091094058,18672.724980451163,7215,0,1,0.0,1
"stress","MQT-Set04-7-127-AllOpt-IBMMapped-Extra.csv","P:0.1/0.0/0.9/0",7315,7315,1497,5818,0,1.0000,0.204647983595,0.795352016405,32310842.65327713,11809.01053725221,32322651.663814384,32322651.663814384,80301615.4200,0.000091094058,18894.416859603545,7215,0,1,0.0,1
"stress","MQT-Set04-7-127-AllOpt-IBMMapped-Extra.csv","P:0.1/0.1/0.8/0",7315,7315,1497,5818,0,1.0000,0.204647983595,0.795352016405,31975066.407414272,11755.271365686915,31986821.678779963,31986821.678779963,80301615.4200,0.000091094058,18808.434185099137,7072,0,1,0.0,1
"stress","MQT-Set04-7-127-AllOpt-IBMMapped-Extra.csv","P:0.1/0.2/0.7/0",7315,7315,1497,5818,0,1.0000,0.204647983595,0.795352016405,31838408.439550277,11709.648723171493,31850118.088273447,31850118.088273447,80301615.4200,0.000091094058,18735.43795707456,7728,0,1,0.0,1
"stress","MQT-Set04-7-127-AllOpt-IBMMapped-Extra.csv","P:0.1/0.3/0.6/0",7315,7315,1497,5818,0,1.0000,0.204647983595,0.795352016405,31864760.18599727,11680.383680109308,31876440.569677383,31876440.569677383,80301615.4200,0.000091094058,18688.613888175005,7859,0,1,0.0,1
"stress","MQT-Set04-7-127-AllOpt-IBMMapped-Extra.csv","P:0.1/0.4/0.5/0",7315,7315,1497,5818,0,1.0000,0.204647983595,0.795352016405,31919674.687843915,11670.820371838616,31931345.508215755,31931345.508215755,80301615.4200,0.000091094058,18673.312594941963,7226,0,1,0.0,1
"stress","MQT-Set04-7-127-AllOpt-IBMMapped-Extra.csv","P:0.1/0.5/0.4/0",7315,7315,1497,5818,0,1.0000,0.204647983595,0.795352016405,31927256.809293,11670.506020505723,31938927.3153135,31938927.3153135,80301615.4200,0.000091094058,18672.809632809334,7449,0,1,0.0,1
"stress","MQT-Set04-7-127-AllOpt-IBMMapped-Extra.csv","P:0.1/0.6/0.3/0",7315,7315,1497,5818,0,1.0000,0.204647983595,0.795352016405,31929592.36966832,11670.453112781894,31941262.822781105,31941262.822781105,80301615.4200,0.000091094058,18672.724980451163,7530,0,1,0.0,1
"stress","MQT-Set04-7-127-AllOpt-IBMMapped-Extra.csv","P:0.1/0.7/0.2/0",7315,7315,1497,5818,0,1.0000,0.204647983595,0.795352016405,31929592.36966832,11670.453112781894,31941262.822781105,31941262.822781105,80301615.4200,0.000091094058,18672.724980451163,7660,0,1,0.0,1
"stress","MQT-Set04-7-127-AllOpt-IBMMapped-Extra.csv","P:0.1/0.8/0.1/0",7315,7315,1497,5818,0,1.0000,0.204647983595,0.795352016405,30314333.484346118,11772.272538619205,30326105.75688474,30326105.75688474,78439592.6100,0.000093256476,18835.636061790876,7421,0,1,0.0,1
"stress","MQT-Set04-7-127-AllOpt-IBMMapped-Extra.csv","P:0.1/0.9/0.0/0",7315,7315,1497,5818,0,1.0000,0.204647983595,0.795352016405,20942537.85558474,12753.53919753925,20955291.394782282,20955291.394782282,60494677.8900,0.000120919728,20405.662716062896,7569,0,1,0.0,1
"stress","MQT-Set04-7-127-AllOpt-IBMMapped-Extra.csv","P:0.2/0.0/0.8/0",7315,7315,1497,5818,0,1.0000,0.204647983595,0.795352016405,31780043.36520333,11771.392388243308,31791814.757591575,31791814.757591575,80301615.4200,0.000091094058,18834.22782118937,7339,0,1,0.0,1
"stress","MQT-Set04-7-127-AllOpt-IBMMapped-Extra.csv","P:0.2/0.1/0.7/0",7315,7315,1497,5818,0,1.0000,0.204647983595,0.795352016405,31776837.457158502,11739.151033492775,31788576.608191993,31788576.608191993,80301615.4200,0.000091094058,18782.641653588522,7490,0,1,0.0,1
"stress","MQT-Set04-7-127-AllOpt-IBMMapped-Extra.csv","P:0.2/0.2/0.6/0",7315,7315,1497,5818,0,1.0000,0.204647983595,0.795352016405,31780049.06277235,11754.129178400506,31791803.19195075,31791803.19195075,80301615.4200,0.000091094058,18806.60668544089,7643,0,1,0.0,1
"stress","MQT-Set04-7-127-AllOpt-IBMMapped-Extra.csv","P:0.2/0.3/0.5/0",7315,7315,1497,5818,0,1.0000,0.204647983595,0.795352016405,31815821.542161934,11695.667505126401,31827517.209667064,31827517.209667064,80301615.4200,0.000091094058,18713.068008202314,7761,0,1,0.0,1
"stress","MQT-Set04-7-127-AllOpt-IBMMapped-Extra.csv","P:0.2/0.4/0.4/0",7315,7315,1497,5818,0,1.0000,0.204647983595,0.795352016405,26797007.779595762,12057.198911824958,26809064.97850759,26809064.97850759,73374798.3200,0.00009969363,19291.518258920067,7459,0,1,0.0,1
"stress","MQT-Set04-7-127-AllOpt-IBMMapped-Extra.csv","P:0.2/0.5/0.3/0",7315,7315,1497,5818,0,1.0000,0.204647983595,0.795352016405,21919402.794322174,12607.505146958338,21932010.299469136,21932010.299469136,63317811.6100,0.000115528314,20172.008235133228,8086,0,1,0.0,1
"stress","MQT-Set04-7-127-AllOpt-IBMMapped-Extra.csv","P:0.2/0.6/0.2/0",7315,7315,1497,5818,0,1.0000,0.204647983595,0.795352016405,19840855.37702349,12948.14118660278,19853803.51821009,19853803.51821009,57074554.480000004,0.000128165696,20717.025898564545,7425,0,1,0.0,1
"stress","MQT-Set04-7-127-AllOpt-IBMMapped-Extra.csv","P:0.2/0.7/0.1/0",7315,7315,1497,5818,0,1.0000,0.204647983595,0.795352016405,17959204.957278743,13412.644824333547,17972617.602103073,17972617.602103073,51836551.7100,0.00014111664,21460.231718933675,7276,0,1,0.0,1
"stress","MQT-Set04-7-127-AllOpt-IBMMapped-Extra.csv","P:0.2/0.8/0.0/0",7315,7315,1497,5818,0,1.0000,0.204647983595,0.795352016405,15194372.622051109,14678.741256322559,15209051.363307435,15209051.363307435,42239451.6400,0.000173179332,23485.98601011606,7725,0,1,0.0,1
"stress","MQT-Set04-7-127-AllOpt-IBMMapped-Extra.csv","P:0.3/0.0/0.7/0",7315,7315,1497,5818,0,1.0000,0.204647983595,0.795352016405,25587972.39557903,12257.87991250849,25600230.27549154,25600230.27549154,71404973.44999999,0.000102443845,19612.60786001368,7385,0,1,0.0,1
"stress","MQT-Set04-7-127-AllOpt-IBMMapped-Extra.csv","P:0.3/0.1/0.6/0",7315,7315,1497,5818,0,1.0000,0.204647983595,0.795352016405,22497428.925733782,12559.01248667118,22509987.938220453,22509987.938220453,65308398.620000005,0.000112007034,20094.41997867394,7509,0,1,0.0,1
"stress","MQT-Set04-7-127-AllOpt-IBMMapped-Extra.csv","P:0.3/0.2/0.5/0",7315,7315,1497,5818,0,1.0000,0.204647983595,0.795352016405,20672034.39829358,12865.164477101818,20684899.562770683,20684899.562770683,59983557.6100,0.000121950086,20584.263163362924,7679,0,1,0.0,1
"stress","MQT-Set04-7-127-AllOpt-IBMMapped-Extra.csv","P:0.3/0.3/0.4/0",7315,7315,1497,5818,0,1.0000,0.204647983595,0.795352016405,19337555.047505062,13045.509521531027,19350600.557026595,19350600.557026595,58152789.620000005,0.000125789322,20872.815234449794,7425,0,1,0.0,1
"stress","MQT-Set04-7-127-AllOpt-IBMMapped-Extra.csv","P:0.3/0.4/0.3/0",7315,7315,1497,5818,0,1.0000,0.204647983595,0.795352016405,15389388.1897348,14577.321298701228,15403965.511033501,15403965.511033501,46179272.800000004,0.0001584044,23323.71407792201,7381,0,1,0.0,1
"stress","MQT-Set04-7-127-AllOpt-IBMMapped-Extra.csv","P:0.3/0.5/0.2/0",7315,7315,1497,5818,0,1.0000,0.204647983595,0.795352016405,15136888.32918105,14503.24307997264,15151391.57226102,15151391.57226102,42288724.800000004,0.00017297755,23205.188927956162,7386,0,1,0.0,1
"stress","MQT-Set04-7-127-AllOpt-IBMMapped-Extra.csv","P:0.3/0.6/0.1/0",7315,7315,1497,5818,0,1.0000,0.204647983595,0.795352016405,14581158.922489908,15305.125316472908,14596464.04780638,14596464.04780638,38139151.8700,0.000191797658,24488.20050635673,7472,0,1,0.0,1
"stress","MQT-Set04-7-127-AllOpt-IBMMapped-Extra.csv","P:0.3/0.7/0.0/0",7315,7315,1497,5818,0,1.0000,0.204647983595,0.795352016405,13601726.213172123,16583.205030758658,13618309.41820288,13618309.41820288,37619986.1100,0.000194444516,26533.128049213916,7384,0,1,0.0,1
"stress","MQT-Set04-7-127-AllOpt-IBMMapped-Extra.csv","P:0.4/0.0/0.6/0",7315,7315,1497,5818,0,1.0000,0.204647983595,0.795352016405,17565615.698468518,13628.204462064186,17579243.902930576,17579243.902930576,52735477.1300,0.000138711175,21805.1271393028,7471,0,1,0.0,1
"stress","MQT-Set04-7-127-AllOpt-IBMMapped-Extra.csv","P:0.4/0.1/0.5/0",7315,7315,1497,5818,0,1.0000,0.204647983595,0.795352016405,15579925.947063573,14363.010971975364,15594288.958035547,15594288.958035547,46048317.9900,0.000158854879,22980.81755516059,7272,0,1,0.0,1
"stress","MQT-Set04-7-127-AllOpt-IBMMapped-Extra.csv","P:0.4/0.2/0.4/0",7315,7315,1497,5818,0,1.0000,0.204647983595,0.795352016405,14847406.314166166,14793.089733424467,14862199.40389959,14862199.40389959,42512030.6400,0.000172068939,23668.943573479057,7830,0,1,0.0,1
"stress","MQT-Set04-7-127-AllOpt-IBMMapped-Extra.csv","P:0.4/0.3/0.3/0",7315,7315,1497,5818,0,1.0000,0.204647983595,0.795352016405,13255692.031053971,16770.74597402594,13272462.777027996,13272462.777027996,36667800.690000005,0.00019949383,26833.193558441468,7213,0,1,0.0,1
"stress","MQT-Set04-7-127-AllOpt-IBMMapped-Extra.csv","P:0.4/0.4/0.2/0",7315,7315,1497,5818,0,1.0000,0.204647983595,0.795352016405,12930112.246170854,17422.976360902187,12947535.222531758,12947535.222531758,36441126.4200,0.000200734739,27876.762177443587,7324,0,1,0.0,1
"stress","MQT-Set04-7-127-AllOpt-IBMMapped-Extra.csv","P:0.4/0.5/0.1/0",7315,7315,1497,5818,0,1.0000,0.204647983595,0.795352016405,12792501.793815477,18044.079496924092,12810545.873312399,12810545.873312399,35763995.010000005,0.000204535315,28870.527195078645,7562,0,1,0.0,1
"stress","MQT-Set04-7-127-AllOpt-IBMMapped-Extra.csv","P:0.4/0.6/0.0/0",7315,7315,1497,5818,0,1.0000,0.204647983595,0.795352016405,12528621.990812069,19521.92698154478,12548143.917793613,12548143.917793613,38062085.2100,0.000192186002,31235.08317047154,7079,0,1,0.0,1
"stress","MQT-Set04-7-127-AllOpt-IBMMapped-Extra.csv","P:0.5/0.0/0.5/0",7315,7315,1497,5818,0,1.0000,0.204647983595,0.795352016405,17087081.674594235,34520.88893916608,17121602.5635334,17121602.5635334,88912852.1900,0.000082271571,55233.42230266575,7153,0,1,0.0,1
"stress","MQT-Set04-7-127-AllOpt-IBMMapped-Extra.csv","P:0.5/0.1/0.4/0",7315,7315,1497,5818,0,1.0000,0.204647983595,0.795352016405,11664447.554177728,19489.50928913191,11683937.06346686,11683937.06346686,31941602.1500,0.000229011681,31183.21486261102,7191,0,1,0.0,1
"stress","MQT-Set04-7-127-AllOpt-IBMMapped-Extra.csv","P:0.5/0.2/0.3/0",7315,7315,1497,5818,0,1.0000,0.204647983595,0.795352016405,17087440.421092182,34514.77104853045,17121955.192140713,17121955.192140713,88912852.1900,0.000082271571,55223.63367764876,7789,0,1,0.0,1
"stress","MQT-Set04-7-127-AllOpt-IBMMapped-Extra.csv","P:0.5/0.3/0.2/0",7315,7315,1497,5818,0,1.0000,0.204647983595,0.795352016405,17087440.421092182,34514.77104853045,17121955.192140713,17121955.192140713,88912852.1900,0.000082271571,55223.63367764876,7432,0,1,0.0,1
"stress","MQT-Set04-7-127-AllOpt-IBMMapped-Extra.csv","P:0.5/0.4/0.1/0",7315,7315,1497,5818,0,1.0000,0.204647983595,0.795352016405,17087440.421092182,34514.77104853045,17121955.192140713,17121955.192140713,88912852.1900,0.000082271571,55223.63367764876,7454,0,1,0.0,1
"stress","MQT-Set04-7-127-AllOpt-IBMMapped-Extra.csv","P:0.5/0.5/0.0/0",7315,7315,1497,5818,0,1.0000,0.204647983595,0.795352016405,17087440.421092182,34514.77104853045,17121955.192140713,17121955.192140713,88912852.1900,0.000082271571,55223.63367764876,7356,0,1,0.0,1
"stress","MQT-Set04-7-127-AllOpt-IBMMapped-Extra.csv","P:0.6/0.0/0.4/0",7315,7315,1497,5818,0,1.0000,0.204647983595,0.795352016405,17087081.674594235,34520.88893916608,17121602.5635334,17121602.5635334,88912852.1900,0.000082271571,55233.42230266575,7366,0,1,0.0,1
"stress","MQT-Set04-7-127-AllOpt-IBMMapped-Extra.csv","P:0.6/0.1/0.3/0",7315,7315,1497,5818,0,1.0000,0.204647983595,0.795352016405,17087087.372163393,34503.62572932335,17121590.997892715,17121590.997892715,88912852.1900,0.000082271571,55205.80116691732,7563,0,1,0.0,1
"stress","MQT-Set04-7-127-AllOpt-IBMMapped-Extra.csv","P:0.6/0.2/0.2/0",7315,7315,1497,5818,0,1.0000,0.204647983595,0.795352016405,17087440.421092182,34514.77104853045,17121955.192140713,17121955.192140713,88912852.1900,0.000082271571,55223.63367764876,7153,0,1,0.0,1
"stress","MQT-Set04-7-127-AllOpt-IBMMapped-Extra.csv","P:0.6/0.3/0.1/0",7315,7315,1497,5818,0,1.0000,0.204647983595,0.795352016405,17087440.421092182,34514.77104853045,17121955.192140713,17121955.192140713,88912852.1900,0.000082271571,55223.63367764876,14126,0,1,0.0,1
"stress","MQT-Set04-7-127-AllOpt-IBMMapped-Extra.csv","P:0.6/0.4/0.0/0",7315,7315,1497,5818,0,1.0000,0.204647983595,0.795352016405,17087440.421092182,34514.77104853045,17121955.192140713,17121955.192140713,88912852.1900,0.000082271571,55223.63367764876,12550,0,1,0.0,1
"stress","MQT-Set04-7-127-AllOpt-IBMMapped-Extra.csv","P:0.7/0.0/0.3/0",7315,7315,1497,5818,0,1.0000,0.204647983595,0.795352016405,17087081.674594235,34520.88893916608,17121602.5635334,17121602.5635334,88912852.1900,0.000082271571,55233.42230266575,5115,0,1,0.0,1
"stress","MQT-Set04-7-127-AllOpt-IBMMapped-Extra.csv","P:0.7/0.1/0.2/0",7315,7315,1497,5818,0,1.0000,0.204647983595,0.795352016405,17087087.372163393,34503.62572932335,17121590.997892715,17121590.997892715,88912852.1900,0.000082271571,55205.80116691732,5004,0,1,0.0,1
"stress","MQT-Set04-7-127-AllOpt-IBMMapped-Extra.csv","P:0.7/0.2/0.1/0",7315,7315,1497,5818,0,1.0000,0.204647983595,0.795352016405,17087440.421092182,34514.77104853045,17121955.192140713,17121955.192140713,88912852.1900,0.000082271571,55223.63367764876,5032,0,1,0.0,1
"stress","MQT-Set04-7-127-AllOpt-IBMMapped-Extra.csv","P:0.7/0.3/0.0/0",7315,7315,1497,5818,0,1.0000,0.204647983595,0.795352016405,17087440.421092182,34514.77104853045,17121955.192140713,17121955.192140713,88912852.1900,0.000082271571,55223.63367764876,4950,0,1,0.0,1
"stress","MQT-Set04-7-127-AllOpt-IBMMapped-Extra.csv","P:0.8/0.0/0.2/0",7315,7315,1497,5818,0,1.0000,0.204647983595,0.795352016405,17087081.674594235,34520.88893916608,17121602.5635334,17121602.5635334,88912852.1900,0.000082271571,55233.42230266575,5014,0,1,0.0,1
"stress","MQT-Set04-7-127-AllOpt-IBMMapped-Extra.csv","P:0.8/0.1/0.1/0",7315,7315,1497,5818,0,1.0000,0.204647983595,0.795352016405,17087440.421092182,34514.77104853045,17121955.192140713,17121955.192140713,88912852.1900,0.000082271571,55223.63367764876,4996,0,1,0.0,1
"stress","MQT-Set04-7-127-AllOpt-IBMMapped-Extra.csv","P:0.8/0.2/0.0/0",7315,7315,1497,5818,0,1.0000,0.204647983595,0.795352016405,17087440.421092182,34514.77104853045,17121955.192140713,17121955.192140713,88912852.1900,0.000082271571,55223.63367764876,4991,0,1,0.0,1
"stress","MQT-Set04-7-127-AllOpt-IBMMapped-Extra.csv","P:0.9/0.0/0.1/0",7315,7315,1497,5818,0,1.0000,0.204647983595,0.795352016405,17087081.674594235,34520.88893916608,17121602.5635334,17121602.5635334,88912852.1900,0.000082271571,55233.42230266575,5444,0,1,0.0,1
"stress","MQT-Set04-7-127-AllOpt-IBMMapped-Extra.csv","P:0.9/0.1/0.0/0",7315,7315,1497,5818,0,1.0000,0.204647983595,0.795352016405,17087440.421092182,34514.77104853045,17121955.192140713,17121955.192140713,88912852.1900,0.000082271571,55223.63367764876,4987,0,1,0.0,1
"stress","MQT-Set04-7-127-AllOpt-IBMMapped-Extra.csv","P:1.0/0.0/0.0/0",7315,7315,1497,5818,0,1.0000,0.204647983595,0.795352016405,15414074.863616945,34132.920192754704,15448207.783809695,15448207.783809695,89614837.6100,0.000081627108,54612.67230840728,5086,0,1,0.0,1
