scenario,dataset,algorithm,total_submitted,total_completed,edge_completed,cloud_completed,total_incomplete,completion_ratio,edge_execution_ratio,cloud_execution_ratio,avg_waiting_time,avg_execution_time,avg_turnaround_time,avg_wall_clock_time,makespan,throughput,avg_cost,runner_wall_clock_ms,instance,lottery_seed,mct_sigma,mct_seed
"no_stress","MQT-Set01-298-10-27-IBMQ27-Opt3-Extra.csv","FCFS",238,238,238,0,0,1.0000,1.0000,0.0000,76536.94865546214,674.570714285714,77211.51936974785,77211.51936974785,160547.8300,0.001482424272,1079.313142857142,20,1,1,0.0,1
"no_stress","MQT-Set01-298-10-27-IBMQ27-Opt3-Extra.csv","LoadAware",238,238,238,0,0,1.0000,1.0000,0.0000,15835.188033613445,710.168571428571,16545.356605042016,16545.356605042016,40932.8800,0.005814396642,1136.269714285714,21,1,1,0.0,1
"no_stress","MQT-Set01-298-10-27-IBMQ27-Opt3-Extra.csv","QCLAR",238,238,238,0,0,1.0000,1.0000,0.0000,15793.152571195147,711.254579831933,16504.40715102708,16504.40715102708,42712.5500,0.005572132781,1138.007327731093,21,1,1,0.0,1
"no_stress","MQT-Set01-298-10-27-IBMQ27-Opt3-Extra.csv","QCLAAR",238,238,238,0,0,1.0000,1.0000,0.0000,15793.152571195147,711.254579831933,16504.40715102708,16504.40715102708,42712.5500,0.005572132781,1138.007327731093,28,1,1,0.0,1
"no_stress","MQT-Set01-298-10-27-IBMQ27-Opt3-Extra.csv","MCT",238,238,238,0,0,1.0000,1.0000,0.0000,15083.578913632113,711.971806722689,15795.550720354802,15795.550720354802,34087.6900,0.00698199262,1139.154890756303,8,1,1,0.0,1
"no_stress","MQT-Set02-10-27-Mapped-AllAlgorithmLeft-Extra.csv","FCFS",906,906,906,0,0,1.0000,1.0000,0.0000,567394.1227680197,1421.002814569536,568815.1255825892,568815.1255825892,1287428.5500,0.000703728374,2273.604503311257,71,1,1,0.0,1
"no_stress","MQT-Set02-10-27-Mapped-AllAlgorithmLeft-Extra.csv","LoadAware",906,906,906,0,0,1.0000,1.0000,0.0000,120583.37752335466,1499.502030905079,122082.87955425975,122082.87955425975,428717.0000,0.002113282188,2399.203249448125,66,1,1,0.0,1
"no_stress","MQT-Set02-10-27-Mapped-AllAlgorithmLeft-Extra.csv","QCLAR",906,906,906,0,0,1.0000,1.0000,0.0000,117530.29291888617,1487.846887417218,119018.13980630338,119018.13980630338,410853.8800,0.002205163549,2380.555019867547,86,1,1,0.0,1
"no_stress","MQT-Set02-10-27-Mapped-AllAlgorithmLeft-Extra.csv","QCLAAR",906,906,906,0,0,1.0000,1.0000,0.0000,117530.29291888617,1487.846887417218,119018.13980630338,119018.13980630338,410853.8800,0.002205163549,2380.555019867547,73,1,1,0.0,1
"no_stress","MQT-Set02-10-27-Mapped-AllAlgorithmLeft-Extra.csv","MCT",906,906,906,0,0,1.0000,1.0000,0.0000,102942.79274366547,1483.32798013245,104426.12072379791,104426.12072379791,346376.3200,0.002615652248,2373.324768211922,79,1,1,0.0,1
"no_stress","MQT-Set03-7-127-AllOpt-IBMMapped-Only127-Extra.csv","FCFS",4654,4654,0,4654,0,1.0000,0.0000,1.0000,97826002.54088326,41662.96371508379,97867665.50459835,97867665.50459835,193899433.12999997,0.000024002133,66660.74194413445,4017,1,1,0.0,1
"no_stress","MQT-Set03-7-127-AllOpt-IBMMapped-Only127-Extra.csv","LoadAware",4654,4654,0,4654,0,1.0000,0.0000,1.0000,7590945.216942566,19692.879795874498,7610638.096738441,7610638.096738441,30388110.270000003,0.000153152004,31508.60767339923,4170,1,1,0.0,1
"no_stress","MQT-Set03-7-127-AllOpt-IBMMapped-Only127-Extra.csv","QCLAR",4654,4654,0,4654,0,1.0000,0.0000,1.0000,5703421.466622177,11456.040189084675,5714877.506811262,5714877.506811262,13033986.4900,0.000357066505,18329.664302535468,4018,1,1,0.0,1
"no_stress","MQT-Set03-7-127-AllOpt-IBMMapped-Only127-Extra.csv","QCLAAR",4654,4654,0,4654,0,1.0000,0.0000,1.0000,5630918.6013750555,11867.744187795459,5642786.34556285,5642786.34556285,12848378.190000001,0.000362224705,18988.39070047265,3953,1,1,0.0,1
"no_stress","MQT-Set03-7-127-AllOpt-IBMMapped-Only127-Extra.csv","MCT",4654,4654,0,4654,0,1.0000,0.0000,1.0000,5231350.140281204,13422.990474860351,5244773.130756064,5244773.130756064,10465448.950000001,0.000444701419,21476.78475977653,4129,1,1,0.0,1
"no_stress","MQT-Set04-7-127-AllOpt-IBMMapped-Extra.csv","FCFS",5852,5852,1198,4654,0,1.0000,0.204716336295,0.795283663705,78050400.84389947,33726.754268626035,78084127.5981681,78084127.5981681,194790860.73000002,0.000030042477,53962.80682980187,4199,1,1,0.0,1
"no_stress","MQT-Set04-7-127-AllOpt-IBMMapped-Extra.csv","LoadAware",5852,5852,1198,4654,0,1.0000,0.204716336295,0.795283663705,6109436.170974526,16077.273098086049,6125513.444072612,6125513.444072612,29939791.0700,0.000195458946,25723.636956937815,4222,1,1,0.0,1
"no_stress","MQT-Set04-7-127-AllOpt-IBMMapped-Extra.csv","QCLAR",5852,5852,1198,4654,0,1.0000,0.204716336295,0.795283663705,4598406.479012984,9650.42384996579,4608056.902862952,4608056.902862952,14100858.6000,0.00041501019,15440.67815994528,4153,1,1,0.0,1
"no_stress","MQT-Set04-7-127-AllOpt-IBMMapped-Extra.csv","QCLAAR",5852,5852,1198,4654,0,1.0000,0.204716336295,0.795283663705,4509354.417555366,9991.602365003384,4519346.01992037,4519346.01992037,12767634.8400,0.000458346442,15986.56378400547,4685,1,1,0.0,1
"no_stress","MQT-Set04-7-127-AllOpt-IBMMapped-Extra.csv","MCT",5852,5852,1198,4654,0,1.0000,0.204716336295,0.795283663705,4218849.1130221905,11197.620444292535,4230046.733466482,4230046.733466482,10501034.3100,0.000557278438,17916.192710868007,4099,1,1,0.0,1
"no_stress","MQT-Set01-298-10-27-IBMQ27-Opt3-Extra.csv","LotterySeeded",238,238,238,0,0,1.0000,1.0000,0.0000,28812.351272957003,773.830966386555,29586.182239343558,29586.182239343558,72354.0900,0.003289378665,1238.129546218488,17,1,1,0.0,1
"no_stress","MQT-Set02-10-27-Mapped-AllAlgorithmLeft-Extra.csv","LotterySeeded",906,906,906,0,0,1.0000,1.0000,0.0000,211589.21920543126,1593.865353200885,213183.08455863214,213183.08455863214,667657.4500,0.001356983285,2550.184565121413,67,1,1,0.0,1
"no_stress","MQT-Set03-7-127-AllOpt-IBMMapped-Only127-Extra.csv","LotterySeeded",4654,4654,0,4654,0,1.0000,0.0000,1.0000,5719611.721841686,10770.404413407834,5730382.126255094,5730382.126255094,13943838.450000001,0.000333767493,17232.647061452495,4021,1,1,0.0,1
"no_stress","MQT-Set04-7-127-AllOpt-IBMMapped-Extra.csv","LotterySeeded",5852,5852,1198,4654,0,1.0000,0.204716336295,0.795283663705,4630451.51976345,9318.755934723185,4639770.275698173,4639770.275698173,12322726.1800,0.000474894915,14910.009495557126,4276,1,1,0.0,1
"no_stress","MQT-Set01-298-10-27-IBMQ27-Opt3-Extra.csv","LotterySeeded",238,238,238,0,0,1.0000,1.0000,0.0000,28398.359560772118,781.81743697479,29180.17699774691,29180.17699774691,80550.93000000001,0.002954652417,1250.907899159664,15,1,2,0.0,1
"no_stress","MQT-Set02-10-27-Mapped-AllAlgorithmLeft-Extra.csv","LotterySeeded",906,906,906,0,0,1.0000,1.0000,0.0000,227037.87914813092,1594.327958057394,228632.2071061883,228632.2071061883,700285.5200,0.001293758009,2550.924732891832,74,1,2,0.0,1
"no_stress","MQT-Set03-7-127-AllOpt-IBMMapped-Only127-Extra.csv","LotterySeeded",4654,4654,0,4654,0,1.0000,0.0000,1.0000,5803554.0546459975,10476.836439621804,5814030.891085619,5814030.891085619,14321573.9600,0.000324964282,16762.93830339489,3909,1,2,0.0,1
"no_stress","MQT-Set04-7-127-AllOpt-IBMMapped-Extra.csv","LotterySeeded",5852,5852,1198,4654,0,1.0000,0.204716336295,0.795283663705,4680941.843633332,8982.108673957615,4689923.95230729,4689923.95230729,13187365.5700,0.000443758078,14371.373878332208,4141,1,2,0.0,1
"no_stress","MQT-Set01-298-10-27-IBMQ27-Opt3-Extra.csv","LotterySeeded",238,238,238,0,0,1.0000,1.0000,0.0000,28115.892946778713,778.699663865546,28894.592610644257,28894.592610644257,82453.8000,0.002886464905,1245.919462184874,17,1,3,0.0,1
"no_stress","MQT-Set02-10-27-Mapped-AllAlgorithmLeft-Extra.csv","LotterySeeded",906,906,906,0,0,1.0000,1.0000,0.0000,211910.62490242187,1640.097571743929,213550.72247416578,213550.72247416578,631429.8900,0.001434838633,2624.156114790285,69,1,3,0.0,1
"no_stress","MQT-Set03-7-127-AllOpt-IBMMapped-Only127-Extra.csv","LotterySeeded",4654,4654,0,4654,0,1.0000,0.0000,1.0000,5765455.320425642,10600.650689729224,5776055.971115371,5776055.971115371,13034421.0000,0.000357054602,16961.041103566808,4270,1,3,0.0,1
"no_stress","MQT-Set04-7-127-AllOpt-IBMMapped-Extra.csv","LotterySeeded",5852,5852,1198,4654,0,1.0000,0.204716336295,0.795283663705,4649718.704870919,9114.263786739573,4658832.9686576575,4658832.9686576575,12591686.3800,0.000464751092,14582.822058783382,3986,1,3,0.0,1
"no_stress","MQT-Set01-298-10-27-IBMQ27-Opt3-Extra.csv","LotterySeeded",238,238,238,0,0,1.0000,1.0000,0.0000,28432.81134998784,750.510084033614,29183.321434021447,29183.321434021447,72136.1800,0.003299315267,1200.816134453781,16,1,4,0.0,1
"no_stress","MQT-Set02-10-27-Mapped-AllAlgorithmLeft-Extra.csv","LotterySeeded",906,906,906,0,0,1.0000,1.0000,0.0000,213761.38497842872,1613.152130242825,215374.53710867144,215374.53710867144,579281.4200,0.001564006662,2581.043408388522,65,1,4,0.0,1
"no_stress","MQT-Set03-7-127-AllOpt-IBMMapped-Only127-Extra.csv","LotterySeeded",4654,4654,0,4654,0,1.0000,0.0000,1.0000,5787693.108454382,10558.308891276318,5798251.417345659,5798251.417345659,13881754.2400,0.000335260221,16893.294226042115,3895,1,4,0.0,1
"no_stress","MQT-Set04-7-127-AllOpt-IBMMapped-Extra.csv","LotterySeeded",5852,5852,1198,4654,0,1.0000,0.204716336295,0.795283663705,4667725.94662786,9079.317886192759,4676805.264514054,4676805.264514054,13219524.0000,0.000442678571,14526.90861790836,4199,1,4,0.0,1
"no_stress","MQT-Set01-298-10-27-IBMQ27-Opt3-Extra.csv","LotterySeeded",238,238,238,0,0,1.0000,1.0000,0.0000,28789.800908577927,755.855294117647,29545.656202695576,29545.656202695576,76263.20000000001,0.003120771224,1209.368470588236,19,1,5,0.0,1
"no_stress","MQT-Set02-10-27-Mapped-AllAlgorithmLeft-Extra.csv","LotterySeeded",906,906,906,0,0,1.0000,1.0000,0.0000,213666.92794056132,1688.091832229579,215355.0197727909,215355.0197727909,801870.1000,0.001129858814,2700.946931567328,76,1,5,0.0,1
"no_stress","MQT-Set03-7-127-AllOpt-IBMMapped-Only127-Extra.csv","LotterySeeded",4654,4654,0,4654,0,1.0000,0.0000,1.0000,5676628.435653463,10884.79362698756,5687513.22928045,5687513.22928045,12902581.2500,0.000360703018,17415.669803180066,3923,1,5,0.0,1
"no_stress","MQT-Set04-7-127-AllOpt-IBMMapped-Extra.csv","LotterySeeded",5852,5852,1198,4654,0,1.0000,0.204716336295,0.795283663705,4600949.038059072,9242.457144565935,4610191.495203637,4610191.495203637,12467100.1500,0.000469395443,14787.931431305566,4089,1,5,0.0,1
"no_stress","MQT-Set01-298-10-27-IBMQ27-Opt3-Extra.csv","MCT",238,238,238,0,0,1.0000,1.0000,0.0000,15150.772316993469,711.473697478992,15862.246014472461,15862.246014472461,34556.6200,0.006887247653,1138.357915966386,20,1,1,0.25,1
"no_stress","MQT-Set02-10-27-Mapped-AllAlgorithmLeft-Extra.csv","MCT",906,906,906,0,0,1.0000,1.0000,0.0000,103549.10738908479,1482.289293598234,105031.39668268303,105031.39668268303,337375.6200,0.002685434116,2371.662869757172,58,1,1,0.25,1
"no_stress","MQT-Set03-7-127-AllOpt-IBMMapped-Only127-Extra.csv","MCT",4654,4654,0,4654,0,1.0000,0.0000,1.0000,5352059.107788704,13595.243446497647,5365654.351235201,5365654.351235201,10697667.030000001,0.000435048127,21752.389514396164,3957,1,1,0.25,1
"no_stress","MQT-Set04-7-127-AllOpt-IBMMapped-Extra.csv","MCT",5852,5852,1198,4654,0,1.0000,0.204716336295,0.795283663705,4323948.238888559,11347.59443438144,4335295.833322939,4335295.833322939,10954758.7000,0.00053419707,18156.151095010235,3990,1,1,0.25,1
"no_stress","MQT-Set01-298-10-27-IBMQ27-Opt3-Extra.csv","MCT",238,238,238,0,0,1.0000,1.0000,0.0000,15677.484165732962,713.264579831933,16390.74874556489,16390.74874556489,37523.1300,0.006342754456,1141.223327731093,17,1,1,0.5,1
"no_stress","MQT-Set02-10-27-Mapped-AllAlgorithmLeft-Extra.csv","MCT",906,906,906,0,0,1.0000,1.0000,0.0000,105472.06416612686,1484.722218543046,106956.78638466989,106956.78638466989,338891.2300,0.002673424154,2375.555549668875,62,1,1,0.5,1
"no_stress","MQT-Set03-7-127-AllOpt-IBMMapped-Only127-Extra.csv","MCT",4654,4654,0,4654,0,1.0000,0.0000,1.0000,5781905.105715226,14152.009312419415,5796057.1150276465,5796057.1150276465,12073087.8900,0.000385485473,22643.214899871047,3937,1,1,0.5,1
"no_stress","MQT-Set04-7-127-AllOpt-IBMMapped-Extra.csv","MCT",5852,5852,1198,4654,0,1.0000,0.204716336295,0.795283663705,4663102.54483525,11804.382301777116,4674906.927137027,4674906.927137027,12525357.450000001,0.000467212215,18887.011682843477,4123,1,1,0.5,1
"no_stress","MQT-Set01-298-10-27-IBMQ27-Opt3-Extra.csv","FCFS",238,238,238,0,0,1.0000,1.0000,0.0000,69330.37688162223,608.947226890756,69939.32410851298,69939.32410851298,144929.4400,0.001642178428,974.31556302521,15,2,1,0.0,1
"no_stress","MQT-Set01-298-10-27-IBMQ27-Opt3-Extra.csv","LoadAware",238,238,238,0,0,1.0000,1.0000,0.0000,14404.110691146017,641.696134453782,15045.806825599802,15045.806825599802,35673.329999999994,0.006671650782,1026.71381512605,17,2,1,0.0,1
"no_stress","MQT-Set01-298-10-27-IBMQ27-Opt3-Extra.csv","QCLAR",238,238,238,0,0,1.0000,1.0000,0.0000,14505.62241231275,643.206176470588,15148.828588783339,15148.828588783339,35673.3100,0.006671654523,1029.129882352941,19,2,1,0.0,1
"no_stress","MQT-Set01-298-10-27-IBMQ27-Opt3-Extra.csv","QCLAAR",238,238,238,0,0,1.0000,1.0000,0.0000,14505.62241231275,643.206176470588,15148.828588783339,15148.828588783339,35673.3100,0.006671654523,1029.129882352941,18,2,1,0.0,1
"no_stress","MQT-Set01-298-10-27-IBMQ27-Opt3-Extra.csv","MCT",238,238,238,0,0,1.0000,1.0000,0.0000,13736.20552855925,641.393781512605,14377.599310071853,14377.599310071853,31585.3800,0.00753513176,1026.230050420168,15,2,1,0.0,1
"no_stress","MQT-Set02-10-27-Mapped-AllAlgorithmLeft-Extra.csv","FCFS",906,906,906,0,0,1.0000,1.0000,0.0000,681506.3100969385,1512.162108167771,683018.4722051063,683018.4722051063,1370018.8700,0.00066130476,2419.459373068431,89,2,1,0.0,1
"no_stress","MQT-Set02-10-27-Mapped-AllAlgorithmLeft-Extra.csv","LoadAware",906,906,906,0,0,1.0000,1.0000,0.0000,148103.6338138258,1646.269260485651,149749.9030743115,149749.9030743115,405279.0600,0.002235496697,2634.030816777041,66,2,1,0.0,1
"no_stress","MQT-Set02-10-27-Mapped-AllAlgorithmLeft-Extra.csv","QCLAR",906,906,906,0,0,1.0000,1.0000,0.0000,147727.07230170452,1652.475121412804,149379.54742311733,149379.54742311733,441258.8300,0.002053216703,2643.960194260485,68,2,1,0.0,1
"no_stress","MQT-Set02-10-27-Mapped-AllAlgorithmLeft-Extra.csv","QCLAAR",906,906,906,0,0,1.0000,1.0000,0.0000,147727.07230170452,1652.475121412804,149379.54742311733,149379.54742311733,441258.8300,0.002053216703,2643.960194260485,66,2,1,0.0,1
"no_stress","MQT-Set02-10-27-Mapped-AllAlgorithmLeft-Extra.csv","MCT",906,906,906,0,0,1.0000,1.0000,0.0000,125063.96085716793,1589.054657836644,126653.01551500458,126653.01551500458,375047.9400,0.002415691178,2542.487452538634,66,2,1,0.0,1
"no_stress","MQT-Set03-7-127-AllOpt-IBMMapped-Only127-Extra.csv","FCFS",4654,4654,0,4654,0,1.0000,0.0000,1.0000,98273209.39721099,42179.426532015474,98315388.823743,98315388.823743,196303051.07999998,0.000023708241,67487.08245122491,4488,2,1,0.0,1
"no_stress","MQT-Set03-7-127-AllOpt-IBMMapped-Only127-Extra.csv","LoadAware",4654,4654,0,4654,0,1.0000,0.0000,1.0000,7670203.856846796,19879.754321014178,7690083.611167811,7690083.611167811,31174175.6400,0.000149290235,31807.606913622654,4043,2,1,0.0,1
"no_stress","MQT-Set03-7-127-AllOpt-IBMMapped-Only127-Extra.csv","QCLAR",4654,4654,0,4654,0,1.0000,0.0000,1.0000,5706471.580561009,11437.07564675549,5717908.656207765,5717908.656207765,13196521.0700,0.000352668705,18299.321034808807,4121,2,1,0.0,1
"no_stress","MQT-Set03-7-127-AllOpt-IBMMapped-Only127-Extra.csv","QCLAAR",4654,4654,0,4654,0,1.0000,0.0000,1.0000,5667789.522463333,11973.322599914045,5679762.845063248,5679762.845063248,13763996.6700,0.000338128533,19157.316159862476,3979,2,1,0.0,1
"no_stress","MQT-Set03-7-127-AllOpt-IBMMapped-Only127-Extra.csv","MCT",4654,4654,0,4654,0,1.0000,0.0000,1.0000,5255221.863192246,13603.378536742566,5268825.2417289885,5268825.2417289885,10580789.120000001,0.000439853772,21765.40565878818,4279,2,1,0.0,1
"no_stress","MQT-Set04-7-127-AllOpt-IBMMapped-Extra.csv","FCFS",5852,5852,1198,4654,0,1.0000,0.204716336295,0.795283663705,77050301.33268625,33633.99810321255,77083935.33078946,77083935.33078946,194942661.1600,0.000030019083,53814.39696514028,4856,2,1,0.0,1
"no_stress","MQT-Set04-7-127-AllOpt-IBMMapped-Extra.csv","LoadAware",5852,5852,1198,4654,0,1.0000,0.204716336295,0.795283663705,5981004.769993066,15854.815475051193,5996859.585468117,5996859.585468117,32050046.5000,0.000182589439,25367.704760081964,4161,2,1,0.0,1
"no_stress","MQT-Set04-7-127-AllOpt-IBMMapped-Extra.csv","QCLAR",5852,5852,1198,4654,0,1.0000,0.204716336295,0.795283663705,4536447.726086264,9445.488962747759,4545893.215049011,4545893.215049011,13057363.1000,0.000448176248,15112.782340396423,4144,2,1,0.0,1
"no_stress","MQT-Set04-7-127-AllOpt-IBMMapped-Extra.csv","QCLAAR",5852,5852,1198,4654,0,1.0000,0.204716336295,0.795283663705,4472027.458895561,9937.512735816812,4481964.971631379,4481964.971631379,12885773.7400,0.000454144246,15900.020377306933,4339,2,1,0.0,1
"no_stress","MQT-Set04-7-127-AllOpt-IBMMapped-Extra.csv","MCT",5852,5852,1198,4654,0,1.0000,0.204716336295,0.795283663705,4151619.551820421,11064.533559466849,4162684.0853798892,4162684.0853798892,10542222.5900,0.000555101161,17703.25369514696,4408,2,1,0.0,1
"no_stress","MQT-Set01-298-10-27-IBMQ27-Opt3-Extra.csv","LotterySeeded",238,238,238,0,0,1.0000,1.0000,0.0000,26540.48749416435,699.538319327731,27240.02581349208,27240.02581349208,73385.1300,0.00324316384,1119.261310924369,10,2,1,0.0,1
"no_stress","MQT-Set02-10-27-Mapped-AllAlgorithmLeft-Extra.csv","LotterySeeded",906,906,906,0,0,1.0000,1.0000,0.0000,241228.10758609415,1648.111732891832,242876.21931898597,242876.21931898597,722502.8000,0.001253974379,2636.978772626928,63,2,1,0.0,1
"no_stress","MQT-Set03-7-127-AllOpt-IBMMapped-Only127-Extra.csv","LotterySeeded",4654,4654,0,4654,0,1.0000,0.0000,1.0000,5732817.687198475,11054.13659862481,5743871.823797098,5743871.823797098,13432755.120000001,0.000346466526,17686.618557799764,3998,2,1,0.0,1
"no_stress","MQT-Set04-7-127-AllOpt-IBMMapped-Extra.csv","LotterySeeded",5852,5852,1198,4654,0,1.0000,0.204716336295,0.795283663705,4550564.367752542,8964.466139781242,4559528.833892324,4559528.833892324,13041166.9100,0.00044873285,14343.145823650064,4662,2,1,0.0,1
"no_stress","MQT-Set01-298-10-27-IBMQ27-Opt3-Extra.csv","LotterySeeded",238,238,238,0,0,1.0000,1.0000,0.0000,25789.038781512598,700.679117647059,26489.717899159656,26489.717899159656,68160.18000000001,0.003491774816,1121.086588235295,17,2,2,0.0,1
"no_stress","MQT-Set02-10-27-Mapped-AllAlgorithmLeft-Extra.csv","LotterySeeded",906,906,906,0,0,1.0000,1.0000,0.0000,270856.9747699116,1719.234072847681,272576.20884275925,272576.20884275925,617645.3400,0.001466861225,2750.774516556292,71,2,2,0.0,1
"no_stress","MQT-Set03-7-127-AllOpt-IBMMapped-Only127-Extra.csv","LotterySeeded",4654,4654,0,4654,0,1.0000,0.0000,1.0000,5749688.2834992455,10789.110678985762,5760477.394178231,5760477.394178231,13960235.5000,0.000333375465,17262.577086377274,4169,2,2,0.0,1
"no_stress","MQT-Set04-7-127-AllOpt-IBMMapped-Extra.csv","LotterySeeded",5852,5852,1198,4654,0,1.0000,0.204716336295,0.795283663705,4608173.268179514,8740.850987696478,4616914.1191672105,4616914.1191672105,13002932.0100,0.000450052342,13985.361580314422,4037,2,2,0.0,1
"no_stress","MQT-Set01-298-10-27-IBMQ27-Opt3-Extra.csv","LotterySeeded",238,238,238,0,0,1.0000,1.0000,0.0000,25061.95543518857,683.2950,25745.25043518857,25745.25043518857,60616.3500,0.003926333407,1093.2720,14,2,3,0.0,1
"no_stress","MQT-Set02-10-27-Mapped-AllAlgorithmLeft-Extra.csv","LotterySeeded",906,906,906,0,0,1.0000,1.0000,0.0000,249896.9892569102,1741.690419426046,251638.67967633627,251638.67967633627,730896.0100,0.001239574423,2786.704671081679,64,2,3,0.0,1
"no_stress","MQT-Set03-7-127-AllOpt-IBMMapped-Only127-Extra.csv","LotterySeeded",4654,4654,0,4654,0,1.0000,0.0000,1.0000,5794849.100534973,10706.327165878807,5805555.427700851,5805555.427700851,13239328.3200,0.000351528407,17130.123465406134,3977,2,3,0.0,1
"no_stress","MQT-Set04-7-127-AllOpt-IBMMapped-Extra.csv","LotterySeeded",5852,5852,1198,4654,0,1.0000,0.204716336295,0.795283663705,4572951.205467621,9012.908579972653,4581964.1140475925,4581964.1140475925,13168645.8600,0.000444388896,14420.653727956238,4029,2,3,0.0,1
"no_stress","MQT-Set01-298-10-27-IBMQ27-Opt3-Extra.csv","LotterySeeded",238,238,238,0,0,1.0000,1.0000,0.0000,25655.463639705904,682.874537815126,26338.33817752103,26338.33817752103,73383.48000000001,0.003243236761,1092.599260504202,19,2,4,0.0,1
"no_stress","MQT-Set02-10-27-Mapped-AllAlgorithmLeft-Extra.csv","LotterySeeded",906,906,906,0,0,1.0000,1.0000,0.0000,250014.54903085713,1769.414249448126,251783.9632803053,251783.9632803053,830438.3000,0.001090990143,2831.062799116997,67,2,4,0.0,1
"no_stress","MQT-Set03-7-127-AllOpt-IBMMapped-Only127-Extra.csv","LotterySeeded",4654,4654,0,4654,0,1.0000,0.0000,1.0000,5726345.599755528,11063.733268156411,5737409.333023685,5737409.333023685,13219567.0600,0.000352053889,17701.973229050276,4008,2,4,0.0,1
"no_stress","MQT-Set04-7-127-AllOpt-IBMMapped-Extra.csv","LotterySeeded",5852,5852,1198,4654,0,1.0000,0.204716336295,0.795283663705,4571242.326054525,8909.25139439506,4580151.577448919,4580151.577448919,13050420.2200,0.000448414679,14254.802231032096,4054,2,4,0.0,1
"no_stress","MQT-Set01-298-10-27-IBMQ27-Opt3-Extra.csv","LotterySeeded",238,238,238,0,0,1.0000,1.0000,0.0000,25037.278843137257,677.706092436975,25714.984935574234,25714.984935574234,59439.0800,0.00400409966,1084.32974789916,9,2,5,0.0,1
"no_stress","MQT-Set02-10-27-Mapped-AllAlgorithmLeft-Extra.csv","LotterySeeded",906,906,906,0,0,1.0000,1.0000,0.0000,266274.07822565746,1760.447108167769,268034.5253338252,268034.5253338252,722097.9600,0.001254677412,2816.715373068431,57,2,5,0.0,1
"no_stress","MQT-Set03-7-127-AllOpt-IBMMapped-Only127-Extra.csv","LotterySeeded",4654,4654,0,4654,0,1.0000,0.0000,1.0000,5720615.519236266,10776.857960893856,5731392.377197159,5731392.377197159,12827184.7300,0.000362823184,17242.97273743017,3966,2,5,0.0,1
"no_stress","MQT-Set04-7-127-AllOpt-IBMMapped-Extra.csv","LotterySeeded",5852,5852,1198,4654,0,1.0000,0.204716336295,0.795283663705,4557759.153306951,8969.155005126422,4566728.308312076,4566728.308312076,12910406.9300,0.000453277734,14350.648008202315,4038,2,5,0.0,1
"no_stress","MQT-Set01-298-10-27-IBMQ27-Opt3-Extra.csv","MCT",238,238,238,0,0,1.0000,1.0000,0.0000,13815.68149261153,641.970630252101,14457.652122863632,14457.652122863632,31571.940000000002,0.007538339424,1027.153008403361,17,2,1,0.25,2
"no_stress","MQT-Set02-10-27-Mapped-AllAlgorithmLeft-Extra.csv","MCT",906,906,906,0,0,1.0000,1.0000,0.0000,126076.64964303991,1590.702715231787,127667.35235827172,127667.35235827172,408560.6400,0.002217541073,2545.124344370861,61,2,1,0.25,2
"no_stress","MQT-Set03-7-127-AllOpt-IBMMapped-Only127-Extra.csv","MCT",4654,4654,0,4654,0,1.0000,0.0000,1.0000,5364006.039833858,13799.989329608929,5377806.029163467,5377806.029163467,11034228.4900,0.000421778469,22079.982927374363,3985,2,1,0.25,2
"no_stress","MQT-Set04-7-127-AllOpt-IBMMapped-Extra.csv","MCT",5852,5852,1198,4654,0,1.0000,0.204716336295,0.795283663705,4219829.34513894,11150.74432672589,4230980.089465666,4230980.089465666,10780189.1700,0.000542847617,17841.19092276142,4239,2,1,0.25,2
"no_stress","MQT-Set01-298-10-27-IBMQ27-Opt3-Extra.csv","MCT",238,238,238,0,0,1.0000,1.0000,0.0000,13951.195190090535,644.101386554622,14595.296576645156,14595.296576645156,32553.0000,0.007311154118,1030.562218487395,15,2,1,0.5,2
"no_stress","MQT-Set02-10-27-Mapped-AllAlgorithmLeft-Extra.csv","MCT",906,906,906,0,0,1.0000,1.0000,0.0000,123094.59370347041,1593.469790286974,124688.06349375739,124688.06349375739,354106.1300,0.002558554973,2549.55166445916,75,2,1,0.5,2
"no_stress","MQT-Set03-7-127-AllOpt-IBMMapped-Only127-Extra.csv","MCT",4654,4654,0,4654,0,1.0000,0.0000,1.0000,5725503.228196544,14356.231248388478,5739859.459444932,5739859.459444932,12248551.8800,0.000379963284,22969.969997421616,4093,2,1,0.5,2
"no_stress","MQT-Set04-7-127-AllOpt-IBMMapped-Extra.csv","MCT",5852,5852,1198,4654,0,1.0000,0.204716336295,0.795283663705,4541858.218918862,11534.734972658864,4553392.95389152,4553392.95389152,11951118.4400,0.000489661284,18455.575956254223,4391,2,1,0.5,2
"no_stress","MQT-Set01-298-10-27-IBMQ27-Opt3-Extra.csv","FCFS",238,238,238,0,0,1.0000,1.0000,0.0000,79241.92352941175,650.828403361344,79892.7519327731,79892.7519327731,154897.1600,0.001536503316,1041.325445378151,19,3,1,0.0,1
"no_stress","MQT-Set01-298-10-27-IBMQ27-Opt3-Extra.csv","LoadAware",238,238,238,0,0,1.0000,1.0000,0.0000,16361.863466386554,694.433487394958,17056.296953781515,17056.296953781515,41761.6400,0.005699009905,1111.093579831932,17,3,1,0.0,1
"no_stress","MQT-Set01-298-10-27-IBMQ27-Opt3-Extra.csv","QCLAR",238,238,238,0,0,1.0000,1.0000,0.0000,16289.821445926194,689.213529411765,16979.034975337963,16979.034975337963,37585.5400,0.006332222445,1102.741647058824,17,3,1,0.0,1
"no_stress","MQT-Set01-298-10-27-IBMQ27-Opt3-Extra.csv","QCLAAR",238,238,238,0,0,1.0000,1.0000,0.0000,16289.821445926194,689.213529411765,16979.034975337963,16979.034975337963,37585.5400,0.006332222445,1102.741647058824,20,3,1,0.0,1
"no_stress","MQT-Set01-298-10-27-IBMQ27-Opt3-Extra.csv","MCT",238,238,238,0,0,1.0000,1.0000,0.0000,15599.705570576045,685.671218487395,16285.37678906344,16285.37678906344,34753.6500,0.006848201556,1097.073949579831,17,3,1,0.0,1
"no_stress","MQT-Set02-10-27-Mapped-AllAlgorithmLeft-Extra.csv","FCFS",906,906,906,0,0,1.0000,1.0000,0.0000,634134.4039379986,1357.765342163355,635492.169280162,635492.169280162,1230135.4000,0.000736504291,2172.424547461371,70,3,1,0.0,1
"no_stress","MQT-Set02-10-27-Mapped-AllAlgorithmLeft-Extra.csv","LoadAware",906,906,906,0,0,1.0000,1.0000,0.0000,140378.7404170265,1498.495242825607,141877.2356598521,141877.2356598521,537930.2600,0.001684233194,2397.59238852097,67,3,1,0.0,1
"no_stress","MQT-Set02-10-27-Mapped-AllAlgorithmLeft-Extra.csv","QCLAR",906,906,906,0,0,1.0000,1.0000,0.0000,136596.05446330033,1471.093785871963,138067.14824917229,138067.14824917229,484137.3700,0.00187136969,2353.750057395144,71,3,1,0.0,1
"no_stress","MQT-Set02-10-27-Mapped-AllAlgorithmLeft-Extra.csv","QCLAAR",906,906,906,0,0,1.0000,1.0000,0.0000,136596.05446330033,1471.093785871963,138067.14824917229,138067.14824917229,484137.3700,0.00187136969,2353.750057395144,71,3,1,0.0,1
"no_stress","MQT-Set02-10-27-Mapped-AllAlgorithmLeft-Extra.csv","MCT",906,906,906,0,0,1.0000,1.0000,0.0000,120466.18927566236,1430.041986754968,121896.23126241729,121896.23126241729,293263.1300,0.003089375743,2288.067178807946,100,3,1,0.0,1
"no_stress","MQT-Set03-7-127-AllOpt-IBMMapped-Only127-Extra.csv","FCFS",4654,4654,0,4654,0,1.0000,0.0000,1.0000,97450260.72881168,42008.97988182208,97492269.7086935,97492269.7086935,195509792.36999997,0.000023804434,67214.36781091547,4254,3,1,0.0,1
"no_stress","MQT-Set03-7-127-AllOpt-IBMMapped-Only127-Extra.csv","LoadAware",4654,4654,0,4654,0,1.0000,0.0000,1.0000,7799952.140659865,20257.747187365676,7820209.887847232,7820209.887847232,32022566.330000002,0.00014533501,32412.395499785154,3914,3,1,0.0,1
"no_stress","MQT-Set03-7-127-AllOpt-IBMMapped-Only127-Extra.csv","QCLAR",4654,4654,0,4654,0,1.0000,0.0000,1.0000,5672982.590990436,11724.72330253547,5684707.314292972,5684707.314292972,13055050.0600,0.000356490399,18759.557284056667,3914,3,1,0.0,1
"no_stress","MQT-Set03-7-127-AllOpt-IBMMapped-Only127-Extra.csv","QCLAAR",4654,4654,0,4654,0,1.0000,0.0000,1.0000,5598956.446806954,11872.949351095831,5610829.396158051,5610829.396158051,13490751.4200,0.000344977078,18996.718961753308,3870,3,1,0.0,1
"no_stress","MQT-Set03-7-127-AllOpt-IBMMapped-Only127-Extra.csv","MCT",4654,4654,0,4654,0,1.0000,0.0000,1.0000,5211421.911662984,13538.308897722352,5224960.220560704,5224960.220560704,10563368.700000001,0.00044057915,21661.294236355774,3907,3,1,0.0,1
"no_stress","MQT-Set04-7-127-AllOpt-IBMMapped-Extra.csv","FCFS",5852,5852,1198,4654,0,1.0000,0.204716336295,0.795283663705,79142381.55763061,34378.03173786735,79176759.58936848,79176759.58936848,198714673.8300,0.00002944926,55004.850780587774,4104,3,1,0.0,1
"no_stress","MQT-Set04-7-127-AllOpt-IBMMapped-Extra.csv","LoadAware",5852,5852,1198,4654,0,1.0000,0.204716336295,0.795283663705,6228809.512839822,16466.310880040975,6245275.823719865,6245275.823719865,30836049.1900,0.000189777879,26346.09740806567,4108,3,1,0.0,1
"no_stress","MQT-Set04-7-127-AllOpt-IBMMapped-Extra.csv","QCLAR",5852,5852,1198,4654,0,1.0000,0.204716336295,0.795283663705,4667119.511934478,9713.516025290504,4676833.027959769,4676833.027959769,12899188.6800,0.000453671944,15541.625640464797,4325,3,1,0.0,1
"no_stress","MQT-Set04-7-127-AllOpt-IBMMapped-Extra.csv","QCLAAR",5852,5852,1198,4654,0,1.0000,0.204716336295,0.795283663705,4630333.007693187,10461.335965481861,4640794.34365867,4640794.34365867,14588672.1400,0.000401133149,16738.137544770958,4151,3,1,0.0,1
"no_stress","MQT-Set04-7-127-AllOpt-IBMMapped-Extra.csv","MCT",5852,5852,1198,4654,0,1.0000,0.204716336295,0.795283663705,4277213.627801707,11378.216083390287,4288591.843885097,4288591.843885097,10738345.5800,0.000544962905,18205.145733424502,4028,3,1,0.0,1
"no_stress","MQT-Set01-298-10-27-IBMQ27-Opt3-Extra.csv","LotterySeeded",238,238,238,0,0,1.0000,1.0000,0.0000,31035.96416316525,753.200630252101,31789.164793417356,31789.164793417356,73947.6100,0.003218494824,1205.121008403361,17,3,1,0.0,1
"no_stress","MQT-Set02-10-27-Mapped-AllAlgorithmLeft-Extra.csv","LotterySeeded",906,906,906,0,0,1.0000,1.0000,0.0000,235563.9055268591,1568.055375275936,237131.96090213506,237131.96090213506,619448.1300,0.001462592195,2508.888600441499,70,3,1,0.0,1
"no_stress","MQT-Set03-7-127-AllOpt-IBMMapped-Only127-Extra.csv","LotterySeeded",4654,4654,0,4654,0,1.0000,0.0000,1.0000,5714212.982944195,10747.785350236358,5724960.76829443,5724960.76829443,13632614.7300,0.000341387187,17196.45656037816,4016,3,1,0.0,1
"no_stress","MQT-Set04-7-127-AllOpt-IBMMapped-Extra.csv","LotterySeeded",5852,5852,1198,4654,0,1.0000,0.204716336295,0.795283663705,4746006.848084316,9115.700220437451,4755122.548304752,4755122.548304752,13954496.6900,0.000419363029,14585.120352699938,4012,3,1,0.0,1
"no_stress","MQT-Set01-298-10-27-IBMQ27-Opt3-Extra.csv","LotterySeeded",238,238,238,0,0,1.0000,1.0000,0.0000,28809.758793386918,743.796512605042,29553.55530599196,29553.55530599196,66956.4400,0.003554549794,1190.074420168068,16,3,2,0.0,1
"no_stress","MQT-Set02-10-27-Mapped-AllAlgorithmLeft-Extra.csv","LotterySeeded",906,906,906,0,0,1.0000,1.0000,0.0000,235201.12724461724,1524.966192052981,236726.09343667026,236726.09343667026,453161.8000,0.001999285906,2439.945907284767,72,3,2,0.0,1
"no_stress","MQT-Set03-7-127-AllOpt-IBMMapped-Only127-Extra.csv","LotterySeeded",4654,4654,0,4654,0,1.0000,0.0000,1.0000,5770377.087687897,10544.487047700944,5780921.574735598,5780921.574735598,13465294.870000001,0.000345629267,16871.179276321403,3932,3,2,0.0,1
"no_stress","MQT-Set04-7-127-AllOpt-IBMMapped-Extra.csv","LotterySeeded",5852,5852,1198,4654,0,1.0000,0.204716336295,0.795283663705,4723992.923590496,9226.398658578282,4733219.3222490745,4733219.3222490745,13389347.9700,0.000437063852,14762.237853725195,4044,3,2,0.0,1
"no_stress","MQT-Set01-298-10-27-IBMQ27-Opt3-Extra.csv","LotterySeeded",238,238,238,0,0,1.0000,1.0000,0.0000,29554.275819175502,745.011848739495,30299.287667915007,30299.287667915007,69718.3700,0.003413734429,1192.018957983194,17,3,3,0.0,1
"no_stress","MQT-Set02-10-27-Mapped-AllAlgorithmLeft-Extra.csv","LotterySeeded",906,906,906,0,0,1.0000,1.0000,0.0000,235751.39108324132,1549.787284768213,237301.17836800954,237301.17836800954,593785.0100,0.001525804769,2479.65965562914,68,3,3,0.0,1
"no_stress","MQT-Set03-7-127-AllOpt-IBMMapped-Only127-Extra.csv","LotterySeeded",4654,4654,0,4654,0,1.0000,0.0000,1.0000,5719924.32120009,10815.146465406075,5730739.467665496,5730739.467665496,12945847.8100,0.000359497506,17304.234344649743,3947,3,3,0.0,1
"no_stress","MQT-Set04-7-127-AllOpt-IBMMapped-Extra.csv","LotterySeeded",5852,5852,1198,4654,0,1.0000,0.204716336295,0.795283663705,4760452.45682221,9023.726575529763,4769476.183397739,4769476.183397739,14212972.3100,0.000411736537,14437.962520847503,4087,3,3,0.0,1
"no_stress","MQT-Set01-298-10-27-IBMQ27-Opt3-Extra.csv","LotterySeeded",238,238,238,0,0,1.0000,1.0000,0.0000,29585.57729303678,742.812899159664,30328.390192196446,30328.390192196446,78024.4800,0.003050324719,1188.500638655462,27,3,4,0.0,1
"no_stress","MQT-Set02-10-27-Mapped-AllAlgorithmLeft-Extra.csv","LotterySeeded",906,906,906,0,0,1.0000,1.0000,0.0000,226857.67212522798,1544.821203090507,228402.49332831847,228402.49332831847,518726.4300,0.001746585382,2471.713924944811,66,3,4,0.0,1
"no_stress","MQT-Set03-7-127-AllOpt-IBMMapped-Only127-Extra.csv","LotterySeeded",4654,4654,0,4654,0,1.0000,0.0000,1.0000,5708073.275242914,10648.38558229479,5718721.66082521,5718721.66082521,13423793.610000001,0.000346697821,17037.416931671647,3998,3,4,0.0,1
"no_stress","MQT-Set04-7-127-AllOpt-IBMMapped-Extra.csv","LotterySeeded",5852,5852,1198,4654,0,1.0000,0.204716336295,0.795283663705,4718608.989559505,9192.64302802462,4727801.63258753,4727801.63258753,12844975.5100,0.0004555867,14708.228844839423,4188,3,4,0.0,1
"no_stress","MQT-Set01-298-10-27-IBMQ27-Opt3-Extra.csv","LotterySeeded",238,238,238,0,0,1.0000,1.0000,0.0000,30001.243697479003,736.305084033614,30737.548781512614,30737.548781512614,76734.7100,0.003101595093,1178.088134453782,20,3,5,0.0,1
"no_stress","MQT-Set02-10-27-Mapped-AllAlgorithmLeft-Extra.csv","LotterySeeded",906,906,906,0,0,1.0000,1.0000,0.0000,211848.60587236445,1523.747825607066,213372.35369797153,213372.35369797153,445714.4400,0.002032691604,2437.996520971307,55,3,5,0.0,1
"no_stress","MQT-Set03-7-127-AllOpt-IBMMapped-Only127-Extra.csv","LotterySeeded",4654,4654,0,4654,0,1.0000,0.0000,1.0000,5716557.964683631,10658.207660077345,5727216.17234371,5727216.17234371,13818655.1700,0.000336791095,17053.132256123732,3945,3,5,0.0,1
"no_stress","MQT-Set04-7-127-AllOpt-IBMMapped-Extra.csv","LotterySeeded",5852,5852,1198,4654,0,1.0000,0.204716336295,0.795283663705,4797377.971963918,8981.798333902963,4806359.77029782,4806359.77029782,14078575.6800,0.000415667049,14370.87733424467,4193,3,5,0.0,1
"no_stress","MQT-Set01-298-10-27-IBMQ27-Opt3-Extra.csv","MCT",238,238,238,0,0,1.0000,1.0000,0.0000,15661.734856290344,684.58025210084,16346.31510839118,16346.31510839118,37593.1300,0.006330943978,1095.328403361345,16,3,1,0.25,3
"no_stress","MQT-Set02-10-27-Mapped-AllAlgorithmLeft-Extra.csv","MCT",906,906,906,0,0,1.0000,1.0000,0.0000,121182.81349199777,1438.736666666668,122621.55015866441,122621.55015866441,288616.83999999997,0.00313910997,2301.978666666665,64,3,1,0.25,3
"no_stress","MQT-Set03-7-127-AllOpt-IBMMapped-Only127-Extra.csv","MCT",4654,4654,0,4654,0,1.0000,0.0000,1.0000,5320566.777286119,13668.639593897728,5334235.416880016,5334235.416880016,10915531.030000001,0.000426364964,21869.823350236336,3938,3,1,0.25,3
"no_stress","MQT-Set04-7-127-AllOpt-IBMMapped-Extra.csv","MCT",5852,5852,1198,4654,0,1.0000,0.204716336295,0.795283663705,4409296.967007111,11572.91391660969,4420869.880923722,4420869.880923722,11274842.3900,0.000519031646,18516.662266575488,3965,3,1,0.25,3
"no_stress","MQT-Set01-298-10-27-IBMQ27-Opt3-Extra.csv","MCT",238,238,238,0,0,1.0000,1.0000,0.0000,16057.28540250883,689.741680672269,16747.027083181096,16747.027083181096,40773.4500,0.005837131761,1103.58668907563,6,3,1,0.5,3
"no_stress","MQT-Set02-10-27-Mapped-AllAlgorithmLeft-Extra.csv","MCT",906,906,906,0,0,1.0000,1.0000,0.0000,128589.4416818431,1439.395540838852,130028.83722268198,130028.83722268198,329842.0700,0.002746769083,2303.032865342165,58,3,1,0.5,3
"no_stress","MQT-Set03-7-127-AllOpt-IBMMapped-Only127-Extra.csv","MCT",4654,4654,0,4654,0,1.0000,0.0000,1.0000,5697991.253796727,14185.368663515257,5712176.622460244,5712176.622460244,12279277.0600,0.000379012541,22696.58986162444,3922,3,1,0.5,3
"no_stress","MQT-Set04-7-127-AllOpt-IBMMapped-Extra.csv","MCT",5852,5852,1198,4654,0,1.0000,0.204716336295,0.795283663705,4797459.955159866,12142.463749145558,4809602.418909012,4809602.418909012,12789405.290000001,0.000457566233,19427.941998632934,3986,3,1,0.5,3
"no_stress","MQT-Set01-298-10-27-IBMQ27-Opt3-Extra.csv","FCFS",238,238,238,0,0,1.0000,1.0000,0.0000,81168.28911764701,706.944957983193,81875.23407563021,81875.23407563021,168252.9000,0.001414537283,1131.111932773108,16,4,1,0.0,1
"no_stress","MQT-Set01-298-10-27-IBMQ27-Opt3-Extra.csv","LoadAware",238,238,238,0,0,1.0000,1.0000,0.0000,16762.68380252101,742.181218487395,17504.86502100841,17504.86502100841,39671.0600,0.005999335536,1187.489949579832,16,4,1,0.0,1
"no_stress","MQT-Set01-298-10-27-IBMQ27-Opt3-Extra.csv","QCLAR",238,238,238,0,0,1.0000,1.0000,0.0000,16875.12833668251,745.943067226891,17621.071403909395,17621.071403909395,41658.1500,0.005713167771,1193.508907563025,17,4,1,0.0,1
"no_stress","MQT-Set01-298-10-27-IBMQ27-Opt3-Extra.csv","QCLAAR",238,238,238,0,0,1.0000,1.0000,0.0000,16875.12833668251,745.943067226891,17621.071403909395,17621.071403909395,41658.1500,0.005713167771,1193.508907563025,12,4,1,0.0,1
"no_stress","MQT-Set01-298-10-27-IBMQ27-Opt3-Extra.csv","MCT",238,238,238,0,0,1.0000,1.0000,0.0000,16089.575948727324,745.585840336134,16835.161789063462,16835.161789063462,36088.7900,0.006594845657,1192.937344537815,15,4,1,0.0,1
"no_stress","MQT-Set02-10-27-Mapped-AllAlgorithmLeft-Extra.csv","FCFS",906,906,906,0,0,1.0000,1.0000,0.0000,674887.1465318172,1596.791169977925,676483.937701795,676483.937701795,1446692.8000,0.000626255968,2554.865871964681,63,4,1,0.0,1
"no_stress","MQT-Set02-10-27-Mapped-AllAlgorithmLeft-Extra.csv","LoadAware",906,906,906,0,0,1.0000,1.0000,0.0000,144387.94347258203,1681.655154525388,146069.59862710742,146069.59862710742,436076.7700,0.002077615829,2690.648247240619,48,4,1,0.0,1
"no_stress","MQT-Set02-10-27-Mapped-AllAlgorithmLeft-Extra.csv","QCLAR",906,906,906,0,0,1.0000,1.0000,0.0000,140151.54117687643,1649.25279249448,141800.7939693709,141800.7939693709,436076.7700,0.002077615829,2638.804467991168,73,4,1,0.0,1
"no_stress","MQT-Set02-10-27-Mapped-AllAlgorithmLeft-Extra.csv","QCLAAR",906,906,906,0,0,1.0000,1.0000,0.0000,140151.54117687643,1649.25279249448,141800.7939693709,141800.7939693709,436076.7700,0.002077615829,2638.804467991168,67,4,1,0.0,1
"no_stress","MQT-Set02-10-27-Mapped-AllAlgorithmLeft-Extra.csv","MCT",906,906,906,0,0,1.0000,1.0000,0.0000,122966.32421357612,1667.453267108167,124633.77748068426,124633.77748068426,378075.1500,0.00239634898,2667.925227373066,78,4,1,0.0,1
"no_stress","MQT-Set03-7-127-AllOpt-IBMMapped-Only127-Extra.csv","FCFS",4654,4654,0,4654,0,1.0000,0.0000,1.0000,97316001.20941044,41860.34010743446,97357861.54951787,97357861.54951787,194818022.85999998,0.00002388896,66976.54417189518,4185,4,1,0.0,1
"no_stress","MQT-Set03-7-127-AllOpt-IBMMapped-Only127-Extra.csv","LoadAware",4654,4654,0,4654,0,1.0000,0.0000,1.0000,7754443.0206009075,20178.476766222564,7774621.49736713,7774621.49736713,33026602.330000002,0.000140916706,32285.562825956185,4395,4,1,0.0,1
"no_stress","MQT-Set03-7-127-AllOpt-IBMMapped-Only127-Extra.csv","QCLAR",4654,4654,0,4654,0,1.0000,0.0000,1.0000,5631376.260303726,11696.505300816496,5643072.765604543,5643072.765604543,13113713.200000001,0.000354895668,18714.408481306436,3932,4,1,0.0,1
"no_stress","MQT-Set03-7-127-AllOpt-IBMMapped-Only127-Extra.csv","QCLAAR",4654,4654,0,4654,0,1.0000,0.0000,1.0000,5605356.374420605,11756.908437902908,5617113.282858509,5617113.282858509,12550692.0600,0.000370816205,18811.053500644608,3922,4,1,0.0,1
"no_stress","MQT-Set03-7-127-AllOpt-IBMMapped-Only127-Extra.csv","MCT",4654,4654,0,4654,0,1.0000,0.0000,1.0000,5204002.712855375,13478.529119037403,5217481.241974413,5217481.241974413,10533759.7500,0.000441817557,21565.64659045981,4072,4,1,0.0,1
"no_stress","MQT-Set04-7-127-AllOpt-IBMMapped-Extra.csv","FCFS",5852,5852,1198,4654,0,1.0000,0.204716336295,0.795283663705,77685080.95431162,33991.50960697196,77719072.46391861,77719072.46391861,196563683.8300,0.000029771522,54386.415371155235,4376,4,1,0.0,1
"no_stress","MQT-Set04-7-127-AllOpt-IBMMapped-Extra.csv","LoadAware",5852,5852,1198,4654,0,1.0000,0.204716336295,0.795283663705,6195466.6906014085,16498.610893711473,6211965.301495121,6211965.301495121,33329778.9800,0.000175578722,26397.77742993848,3975,4,1,0.0,1
"no_stress","MQT-Set04-7-127-AllOpt-IBMMapped-Extra.csv","QCLAR",5852,5852,1198,4654,0,1.0000,0.204716336295,0.795283663705,4600712.430996307,9640.833492822985,4610353.264489129,4610353.264489129,13738219.8600,0.00042596494,15425.333588516813,4002,4,1,0.0,1
"no_stress","MQT-Set04-7-127-AllOpt-IBMMapped-Extra.csv","QCLAAR",5852,5852,1198,4654,0,1.0000,0.204716336295,0.795283663705,4522956.436637106,9702.38943438141,4532658.826071488,4532658.826071488,13132972.1500,0.000445596011,15523.823095010279,4148,4,1,0.0,1
"no_stress","MQT-Set04-7-127-AllOpt-IBMMapped-Extra.csv","MCT",5852,5852,1198,4654,0,1.0000,0.204716336295,0.795283663705,4193825.5821418664,11244.678887559807,4205070.261029428,4205070.261029428,10636239.6800,0.000550194446,17991.4862200957,4252,4,1,0.0,1
"no_stress","MQT-Set01-298-10-27-IBMQ27-Opt3-Extra.csv","LotterySeeded",238,238,238,0,0,1.0000,1.0000,0.0000,30445.00675245098,817.93231092437,31262.93906337535,31262.93906337535,77976.6000,0.003052197711,1308.691697478991,25,4,1,0.0,1
"no_stress","MQT-Set02-10-27-Mapped-AllAlgorithmLeft-Extra.csv","LotterySeeded",906,906,906,0,0,1.0000,1.0000,0.0000,254345.05423129216,1826.731125827816,256171.78535712,256171.78535712,844715.8100,0.001072550069,2922.769801324505,58,4,1,0.0,1
"no_stress","MQT-Set03-7-127-AllOpt-IBMMapped-Only127-Extra.csv","LotterySeeded",4654,4654,0,4654,0,1.0000,0.0000,1.0000,5653203.503481295,10923.987219596022,5664127.490700891,5664127.490700891,13291683.2200,0.000350143765,17478.37955135368,4023,4,1,0.0,1
"no_stress","MQT-Set04-7-127-AllOpt-IBMMapped-Extra.csv","LotterySeeded",5852,5852,1198,4654,0,1.0000,0.204716336295,0.795283663705,4658115.060482081,8902.076397812702,4667017.136879894,4667017.136879894,13786234.4700,0.000424481392,14243.322236500275,3999,4,1,0.0,1
"no_stress","MQT-Set01-298-10-27-IBMQ27-Opt3-Extra.csv","LotterySeeded",238,238,238,0,0,1.0000,1.0000,0.0000,30633.45524296675,821.448403361344,31454.903646328094,31454.903646328094,78723.7400,0.00302323035,1314.317445378151,23,4,2,0.0,1
"no_stress","MQT-Set02-10-27-Mapped-AllAlgorithmLeft-Extra.csv","LotterySeeded",906,906,906,0,0,1.0000,1.0000,0.0000,261364.27606688123,1834.657483443709,263198.933550325,263198.933550325,744491.6100,0.001216937824,2935.451973509937,78,4,2,0.0,1
"no_stress","MQT-Set03-7-127-AllOpt-IBMMapped-Only127-Extra.csv","LotterySeeded",4654,4654,0,4654,0,1.0000,0.0000,1.0000,5683083.358212722,10734.350868070493,5693817.709080792,5693817.709080792,13712167.440000001,0.000339406591,17174.961388912758,4056,4,2,0.0,1
"no_stress","MQT-Set04-7-127-AllOpt-IBMMapped-Extra.csv","LotterySeeded",5852,5852,1198,4654,0,1.0000,0.204716336295,0.795283663705,4654175.683488618,8946.018499658278,4663121.701988277,4663121.701988277,13833301.9600,0.000423037104,14313.62959945316,3993,4,2,0.0,1
"no_stress","MQT-Set01-298-10-27-IBMQ27-Opt3-Extra.csv","LotterySeeded",238,238,238,0,0,1.0000,1.0000,0.0000,31222.126445926206,810.401638655462,32032.52808458167,32032.52808458167,72061.6200,0.00330272897,1296.64262184874,34,4,3,0.0,1
"no_stress","MQT-Set02-10-27-Mapped-AllAlgorithmLeft-Extra.csv","LotterySeeded",906,906,906,0,0,1.0000,1.0000,0.0000,280747.70072130236,1852.110320088301,282599.8110413907,282599.8110413907,740256.4400,0.001223900193,2963.376512141283,73,4,3,0.0,1
"no_stress","MQT-Set03-7-127-AllOpt-IBMMapped-Only127-Extra.csv","LotterySeeded",4654,4654,0,4654,0,1.0000,0.0000,1.0000,5771251.685334014,10527.525810055855,5781779.211144069,5781779.211144069,13396623.9300,0.000347400959,16844.041296089363,3899,4,3,0.0,1
"no_stress","MQT-Set04-7-127-AllOpt-IBMMapped-Extra.csv","LotterySeeded",5852,5852,1198,4654,0,1.0000,0.204716336295,0.795283663705,4708700.949563868,8758.87535885162,4717459.824922719,4717459.824922719,14037504.0700,0.000416883227,14014.200574162616,4000,4,3,0.0,1
"no_stress","MQT-Set01-298-10-27-IBMQ27-Opt3-Extra.csv","LotterySeeded",238,238,238,0,0,1.0000,1.0000,0.0000,29611.53657174825,785.207605042017,30396.744176790264,30396.744176790264,70541.0600,0.003373921515,1256.332168067227,18,4,4,0.0,1
"no_stress","MQT-Set02-10-27-Mapped-AllAlgorithmLeft-Extra.csv","LotterySeeded",906,906,906,0,0,1.0000,1.0000,0.0000,229973.22989708735,1779.410993377485,231752.6408904648,231752.6408904648,546660.5400,0.001657335647,2847.057589403973,57,4,4,0.0,1
"no_stress","MQT-Set03-7-127-AllOpt-IBMMapped-Only127-Extra.csv","LotterySeeded",4654,4654,0,4654,0,1.0000,0.0000,1.0000,5702220.461330498,10689.387954447808,5712909.849284945,5712909.849284945,13411613.6600,0.00034701268,17103.02072711643,4085,4,4,0.0,1
"no_stress","MQT-Set04-7-127-AllOpt-IBMMapped-Extra.csv","LotterySeeded",5852,5852,1198,4654,0,1.0000,0.204716336295,0.795283663705,4617005.988726568,9246.590575871514,4626252.57930244,4626252.57930244,12416071.4800,0.000471324606,14794.544921394443,4341,4,4,0.0,1
"no_stress","MQT-Set01-298-10-27-IBMQ27-Opt3-Extra.csv","LotterySeeded",238,238,238,0,0,1.0000,1.0000,0.0000,29080.01089460784,795.580210084034,29875.591104691866,29875.591104691866,63393.1400,0.003754349445,1272.928336134454,17,4,5,0.0,1
"no_stress","MQT-Set02-10-27-Mapped-AllAlgorithmLeft-Extra.csv","LotterySeeded",906,906,906,0,0,1.0000,1.0000,0.0000,239538.25224398516,1790.875529801327,241329.12777378646,241329.12777378646,648709.2900,0.001396619432,2865.400847682121,73,4,5,0.0,1
"no_stress","MQT-Set03-7-127-AllOpt-IBMMapped-Only127-Extra.csv","LotterySeeded",4654,4654,0,4654,0,1.0000,0.0000,1.0000,5642036.445659618,10905.249267296902,5652941.694926917,5652941.694926917,12577904.8400,0.00037001393,17448.398827675122,3933,4,5,0.0,1
"no_stress","MQT-Set04-7-127-AllOpt-IBMMapped-Extra.csv","LotterySeeded",5852,5852,1198,4654,0,1.0000,0.204716336295,0.795283663705,4598258.316301664,9302.486402939137,4607560.802704603,4607560.802704603,12699584.7500,0.000460802468,14883.978244702634,4020,4,5,0.0,1
"no_stress","MQT-Set01-298-10-27-IBMQ27-Opt3-Extra.csv","MCT",238,238,238,0,0,1.0000,1.0000,0.0000,16273.553721836563,745.859663865546,17019.413385702104,17019.413385702104,36681.1000,0.006488355038,1193.375462184875,20,4,1,0.25,4
"no_stress","MQT-Set02-10-27-Mapped-AllAlgorithmLeft-Extra.csv","MCT",906,906,906,0,0,1.0000,1.0000,0.0000,126134.3859450882,1670.545066225164,127804.93101131335,127804.93101131335,361215.9400,0.00250819496,2672.872105960261,57,4,1,0.25,4
"no_stress","MQT-Set03-7-127-AllOpt-IBMMapped-Only127-Extra.csv","MCT",4654,4654,0,4654,0,1.0000,0.0000,1.0000,5296910.110919423,13639.261794155553,5310549.372713578,5310549.372713578,10811861.5900,0.000430453161,21822.818870648945,4003,4,1,0.25,4
"no_stress","MQT-Set04-7-127-AllOpt-IBMMapped-Extra.csv","MCT",5852,5852,1198,4654,0,1.0000,0.204716336295,0.795283663705,4299492.930090715,11376.310411825016,4310869.240502541,4310869.240502541,10938955.6500,0.000534968802,18202.09665891997,4094,4,1,0.25,4
"no_stress","MQT-Set01-298-10-27-IBMQ27-Opt3-Extra.csv","MCT",238,238,238,0,0,1.0000,1.0000,0.0000,16631.249310071853,747.867605042017,17379.116915113867,17379.116915113867,37274.9000,0.006384993655,1196.588168067227,16,4,1,0.5,4
"no_stress","MQT-Set02-10-27-Mapped-AllAlgorithmLeft-Extra.csv","MCT",906,906,906,0,0,1.0000,1.0000,0.0000,130319.17598923828,1678.171335540839,131997.34732477917,131997.34732477917,386884.9300,0.002341781573,2685.074136865341,76,4,1,0.5,4
"no_stress","MQT-Set03-7-127-AllOpt-IBMMapped-Only127-Extra.csv","MCT",4654,4654,0,4654,0,1.0000,0.0000,1.0000,5684165.772088304,14157.452939406967,5698323.22502771,5698323.22502771,12022861.7200,0.00038709586,22651.924703051216,3997,4,1,0.5,4
"no_stress","MQT-Set04-7-127-AllOpt-IBMMapped-Extra.csv","MCT",5852,5852,1198,4654,0,1.0000,0.204716336295,0.795283663705,4614680.483065682,11773.85391319206,4626454.336978872,4626454.336978872,12331255.2700,0.000474566447,18838.166261107337,4040,4,1,0.5,4
"no_stress","MQT-Set01-298-10-27-IBMQ27-Opt3-Extra.csv","FCFS",238,238,238,0,0,1.0000,1.0000,0.0000,74786.48734380706,647.893655462185,75434.38099926925,75434.38099926925,154198.6900,0.001543463177,1036.629848739495,15,5,1,0.0,1
"no_stress","MQT-Set01-298-10-27-IBMQ27-Opt3-Extra.csv","LoadAware",238,238,238,0,0,1.0000,1.0000,0.0000,15963.353590305687,698.476218487395,16661.829808793085,16661.829808793085,42286.9000,0.00562822056,1117.561949579832,18,5,1,0.0,1
"no_stress","MQT-Set01-298-10-27-IBMQ27-Opt3-Extra.csv","QCLAR",238,238,238,0,0,1.0000,1.0000,0.0000,16071.070059371566,700.77806722689,16771.84812659846,16771.84812659846,46985.3800,0.005065405452,1121.244907563025,16,5,1,0.0,1
"no_stress","MQT-Set01-298-10-27-IBMQ27-Opt3-Extra.csv","QCLAAR",238,238,238,0,0,1.0000,1.0000,0.0000,16071.070059371566,700.77806722689,16771.84812659846,16771.84812659846,46985.3800,0.005065405452,1121.244907563025,15,5,1,0.0,1
"no_stress","MQT-Set01-298-10-27-IBMQ27-Opt3-Extra.csv","MCT",238,238,238,0,0,1.0000,1.0000,0.0000,14776.711494945794,683.601218487395,15460.31271343319,15460.31271343319,32615.2000,0.007297211116,1093.761949579831,17,5,1,0.0,1
"no_stress","MQT-Set02-10-27-Mapped-AllAlgorithmLeft-Extra.csv","FCFS",906,906,906,0,0,1.0000,1.0000,0.0000,554262.4136289468,1163.606092715232,555426.019721662,555426.019721662,1054227.1200,0.000859397356,1861.769748344369,69,5,1,0.0,1
"no_stress","MQT-Set02-10-27-Mapped-AllAlgorithmLeft-Extra.csv","LoadAware",906,906,906,0,0,1.0000,1.0000,0.0000,115630.5760544438,1233.544735099339,116864.12078954313,116864.12078954313,268524.8600,0.003373989284,1973.671576158939,64,5,1,0.0,1
"no_stress","MQT-Set02-10-27-Mapped-AllAlgorithmLeft-Extra.csv","QCLAR",906,906,906,0,0,1.0000,1.0000,0.0000,117622.71550258734,1244.790651214129,118867.50615380147,118867.50615380147,294319.4700,0.003078287685,1991.665041942604,66,5,1,0.0,1
"no_stress","MQT-Set02-10-27-Mapped-AllAlgorithmLeft-Extra.csv","QCLAAR",906,906,906,0,0,1.0000,1.0000,0.0000,117622.71550258734,1244.790651214129,118867.50615380147,118867.50615380147,294319.4700,0.003078287685,1991.665041942604,65,5,1,0.0,1
"no_stress","MQT-Set02-10-27-Mapped-AllAlgorithmLeft-Extra.csv","MCT",906,906,906,0,0,1.0000,1.0000,0.0000,105277.895879243,1222.919735099337,106500.81561434234,106500.81561434234,236971.3800,0.003823246503,1956.671576158941,75,5,1,0.0,1
"no_stress","MQT-Set03-7-127-AllOpt-IBMMapped-Only127-Extra.csv","FCFS",4654,4654,0,4654,0,1.0000,0.0000,1.0000,97832228.91728844,41920.68501504083,97874149.60230348,97874149.60230348,195098868.0600,0.000023854572,67073.09602406557,3127,5,1,0.0,1
"no_stress","MQT-Set03-7-127-AllOpt-IBMMapped-Only127-Extra.csv","LoadAware",4654,4654,0,4654,0,1.0000,0.0000,1.0000,7597467.628633793,19540.626624409048,7617008.255258202,7617008.255258202,30333630.560000002,0.000153427068,31265.002599054562,2778,5,1,0.0,1
"no_stress","MQT-Set03-7-127-AllOpt-IBMMapped-Only127-Extra.csv","QCLAR",4654,4654,0,4654,0,1.0000,0.0000,1.0000,5753996.7144240625,11479.675266437456,5765476.3896905,5765476.3896905,15227690.3500,0.000305627439,18367.48042629998,2912,5,1,0.0,1
"no_stress","MQT-Set03-7-127-AllOpt-IBMMapped-Only127-Extra.csv","QCLAAR",4654,4654,0,4654,0,1.0000,0.0000,1.0000,5638387.816989585,12087.473420713353,5650475.290410297,5650475.290410297,13682205.5700,0.000340149837,19339.95747314132,2825,5,1,0.0,1
"no_stress","MQT-Set03-7-127-AllOpt-IBMMapped-Only127-Extra.csv","MCT",4654,4654,0,4654,0,1.0000,0.0000,1.0000,5231759.030928135,13499.951280618792,5245258.982208755,5245258.982208755,10554129.8800,0.000440964822,21599.92204899011,2810,5,1,0.0,1
"no_stress","MQT-Set04-7-127-AllOpt-IBMMapped-Extra.csv","FCFS",5852,5852,1198,4654,0,1.0000,0.204716336295,0.795283663705,78163864.43995713,33921.69308783318,78197786.13304497,78197786.13304497,196236934.2500,0.000029821094,54274.70894053331,2919,5,1,0.0,1
"no_stress","MQT-Set04-7-127-AllOpt-IBMMapped-Extra.csv","LoadAware",5852,5852,1198,4654,0,1.0000,0.204716336295,0.795283663705,6318869.433261861,16707.910398154436,6335577.343660016,6335577.343660016,33880022.0600,0.00017272716,26732.656637047272,2864,5,1,0.0,1
"no_stress","MQT-Set04-7-127-AllOpt-IBMMapped-Extra.csv","QCLAR",5852,5852,1198,4654,0,1.0000,0.204716336295,0.795283663705,4582723.034167684,9559.197952836634,4592282.2321205195,4592282.2321205195,13055925.5600,0.000448225595,15294.716724538635,2889,5,1,0.0,1
"no_stress","MQT-Set04-7-127-AllOpt-IBMMapped-Extra.csv","QCLAAR",5852,5852,1198,4654,0,1.0000,0.204716336295,0.795283663705,4518888.802766452,9864.17080314422,4528752.973569595,4528752.973569595,12307629.0600,0.000475477443,15782.673285030773,2868,5,1,0.0,1
"no_stress","MQT-Set04-7-127-AllOpt-IBMMapped-Extra.csv","MCT",5852,5852,1198,4654,0,1.0000,0.204716336295,0.795283663705,4216703.789395512,11210.762404306182,4227914.551799818,4227914.551799818,10612787.7400,0.000551410256,17937.219846889984,2847,5,1,0.0,1
"no_stress","MQT-Set01-298-10-27-IBMQ27-Opt3-Extra.csv","LotterySeeded",238,238,238,0,0,1.0000,1.0000,0.0000,30259.13824521474,762.174579831933,31021.312825046676,31021.312825046676,88053.7000,0.002702896074,1219.479327731093,10,5,1,0.0,1
"no_stress","MQT-Set02-10-27-Mapped-AllAlgorithmLeft-Extra.csv","LotterySeeded",906,906,906,0,0,1.0000,1.0000,0.0000,206789.66972859405,1335.645099337747,208125.3148279318,208125.3148279318,480706.9000,0.001884724351,2137.032158940394,48,5,1,0.0,1
"no_stress","MQT-Set03-7-127-AllOpt-IBMMapped-Only127-Extra.csv","LotterySeeded",4654,4654,0,4654,0,1.0000,0.0000,1.0000,5663581.2355213035,11061.880504941962,5674643.116026246,5674643.116026246,12537238.0700,0.000371214136,17699.008807907136,2800,5,1,0.0,1
"no_stress","MQT-Set04-7-127-AllOpt-IBMMapped-Extra.csv","LotterySeeded",5852,5852,1198,4654,0,1.0000,0.204716336295,0.795283663705,4677233.601596916,8974.08077922077,4686207.682376139,4686207.682376139,13531593.2000,0.000432469401,14358.529246753238,2856,5,1,0.0,1
"no_stress","MQT-Set01-298-10-27-IBMQ27-Opt3-Extra.csv","LotterySeeded",238,238,238,0,0,1.0000,1.0000,0.0000,26429.597258403373,724.706890756303,27154.304149159674,27154.304149159674,61358.3800,0.003878850778,1159.531025210085,9,5,2,0.0,1
"no_stress","MQT-Set02-10-27-Mapped-AllAlgorithmLeft-Extra.csv","LotterySeeded",906,906,906,0,0,1.0000,1.0000,0.0000,226180.30943372662,1344.955739514347,227525.26517324097,227525.26517324097,584122.6200,0.001551044197,2151.929183222959,46,5,2,0.0,1
"no_stress","MQT-Set03-7-127-AllOpt-IBMMapped-Only127-Extra.csv","LotterySeeded",4654,4654,0,4654,0,1.0000,0.0000,1.0000,5718925.633021482,10785.32446067896,5729710.957482162,5729710.957482162,12982507.5000,0.000358482366,17256.519137086383,2788,5,2,0.0,1
"no_stress","MQT-Set04-7-127-AllOpt-IBMMapped-Extra.csv","LotterySeeded",5852,5852,1198,4654,0,1.0000,0.204716336295,0.795283663705,4662627.806281542,9073.3850017088,4671701.191283251,4671701.191283251,13429744.1400,0.00043574918,14517.416002734128,2837,5,2,0.0,1
"no_stress","MQT-Set01-298-10-27-IBMQ27-Opt3-Extra.csv","LotterySeeded",238,238,238,0,0,1.0000,1.0000,0.0000,30040.81936959567,748.601260504202,30789.42063009987,30789.42063009987,74656.2700,0.003187943893,1197.762016806723,17,5,3,0.0,1
"no_stress","MQT-Set02-10-27-Mapped-AllAlgorithmLeft-Extra.csv","LotterySeeded",906,906,906,0,0,1.0000,1.0000,0.0000,203977.06145889705,1322.804061810152,205299.86552070722,205299.86552070722,422159.4900,0.002146108335,2116.486498896246,48,5,3,0.0,1
"no_stress","MQT-Set03-7-127-AllOpt-IBMMapped-Only127-Extra.csv","LotterySeeded",4654,4654,0,4654,0,1.0000,0.0000,1.0000,5759373.900934865,10652.726424581031,5770026.627359446,5770026.627359446,13320546.700000001,0.000349385059,17044.362279329613,2771,5,3,0.0,1
"no_stress","MQT-Set04-7-127-AllOpt-IBMMapped-Extra.csv","LotterySeeded",5852,5852,1198,4654,0,1.0000,0.204716336295,0.795283663705,4669178.133864815,9078.413145932995,4678256.547010749,4678256.547010749,13145582.5700,0.000445168555,14525.46103349277,2853,5,3,0.0,1
"no_stress","MQT-Set01-298-10-27-IBMQ27-Opt3-Extra.csv","LotterySeeded",238,238,238,0,0,1.0000,1.0000,0.0000,28093.916922268916,742.10512605042,28836.022048319333,28836.022048319333,76728.2000,0.003101858248,1187.368201680672,17,5,4,0.0,1
"no_stress","MQT-Set02-10-27-Mapped-AllAlgorithmLeft-Extra.csv","LotterySeeded",906,906,906,0,0,1.0000,1.0000,0.0000,215936.32070920512,1330.728256070639,217267.04896527578,217267.04896527578,636930.4600,0.001422447279,2129.165209713023,55,5,4,0.0,1
"no_stress","MQT-Set03-7-127-AllOpt-IBMMapped-Only127-Extra.csv","LotterySeeded",4654,4654,0,4654,0,1.0000,0.0000,1.0000,5785882.233561307,10514.7702019768,5796397.003763283,5796397.003763283,13432040.7800,0.000346484952,16823.63232316281,2784,5,4,0.0,1
"no_stress","MQT-Set04-7-127-AllOpt-IBMMapped-Extra.csv","LotterySeeded",5852,5852,1198,4654,0,1.0000,0.204716336295,0.795283663705,4649283.6763338735,9090.825536568656,4658374.501870443,4658374.501870443,13434099.5200,0.000435607909,14545.320858509927,2865,5,4,0.0,1
"no_stress","MQT-Set01-298-10-27-IBMQ27-Opt3-Extra.csv","LotterySeeded",238,238,238,0,0,1.0000,1.0000,0.0000,26929.142985294115,734.249663865546,27663.392649159658,27663.392649159658,77781.43000000001,0.003059856318,1174.799462184875,16,5,5,0.0,1
"no_stress","MQT-Set02-10-27-Mapped-AllAlgorithmLeft-Extra.csv","LotterySeeded",906,906,906,0,0,1.0000,1.0000,0.0000,216613.7813229037,1350.073940397349,217963.85526330108,217963.85526330108,568200.1500,0.001594508555,2160.11830463576,48,5,5,0.0,1
"no_stress","MQT-Set03-7-127-AllOpt-IBMMapped-Only127-Extra.csv","LotterySeeded",4654,4654,0,4654,0,1.0000,0.0000,1.0000,5697835.589145812,10863.803846153845,5708699.392991967,5708699.392991967,12951845.4200,0.000359331033,17382.08615384615,2798,5,5,0.0,1
"no_stress","MQT-Set04-7-127-AllOpt-IBMMapped-Extra.csv","LotterySeeded",5852,5852,1198,4654,0,1.0000,0.204716336295,0.795283663705,4661657.034271001,9036.960184552276,4670693.994455554,4670693.994455554,12788793.9800,0.000457588105,14459.13629528366,2832,5,5,0.0,1
"no_stress","MQT-Set01-298-10-27-IBMQ27-Opt3-Extra.csv","MCT",238,238,238,0,0,1.0000,1.0000,0.0000,14992.610822676896,686.251470588236,15678.862293265134,15678.862293265134,34857.4600,0.006827806731,1098.002352941177,17,5,1,0.25,5
"no_stress","MQT-Set02-10-27-Mapped-AllAlgorithmLeft-Extra.csv","MCT",906,906,906,0,0,1.0000,1.0000,0.0000,106025.68981826074,1223.875474613687,107249.56529287447,107249.56529287447,235946.1600,0.003839859059,1958.200759381898,47,5,1,0.25,5
"no_stress","MQT-Set03-7-127-AllOpt-IBMMapped-Only127-Extra.csv","MCT",4654,4654,0,4654,0,1.0000,0.0000,1.0000,5332424.272075547,13652.621525569391,5346076.893601117,5346076.893601117,10762321.190000001,0.000432434595,21844.1944409111,2822,5,1,0.25,5
"no_stress","MQT-Set04-7-127-AllOpt-IBMMapped-Extra.csv","MCT",5852,5852,1198,4654,0,1.0000,0.204716336295,0.795283663705,4333687.99864708,11365.562691387531,4345053.5613384675,4345053.5613384675,11057681.2800,0.000529224876,18184.900306220094,2832,5,1,0.25,5
"no_stress","MQT-Set01-298-10-27-IBMQ27-Opt3-Extra.csv","MCT",238,238,238,0,0,1.0000,1.0000,0.0000,15264.471116794533,687.072058823529,15951.543175618062,15951.543175618062,35326.8100,0.006737092876,1099.315294117647,17,5,1,0.5,5
"no_stress","MQT-Set02-10-27-Mapped-AllAlgorithmLeft-Extra.csv","MCT",906,906,906,0,0,1.0000,1.0000,0.0000,107599.85928845941,1226.324746136866,108826.1840345963,108826.1840345963,239090.7200,0.003789356609,1962.119593818984,36,5,1,0.5,5
"no_stress","MQT-Set03-7-127-AllOpt-IBMMapped-Only127-Extra.csv","MCT",4654,4654,0,4654,0,1.0000,0.0000,1.0000,5672960.051701662,14186.35724752903,5687146.40894919,5687146.40894919,12171888.9200,0.000382356431,22698.171596046337,2767,5,1,0.5,5
"no_stress","MQT-Set04-7-127-AllOpt-IBMMapped-Extra.csv","MCT",5852,5852,1198,4654,0,1.0000,0.204716336295,0.795283663705,4644213.243288295,11779.629458304838,4655992.872746599,4655992.872746599,12375270.4900,0.000472878553,18847.40713328772,2822,5,1,0.5,5
"no_stress","MQT-Set01-298-10-27-IBMQ27-Opt3-Extra.csv","FCFS",238,238,238,0,0,1.0000,1.0000,0.0000,76089.4942016807,664.649705882353,76754.14390756306,76754.14390756306,158186.6300,0.001504551933,1063.439529411764,15,6,1,0.0,1
"no_stress","MQT-Set01-298-10-27-IBMQ27-Opt3-Extra.csv","LoadAware",238,238,238,0,0,1.0000,1.0000,0.0000,15941.79259803922,707.676302521008,16649.468900560227,16649.468900560227,41283.2400,0.005765051386,1132.282084033614,12,6,1,0.0,1
"no_stress","MQT-Set01-298-10-27-IBMQ27-Opt3-Extra.csv","QCLAR",238,238,238,0,0,1.0000,1.0000,0.0000,16030.212707282906,712.39218487395,16742.604892156858,16742.604892156858,45870.2500,0.005188548133,1139.827495798319,25,6,1,0.0,1
"no_stress","MQT-Set01-298-10-27-IBMQ27-Opt3-Extra.csv","QCLAAR",238,238,238,0,0,1.0000,1.0000,0.0000,16030.212707282906,712.39218487395,16742.604892156858,16742.604892156858,45870.2500,0.005188548133,1139.827495798319,16,6,1,0.0,1
"no_stress","MQT-Set01-298-10-27-IBMQ27-Opt3-Extra.csv","MCT",238,238,238,0,0,1.0000,1.0000,0.0000,15076.195018207285,700.727478991597,15776.92249719888,15776.92249719888,33867.3800,0.007027411037,1121.163966386554,14,6,1,0.0,1
"no_stress","MQT-Set02-10-27-Mapped-AllAlgorithmLeft-Extra.csv","FCFS",906,906,906,0,0,1.0000,1.0000,0.0000,757421.9521499185,1658.351181015453,759080.3033309339,759080.3033309339,1502466.1700,0.000603008586,2653.361889624717,48,6,1,0.0,1
"no_stress","MQT-Set02-10-27-Mapped-AllAlgorithmLeft-Extra.csv","LoadAware",906,906,906,0,0,1.0000,1.0000,0.0000,159858.6233401318,1764.300143487858,161622.92348361967,161622.92348361967,428080.7000,0.002116423375,2822.880229580575,47,6,1,0.0,1
"no_stress","MQT-Set02-10-27-Mapped-AllAlgorithmLeft-Extra.csv","QCLAR",906,906,906,0,0,1.0000,1.0000,0.0000,156909.9960665014,1743.852218543046,158653.84828504449,158653.84828504449,385272.7000,0.002351581101,2790.163549668876,48,6,1,0.0,1
"no_stress","MQT-Set02-10-27-Mapped-AllAlgorithmLeft-Extra.csv","QCLAAR",906,906,906,0,0,1.0000,1.0000,0.0000,156909.9960665014,1743.852218543046,158653.84828504449,158653.84828504449,385272.7000,0.002351581101,2790.163549668876,48,6,1,0.0,1
"no_stress","MQT-Set02-10-27-Mapped-AllAlgorithmLeft-Extra.csv","MCT",906,906,906,0,0,1.0000,1.0000,0.0000,140583.86894729576,1739.07477924945,142322.94372654523,142322.94372654523,398951.3800,0.002270953418,2782.519646799116,59,6,1,0.0,1
"no_stress","MQT-Set03-7-127-AllOpt-IBMMapped-Only127-Extra.csv","FCFS",4654,4654,0,4654,0,1.0000,0.0000,1.0000,98108003.63147835,42056.37378384186,98150060.00526221,98150060.00526221,195730363.5900,0.000023777609,67290.19805414694,2847,6,1,0.0,1
"no_stress","MQT-Set03-7-127-AllOpt-IBMMapped-Only127-Extra.csv","LoadAware",4654,4654,0,4654,0,1.0000,0.0000,1.0000,7914008.417230548,20270.53571121613,7934278.952941761,7934278.952941761,34573024.769999996,0.000134613619,32432.8571379459,2782,6,1,0.0,1
"no_stress","MQT-Set03-7-127-AllOpt-IBMMapped-Only127-Extra.csv","QCLAR",4654,4654,0,4654,0,1.0000,0.0000,1.0000,5745493.764005076,11544.92040825097,5757038.684413326,5757038.684413326,14170111.7600,0.000328437777,18471.872653201557,2821,6,1,0.0,1
"no_stress","MQT-Set03-7-127-AllOpt-IBMMapped-Only127-Extra.csv","QCLAAR",4654,4654,0,4654,0,1.0000,0.0000,1.0000,5649385.83058005,11993.586652342065,5661379.417232393,5661379.417232393,12532054.1500,0.00037136769,19189.738643747354,2838,6,1,0.0,1
"no_stress","MQT-Set03-7-127-AllOpt-IBMMapped-Only127-Extra.csv","MCT",4654,4654,0,4654,0,1.0000,0.0000,1.0000,5246676.589640873,13548.831039965627,5260225.420680838,5260225.420680838,10569099.4300,0.000440340261,21678.12966394503,2805,6,1,0.0,1
"no_stress","MQT-Set04-7-127-AllOpt-IBMMapped-Extra.csv","FCFS",5852,5852,1198,4654,0,1.0000,0.204716336295,0.795283663705,78010131.90797682,33624.31250512646,78043756.22048195,78043756.22048195,194324870.60000002,0.000030114519,53798.900008202516,2896,6,1,0.0,1
"no_stress","MQT-Set04-7-127-AllOpt-IBMMapped-Extra.csv","LoadAware",5852,5852,1198,4654,0,1.0000,0.204716336295,0.795283663705,6204449.285820864,15936.454049897411,6220385.7398707615,6220385.7398707615,28678685.8300,0.000204053981,25498.326479835938,2822,6,1,0.0,1
"no_stress","MQT-Set04-7-127-AllOpt-IBMMapped-Extra.csv","QCLAR",5852,5852,1198,4654,0,1.0000,0.204716336295,0.795283663705,4605237.4219657555,9623.100980861247,4614860.522946616,4614860.522946616,13635310.1100,0.000429179824,15396.961569378002,2846,6,1,0.0,1
"no_stress","MQT-Set04-7-127-AllOpt-IBMMapped-Extra.csv","QCLAAR",5852,5852,1198,4654,0,1.0000,0.204716336295,0.795283663705,4539412.143753161,9550.698198906328,4548962.841952069,4548962.841952069,12688564.3300,0.00046120269,15281.11711825019,2836,6,1,0.0,1
"no_stress","MQT-Set04-7-127-AllOpt-IBMMapped-Extra.csv","MCT",5852,5852,1198,4654,0,1.0000,0.204716336295,0.795283663705,4214988.795830281,11150.997713602183,4226139.793543884,4226139.793543884,10466725.2300,0.000559105152,17841.59634176353,2861,6,1,0.0,1
"no_stress","MQT-Set01-298-10-27-IBMQ27-Opt3-Extra.csv","LotterySeeded",238,238,238,0,0,1.0000,1.0000,0.0000,30298.104140406136,775.294201680672,31073.398342086817,31073.398342086817,82151.5700,0.002897084012,1240.470722689076,18,6,1,0.0,1
"no_stress","MQT-Set02-10-27-Mapped-AllAlgorithmLeft-Extra.csv","LotterySeeded",906,906,906,0,0,1.0000,1.0000,0.0000,296722.51045480213,1866.118145695365,298588.62860049756,298588.62860049756,716754.2600,0.001264031552,2985.789033112585,34,6,1,0.0,1
"no_stress","MQT-Set03-7-127-AllOpt-IBMMapped-Only127-Extra.csv","LotterySeeded",4654,4654,0,4654,0,1.0000,0.0000,1.0000,5673542.327106253,11117.922739578813,5684660.249845832,5684660.249845832,12539833.3000,0.00037113731,17788.676383326154,2804,6,1,0.0,1
"no_stress","MQT-Set04-7-127-AllOpt-IBMMapped-Extra.csv","LotterySeeded",5852,5852,1198,4654,0,1.0000,0.204716336295,0.795283663705,4720861.985206351,8704.178031442252,4729566.163237793,4729566.163237793,13518745.9400,0.000432880389,13926.684850307603,2865,6,1,0.0,1
"no_stress","MQT-Set01-298-10-27-IBMQ27-Opt3-Extra.csv","LotterySeeded",238,238,238,0,0,1.0000,1.0000,0.0000,28092.90604128607,752.901134453782,28845.807175739854,28845.807175739854,67407.87000000001,0.003530745001,1204.64181512605,10,6,2,0.0,1
"no_stress","MQT-Set02-10-27-Mapped-AllAlgorithmLeft-Extra.csv","LotterySeeded",906,906,906,0,0,1.0000,1.0000,0.0000,252567.28408012603,1844.740176600442,254412.02425672646,254412.02425672646,597199.6200,0.001517080671,2951.584282560707,50,6,2,0.0,1
"no_stress","MQT-Set03-7-127-AllOpt-IBMMapped-Only127-Extra.csv","LotterySeeded",4654,4654,0,4654,0,1.0000,0.0000,1.0000,5677374.2436871445,11029.536729694879,5688403.780416837,5688403.780416837,12923860.1600,0.000360109127,17647.258767511823,2800,6,2,0.0,1
"no_stress","MQT-Set04-7-127-AllOpt-IBMMapped-Extra.csv","LotterySeeded",5852,5852,1198,4654,0,1.0000,0.204716336295,0.795283663705,4633922.006205416,8959.890591250847,4642881.896796669,4642881.896796669,13463650.5500,0.000434651804,14335.8249460014,2856,6,2,0.0,1
"no_stress","MQT-Set01-298-10-27-IBMQ27-Opt3-Extra.csv","LotterySeeded",238,238,238,0,0,1.0000,1.0000,0.0000,29948.06750350141,763.951050420168,30712.01855392159,30712.01855392159,71141.2300,0.003345458042,1222.321680672269,16,6,3,0.0,1
"no_stress","MQT-Set02-10-27-Mapped-AllAlgorithmLeft-Extra.csv","LotterySeeded",906,906,906,0,0,1.0000,1.0000,0.0000,268788.0815141645,1912.706699779247,270700.7882139437,270700.7882139437,761692.6300,0.001189456172,3060.330719646806,49,6,3,0.0,1
"no_stress","MQT-Set03-7-127-AllOpt-IBMMapped-Only127-Extra.csv","LotterySeeded",4654,4654,0,4654,0,1.0000,0.0000,1.0000,5796141.438991251,10655.423530296506,5806796.862521548,5806796.862521548,13744852.9400,0.000338599476,17048.6776484744,2821,6,3,0.0,1
"no_stress","MQT-Set04-7-127-AllOpt-IBMMapped-Extra.csv","LotterySeeded",5852,5852,1198,4654,0,1.0000,0.204716336295,0.795283663705,4699082.000467846,8908.60195659604,4707990.602424442,4707990.602424442,13340923.0200,0.000438650309,14253.763130553722,2838,6,3,0.0,1
"no_stress","MQT-Set01-298-10-27-IBMQ27-Opt3-Extra.csv","LotterySeeded",238,238,238,0,0,1.0000,1.0000,0.0000,28111.002239932204,759.56731092437,28870.56955085657,28870.56955085657,77427.51000000001,0.003073842876,1215.307697478991,16,6,4,0.0,1
"no_stress","MQT-Set02-10-27-Mapped-AllAlgorithmLeft-Extra.csv","LotterySeeded",906,906,906,0,0,1.0000,1.0000,0.0000,274659.38775672595,1865.798554083882,276525.18631080986,276525.18631080986,578847.0300,0.001565180355,2985.277686534213,48,6,4,0.0,1
"no_stress","MQT-Set03-7-127-AllOpt-IBMMapped-Only127-Extra.csv","LotterySeeded",4654,4654,0,4654,0,1.0000,0.0000,1.0000,5789964.938513317,10594.328281048507,5800559.266794365,5800559.266794365,14134135.8400,0.000329273756,16950.9252496776,2845,6,4,0.0,1
"no_stress","MQT-Set04-7-127-AllOpt-IBMMapped-Extra.csv","LotterySeeded",5852,5852,1198,4654,0,1.0000,0.204716336295,0.795283663705,4705078.214831607,8936.781151742978,4714014.995983351,4714014.995983351,13468955.9600,0.000434480595,14298.849842788806,2859,6,4,0.0,1
"no_stress","MQT-Set01-298-10-27-IBMQ27-Opt3-Extra.csv","LotterySeeded",238,238,238,0,0,1.0000,1.0000,0.0000,29654.62103291316,750.934705882353,30405.555738795512,30405.555738795512,98366.4600,0.002419523891,1201.495529411764,18,6,5,0.0,1
"no_stress","MQT-Set02-10-27-Mapped-AllAlgorithmLeft-Extra.csv","LotterySeeded",906,906,906,0,0,1.0000,1.0000,0.0000,268691.6521998347,1898.729944812362,270590.38214464707,270590.38214464707,698893.8900,0.001296334126,3037.967911699782,48,6,5,0.0,1
"no_stress","MQT-Set03-7-127-AllOpt-IBMMapped-Only127-Extra.csv","LotterySeeded",4654,4654,0,4654,0,1.0000,0.0000,1.0000,5767867.9122816,10516.25478942841,5778384.167071028,5778384.167071028,13977271.5700,0.000332969133,16826.00766308549,2776,6,5,0.0,1
"no_stress","MQT-Set04-7-127-AllOpt-IBMMapped-Extra.csv","LotterySeeded",5852,5852,1198,4654,0,1.0000,0.204716336295,0.795283663705,4678677.207239039,8990.500707450445,4687667.70794649,4687667.70794649,13311838.5800,0.000439608696,14384.801131920663,2851,6,5,0.0,1
"no_stress","MQT-Set01-298-10-27-IBMQ27-Opt3-Extra.csv","MCT",238,238,238,0,0,1.0000,1.0000,0.0000,15251.311824929977,702.311806722689,15953.623631652663,15953.623631652663,35692.119999999995,0.006668138513,1123.698890756302,11,6,1,0.25,6
"no_stress","MQT-Set02-10-27-Mapped-AllAlgorithmLeft-Extra.csv","MCT",906,906,906,0,0,1.0000,1.0000,0.0000,143498.6907684878,1744.651291390729,145243.34205987855,145243.34205987855,382132.5700,0.002370904945,2791.442066225164,48,6,1,0.25,6
"no_stress","MQT-Set03-7-127-AllOpt-IBMMapped-Only127-Extra.csv","MCT",4654,4654,0,4654,0,1.0000,0.0000,1.0000,5380665.157447066,13732.849817361455,5394398.007264428,5394398.007264428,10886591.6700,0.000427498352,21972.559707778284,2788,6,1,0.25,6
"no_stress","MQT-Set04-7-127-AllOpt-IBMMapped-Extra.csv","MCT",5852,5852,1198,4654,0,1.0000,0.204716336295,0.795283663705,4347575.633274746,11318.926120984275,4358894.5593957305,4358894.5593957305,10899827.3700,0.000536889237,18110.28179357479,2843,6,1,0.25,6
"no_stress","MQT-Set01-298-10-27-IBMQ27-Opt3-Extra.csv","MCT",238,238,238,0,0,1.0000,1.0000,0.0000,15256.115900560222,704.418697478992,15960.534598039214,15960.534598039214,35369.4700,0.006728967101,1127.069915966387,22,6,1,0.5,6
"no_stress","MQT-Set02-10-27-Mapped-AllAlgorithmLeft-Extra.csv","MCT",906,906,906,0,0,1.0000,1.0000,0.0000,145328.02048151215,1744.04440397351,147072.06488548568,147072.06488548568,360244.14999999997,0.002514961034,2790.471046357617,48,6,1,0.5,6
"no_stress","MQT-Set03-7-127-AllOpt-IBMMapped-Only127-Extra.csv","MCT",4654,4654,0,4654,0,1.0000,0.0000,1.0000,5809202.012582434,14300.125223463694,5823502.137805899,5823502.137805899,12084192.3900,0.00038513124,22880.20035754183,2794,6,1,0.5,6
"no_stress","MQT-Set04-7-127-AllOpt-IBMMapped-Extra.csv","MCT",5852,5852,1198,4654,0,1.0000,0.204716336295,0.795283663705,4741609.074398574,11804.336132946017,4753413.410531519,4753413.410531519,12686008.0300,0.000461295625,18886.937812713528,2823,6,1,0.5,6
"no_stress","MQT-Set01-298-10-27-IBMQ27-Opt3-Extra.csv","FCFS",238,238,238,0,0,1.0000,1.0000,0.0000,76069.46078918526,668.887857142857,76738.34864632812,76738.34864632812,159195.3100,0.001495018917,1070.220571428571,11,7,1,0.0,1
"no_stress","MQT-Set01-298-10-27-IBMQ27-Opt3-Extra.csv","LoadAware",238,238,238,0,0,1.0000,1.0000,0.0000,16046.11133890513,724.571932773109,16770.683271678237,16770.683271678237,51030.9200,0.0046638391,1159.315092436975,12,7,1,0.0,1
"no_stress","MQT-Set01-298-10-27-IBMQ27-Opt3-Extra.csv","QCLAR",238,238,238,0,0,1.0000,1.0000,0.0000,15943.558007550846,720.426176470589,16663.984184021432,16663.984184021432,45927.8500,0.005182040962,1152.681882352941,2,7,1,0.0,1
"no_stress","MQT-Set01-298-10-27-IBMQ27-Opt3-Extra.csv","QCLAAR",238,238,238,0,0,1.0000,1.0000,0.0000,15943.558007550846,720.426176470589,16663.984184021432,16663.984184021432,45927.8500,0.005182040962,1152.681882352941,24,7,1,0.0,1
"no_stress","MQT-Set01-298-10-27-IBMQ27-Opt3-Extra.csv","MCT",238,238,238,0,0,1.0000,1.0000,0.0000,14989.971145972884,705.508151260504,15695.479297233385,15695.479297233385,33935.1400,0.007013379052,1128.813042016807,15,7,1,0.0,1
"no_stress","MQT-Set02-10-27-Mapped-AllAlgorithmLeft-Extra.csv","FCFS",906,906,906,0,0,1.0000,1.0000,0.0000,642008.0755274016,1561.891556291391,643569.9670836931,643569.9670836931,1415073.7500,0.000640249316,2499.026490066225,48,7,1,0.0,1
"no_stress","MQT-Set02-10-27-Mapped-AllAlgorithmLeft-Extra.csv","LoadAware",906,906,906,0,0,1.0000,1.0000,0.0000,134997.65342613249,1647.835463576158,136645.48888970865,136645.48888970865,374538.3700,0.002418977794,2636.536741721854,32,7,1,0.0,1
"no_stress","MQT-Set02-10-27-Mapped-AllAlgorithmLeft-Extra.csv","QCLAR",906,906,906,0,0,1.0000,1.0000,0.0000,133825.39662665568,1637.543388520972,135462.9400151767,135462.9400151767,374538.3700,0.002418977794,2620.069421633556,37,7,1,0.0,1
"no_stress","MQT-Set02-10-27-Mapped-AllAlgorithmLeft-Extra.csv","QCLAAR",906,906,906,0,0,1.0000,1.0000,0.0000,133825.39662665568,1637.543388520972,135462.9400151767,135462.9400151767,374538.3700,0.002418977794,2620.069421633556,48,7,1,0.0,1
"no_stress","MQT-Set02-10-27-Mapped-AllAlgorithmLeft-Extra.csv","MCT",906,906,906,0,0,1.0000,1.0000,0.0000,117577.28516004415,1632.333675496688,119209.61883554088,119209.61883554088,363329.0300,0.002493607516,2611.733880794701,48,7,1,0.0,1
"no_stress","MQT-Set03-7-127-AllOpt-IBMMapped-Only127-Extra.csv","FCFS",4654,4654,0,4654,0,1.0000,0.0000,1.0000,97164705.16157202,41936.33073055437,97206641.49230257,97206641.49230257,195171683.2200,0.000023845672,67098.12916888692,2821,7,1,0.0,1
"no_stress","MQT-Set03-7-127-AllOpt-IBMMapped-Only127-Extra.csv","LoadAware",4654,4654,0,4654,0,1.0000,0.0000,1.0000,7569964.8270147005,19760.763813923484,7589725.5908286255,7589725.5908286255,31734981.6400,0.000146652046,31617.22210227755,2790,7,1,0.0,1
"no_stress","MQT-Set03-7-127-AllOpt-IBMMapped-Only127-Extra.csv","QCLAR",4654,4654,0,4654,0,1.0000,0.0000,1.0000,5649487.467990517,11346.16310915338,5660833.631099671,5660833.631099671,12462983.8600,0.000373425823,18153.860974645442,2805,7,1,0.0,1
"no_stress","MQT-Set03-7-127-AllOpt-IBMMapped-Only127-Extra.csv","QCLAAR",4654,4654,0,4654,0,1.0000,0.0000,1.0000,5566828.099900699,12013.385681134494,5578841.485581832,5578841.485581832,12519178.190000001,0.000371749641,19221.41708981519,2763,7,1,0.0,1
"no_stress","MQT-Set03-7-127-AllOpt-IBMMapped-Only127-Extra.csv","MCT",4654,4654,0,4654,0,1.0000,0.0000,1.0000,5195631.038370826,13506.589583154278,5209137.627953981,5209137.627953981,10542145.3000,0.000441466122,21610.543333046848,2778,7,1,0.0,1
"no_stress","MQT-Set04-7-127-AllOpt-IBMMapped-Extra.csv","FCFS",5852,5852,1198,4654,0,1.0000,0.204716336295,0.795283663705,79529227.23679784,34719.02181989055,79563946.25861773,79563946.25861773,200882351.2100,0.000029131479,55550.43491182493,2877,7,1,0.0,1
"no_stress","MQT-Set04-7-127-AllOpt-IBMMapped-Extra.csv","LoadAware",5852,5852,1198,4654,0,1.0000,0.204716336295,0.795283663705,6584651.840131746,17282.195651059403,6601934.035782805,6601934.035782805,31827751.3700,0.000183864701,27651.5130416951,2848,7,1,0.0,1
"no_stress","MQT-Set04-7-127-AllOpt-IBMMapped-Extra.csv","QCLAR",5852,5852,1198,4654,0,1.0000,0.204716336295,0.795283663705,4692449.156321609,10140.221396103881,4702589.377717715,4702589.377717715,14901800.3200,0.000392704229,16224.354233766271,2839,7,1,0.0,1
"no_stress","MQT-Set04-7-127-AllOpt-IBMMapped-Extra.csv","QCLAAR",5852,5852,1198,4654,0,1.0000,0.204716336295,0.795283663705,4631044.473671223,10139.330290498916,4641183.803961723,4641183.803961723,13992902.0700,0.000418212031,16222.928464798464,2855,7,1,0.0,1
"no_stress","MQT-Set04-7-127-AllOpt-IBMMapped-Extra.csv","MCT",5852,5852,1198,4654,0,1.0000,0.204716336295,0.795283663705,4289615.512961456,11472.993615857875,4301088.506577313,4301088.506577313,10846832.1800,0.000539512357,18356.789785372563,2860,7,1,0.0,1
"no_stress","MQT-Set01-298-10-27-IBMQ27-Opt3-Extra.csv","LotterySeeded",238,238,238,0,0,1.0000,1.0000,0.0000,27618.90430195266,764.435882352941,28383.340184305598,28383.340184305598,71035.0400,0.003350459154,1223.097411764706,7,7,1,0.0,1
"no_stress","MQT-Set02-10-27-Mapped-AllAlgorithmLeft-Extra.csv","LotterySeeded",906,906,906,0,0,1.0000,1.0000,0.0000,257647.0258696454,1815.967350993376,259462.99322063877,259462.99322063877,890673.5600,0.001017207696,2905.547761589406,32,7,1,0.0,1
"no_stress","MQT-Set03-7-127-AllOpt-IBMMapped-Only127-Extra.csv","LotterySeeded",4654,4654,0,4654,0,1.0000,0.0000,1.0000,5625144.445019306,11130.659267296935,5636275.104286604,5636275.104286604,12445234.7500,0.000373958394,17809.0548276751,2787,7,1,0.0,1
"no_stress","MQT-Set04-7-127-AllOpt-IBMMapped-Extra.csv","LotterySeeded",5852,5852,1198,4654,0,1.0000,0.204716336295,0.795283663705,4707598.881115566,9362.162330827077,4716961.043446394,4716961.043446394,12849010.3200,0.000455443638,14979.459729323296,2858,7,1,0.0,1
"no_stress","MQT-Set01-298-10-27-IBMQ27-Opt3-Extra.csv","LotterySeeded",238,238,238,0,0,1.0000,1.0000,0.0000,28847.54567927172,776.09949579832,29623.645175070036,29623.645175070036,79436.7700,0.002996093623,1241.759193277311,15,7,2,0.0,1
"no_stress","MQT-Set02-10-27-Mapped-AllAlgorithmLeft-Extra.csv","LotterySeeded",906,906,906,0,0,1.0000,1.0000,0.0000,243533.6501564691,1824.52328918322,245358.1734456523,245358.1734456523,744153.5100,0.00121749073,2919.237262693159,49,7,2,0.0,1
"no_stress","MQT-Set03-7-127-AllOpt-IBMMapped-Only127-Extra.csv","LotterySeeded",4654,4654,0,4654,0,1.0000,0.0000,1.0000,5714399.399380609,10823.308723678505,5725222.708104287,5725222.708104287,12446430.5100,0.000373922467,17317.293957885664,2790,7,2,0.0,1
"no_stress","MQT-Set04-7-127-AllOpt-IBMMapped-Extra.csv","LotterySeeded",5852,5852,1198,4654,0,1.0000,0.204716336295,0.795283663705,4775807.015668729,9329.909191729326,4785136.92486046,4785136.92486046,13843230.4000,0.000422733699,14927.854706766866,2868,7,2,0.0,1
"no_stress","MQT-Set01-298-10-27-IBMQ27-Opt3-Extra.csv","LotterySeeded",238,238,238,0,0,1.0000,1.0000,0.0000,28434.085771906593,766.980756302521,29201.066528209114,29201.066528209114,72514.1000,0.003282120305,1227.169210084034,15,7,3,0.0,1
"no_stress","MQT-Set02-10-27-Mapped-AllAlgorithmLeft-Extra.csv","LotterySeeded",906,906,906,0,0,1.0000,1.0000,0.0000,243432.0574707506,1820.821622516556,245252.87909326717,245252.87909326717,873359.3700,0.001037373653,2913.314596026487,52,7,3,0.0,1
"no_stress","MQT-Set03-7-127-AllOpt-IBMMapped-Only127-Extra.csv","LotterySeeded",4654,4654,0,4654,0,1.0000,0.0000,1.0000,5671319.57885233,11000.22603781692,5682319.8048901465,5682319.8048901465,13262467.360000001,0.000350915095,17600.361660507115,2798,7,3,0.0,1
"no_stress","MQT-Set04-7-127-AllOpt-IBMMapped-Extra.csv","LotterySeeded",5852,5852,1198,4654,0,1.0000,0.204716336295,0.795283663705,4725992.530192098,9349.9552614491,4735342.485453547,4735342.485453547,13026250.3300,0.000449246702,14959.92841831856,2872,7,3,0.0,1
"no_stress","MQT-Set01-298-10-27-IBMQ27-Opt3-Extra.csv","LotterySeeded",238,238,238,0,0,1.0000,1.0000,0.0000,27384.41151260504,758.33193277311,28142.743445378146,28142.743445378146,80003.3200,0.002974876543,1213.331092436975,11,7,4,0.0,1
"no_stress","MQT-Set02-10-27-Mapped-AllAlgorithmLeft-Extra.csv","LotterySeeded",906,906,906,0,0,1.0000,1.0000,0.0000,251604.37501831597,1790.072637969095,253394.447656285,253394.447656285,770795.9200,0.001175408401,2864.116220750554,35,7,4,0.0,1
"no_stress","MQT-Set03-7-127-AllOpt-IBMMapped-Only127-Extra.csv","LotterySeeded",4654,4654,0,4654,0,1.0000,0.0000,1.0000,5681745.413934707,10865.723300386766,5692611.137235095,5692611.137235095,13554034.3300,0.000343366402,17385.15728061882,2791,7,4,0.0,1
"no_stress","MQT-Set04-7-127-AllOpt-IBMMapped-Extra.csv","LotterySeeded",5852,5852,1198,4654,0,1.0000,0.204716336295,0.795283663705,4762205.31163038,9352.3085252905,4771557.62015567,4771557.62015567,13571939.7500,0.000431183759,14963.69364046476,2841,7,4,0.0,1
"no_stress","MQT-Set01-298-10-27-IBMQ27-Opt3-Extra.csv","LotterySeeded",238,238,238,0,0,1.0000,1.0000,0.0000,28013.37885470709,752.99731092437,28766.376165631456,28766.376165631456,85746.0500,0.002775638061,1204.795697478991,17,7,5,0.0,1
"no_stress","MQT-Set02-10-27-Mapped-AllAlgorithmLeft-Extra.csv","LotterySeeded",906,906,906,0,0,1.0000,1.0000,0.0000,245792.10368274312,1806.672108167767,247598.7757909109,247598.7757909109,642114.2700,0.001410963815,2890.675373068431,47,7,5,0.0,1
"no_stress","MQT-Set03-7-127-AllOpt-IBMMapped-Only127-Extra.csv","LotterySeeded",4654,4654,0,4654,0,1.0000,0.0000,1.0000,5652445.44496515,10927.044140524282,5663372.489105674,5663372.489105674,12619304.2200,0.000368800048,17483.270624838835,2820,7,5,0.0,1
"no_stress","MQT-Set04-7-127-AllOpt-IBMMapped-Extra.csv","LotterySeeded",5852,5852,1198,4654,0,1.0000,0.204716336295,0.795283663705,4768074.766914297,9105.109986329433,4777179.876900626,4777179.876900626,13485667.4100,0.000433942186,14568.175978127141,2860,7,5,0.0,1
"no_stress","MQT-Set01-298-10-27-IBMQ27-Opt3-Extra.csv","MCT",238,238,238,0,0,1.0000,1.0000,0.0000,15117.667322443476,705.045546218488,15822.712868661962,15822.712868661962,34696.299999999996,0.006859521044,1128.07287394958,18,7,1,0.25,7
"no_stress","MQT-Set02-10-27-Mapped-AllAlgorithmLeft-Extra.csv","MCT",906,906,906,0,0,1.0000,1.0000,0.0000,122040.85175910596,1637.330066225167,123678.18182533112,123678.18182533112,351794.58999999997,0.002575366494,2619.728105960266,56,7,1,0.25,7
"no_stress","MQT-Set03-7-127-AllOpt-IBMMapped-Only127-Extra.csv","MCT",4654,4654,0,4654,0,1.0000,0.0000,1.0000,5268028.934784667,13622.217352814803,5281651.1521374835,5281651.1521374835,10824040.5800,0.000429968824,21795.547764503644,2820,7,1,0.25,7
"no_stress","MQT-Set04-7-127-AllOpt-IBMMapped-Extra.csv","MCT",5852,5852,1198,4654,0,1.0000,0.204716336295,0.795283663705,4397083.780054767,11674.222211209837,4408758.002265978,4408758.002265978,11295593.2300,0.000518078146,18678.755537935718,2847,7,1,0.25,7
"no_stress","MQT-Set01-298-10-27-IBMQ27-Opt3-Extra.csv","MCT",238,238,238,0,0,1.0000,1.0000,0.0000,15403.480221603133,707.10705882353,16110.587280426664,16110.587280426664,35212.0500,0.006759049814,1131.371294117647,2,7,1,0.5,7
"no_stress","MQT-Set02-10-27-Mapped-AllAlgorithmLeft-Extra.csv","MCT",906,906,906,0,0,1.0000,1.0000,0.0000,124267.08766540943,1640.466887417217,125907.55455282664,125907.55455282664,339715.0000,0.002666941407,2624.74701986755,33,7,1,0.5,7
"no_stress","MQT-Set03-7-127-AllOpt-IBMMapped-Only127-Extra.csv","MCT",4654,4654,0,4654,0,1.0000,0.0000,1.0000,5659085.356793995,14084.987552642882,5673170.344346638,5673170.344346638,12180662.8900,0.000382081012,22535.98008422867,2787,7,1,0.5,7
"no_stress","MQT-Set04-7-127-AllOpt-IBMMapped-Extra.csv","MCT",5852,5852,1198,4654,0,1.0000,0.204716336295,0.795283663705,4727499.521493566,12156.780278537239,4739656.301772103,4739656.301772103,12928953.4300,0.00045262751,19450.848445659623,2843,7,1,0.5,7
"no_stress","MQT-Set01-298-10-27-IBMQ27-Opt3-Extra.csv","FCFS",238,238,238,0,0,1.0000,1.0000,0.0000,81144.8180672269,687.830588235294,81832.64865546218,81832.64865546218,163703.6800,0.001453846364,1100.52894117647,12,8,1,0.0,1
"no_stress","MQT-Set01-298-10-27-IBMQ27-Opt3-Extra.csv","LoadAware",238,238,238,0,0,1.0000,1.0000,0.0000,17315.054537815122,756.415588235294,18071.47012605042,18071.47012605042,59255.6400,0.004016495307,1210.264941176471,11,8,1,0.0,1
"no_stress","MQT-Set01-298-10-27-IBMQ27-Opt3-Extra.csv","QCLAR",238,238,238,0,0,1.0000,1.0000,0.0000,17288.243970588235,751.45243697479,18039.69640756303,18039.69640756303,53330.1500,0.004462766371,1202.323899159664,11,8,1,0.0,1
"no_stress","MQT-Set01-298-10-27-IBMQ27-Opt3-Extra.csv","QCLAAR",238,238,238,0,0,1.0000,1.0000,0.0000,17288.243970588235,751.45243697479,18039.69640756303,18039.69640756303,53330.1500,0.004462766371,1202.323899159664,1,8,1,0.0,1
"no_stress","MQT-Set01-298-10-27-IBMQ27-Opt3-Extra.csv","MCT",238,238,238,0,0,1.0000,1.0000,0.0000,16059.111580298784,725.754033613445,16784.86561391223,16784.86561391223,34961.5400,0.006807480449,1161.206453781513,7,8,1,0.0,1
"no_stress","MQT-Set02-10-27-Mapped-AllAlgorithmLeft-Extra.csv","FCFS",906,906,906,0,0,1.0000,1.0000,0.0000,676239.5125803818,1595.557770419426,677835.0703508013,677835.0703508013,1445575.3400,0.000626740077,2552.892432671082,40,8,1,0.0,1
"no_stress","MQT-Set02-10-27-Mapped-AllAlgorithmLeft-Extra.csv","LoadAware",906,906,906,0,0,1.0000,1.0000,0.0000,143448.78384693828,1685.933443708609,145134.71729064686,145134.71729064686,374989.8500,0.002416065395,2697.493509933774,48,8,1,0.0,1
"no_stress","MQT-Set02-10-27-Mapped-AllAlgorithmLeft-Extra.csv","QCLAR",906,906,906,0,0,1.0000,1.0000,0.0000,142955.21436572217,1668.034547461367,144623.24891318358,144623.24891318358,369678.7700,0.002450776386,2668.855275938188,51,8,1,0.0,1
"no_stress","MQT-Set02-10-27-Mapped-AllAlgorithmLeft-Extra.csv","QCLAAR",906,906,906,0,0,1.0000,1.0000,0.0000,142955.21436572217,1668.034547461367,144623.24891318358,144623.24891318358,369678.7700,0.002450776386,2668.855275938188,50,8,1,0.0,1
"no_stress","MQT-Set02-10-27-Mapped-AllAlgorithmLeft-Extra.csv","MCT",906,906,906,0,0,1.0000,1.0000,0.0000,122732.52694850355,1667.152108167771,124399.67905667133,124399.67905667133,379379.9200,0.002388107415,2667.44337306843,40,8,1,0.0,1
"no_stress","MQT-Set03-7-127-AllOpt-IBMMapped-Only127-Extra.csv","FCFS",4654,4654,0,4654,0,1.0000,0.0000,1.0000,97461856.10797153,42140.51881392351,97503996.62678546,97503996.62678546,196121974.5600,0.00002373013,67424.83010227769,2836,8,1,0.0,1
"no_stress","MQT-Set03-7-127-AllOpt-IBMMapped-Only127-Extra.csv","LoadAware",4654,4654,0,4654,0,1.0000,0.0000,1.0000,7611232.480169951,19726.648785990514,7630959.128955941,7630959.128955941,28857725.900000002,0.000161273969,31562.638057584823,2938,8,1,0.0,1
"no_stress","MQT-Set03-7-127-AllOpt-IBMMapped-Only127-Extra.csv","QCLAR",4654,4654,0,4654,0,1.0000,0.0000,1.0000,5700154.730365187,11557.604348947103,5711712.334714134,5711712.334714134,13552531.6800,0.000343404473,18492.16695831547,2843,8,1,0.0,1
"no_stress","MQT-Set03-7-127-AllOpt-IBMMapped-Only127-Extra.csv","QCLAAR",4654,4654,0,4654,0,1.0000,0.0000,1.0000,5611779.005098741,11930.649516544887,5623709.654615285,5623709.654615285,12826683.3000,0.000362837367,19089.03922647186,2780,8,1,0.0,1
"no_stress","MQT-Set03-7-127-AllOpt-IBMMapped-Only127-Extra.csv","MCT",4654,4654,0,4654,0,1.0000,0.0000,1.0000,5213309.345906462,13573.870051568529,5226883.215958031,5226883.215958031,10606939.0600,0.000438769373,21718.19208250972,2805,8,1,0.0,1
"no_stress","MQT-Set04-7-127-AllOpt-IBMMapped-Extra.csv","FCFS",5852,5852,1198,4654,0,1.0000,0.204716336295,0.795283663705,78916632.23544766,34543.5829357484,78951175.81838341,78951175.81838341,199988995.2100,0.00002926161,55269.73269719774,2896,8,1,0.0,1
"no_stress","MQT-Set04-7-127-AllOpt-IBMMapped-Extra.csv","LoadAware",5852,5852,1198,4654,0,1.0000,0.204716336295,0.795283663705,6494019.435316034,17091.135751879723,6511110.571067914,6511110.571067914,37133046.2000,0.000157595474,27345.81720300751,2895,8,1,0.0,1
"no_stress","MQT-Set04-7-127-AllOpt-IBMMapped-Extra.csv","QCLAR",5852,5852,1198,4654,0,1.0000,0.204716336295,0.795283663705,4651435.449766596,9639.132493164738,4661074.58225976,4661074.58225976,14006038.200000001,0.000417819794,15422.611989063584,2952,8,1,0.0,1
"no_stress","MQT-Set04-7-127-AllOpt-IBMMapped-Extra.csv","QCLAAR",5852,5852,1198,4654,0,1.0000,0.204716336295,0.795283663705,4570769.729214657,9989.397875939856,4580759.127090597,4580759.127090597,12716176.4100,0.000460201228,15983.036601503787,2884,8,1,0.0,1
"no_stress","MQT-Set04-7-127-AllOpt-IBMMapped-Extra.csv","MCT",5852,5852,1198,4654,0,1.0000,0.204716336295,0.795283663705,4256690.741728883,11397.495739917958,4268088.2374688,4268088.2374688,10805398.1100,0.000541581156,18235.993183868748,2881,8,1,0.0,1
"no_stress","MQT-Set01-298-10-27-IBMQ27-Opt3-Extra.csv","LotterySeeded",238,238,238,0,0,1.0000,1.0000,0.0000,30602.95789565828,794.238781512605,31397.196677170887,31397.196677170887,75033.1900,0.003171929649,1270.782050420168,10,8,1,0.0,1
"no_stress","MQT-Set02-10-27-Mapped-AllAlgorithmLeft-Extra.csv","LotterySeeded",906,906,906,0,0,1.0000,1.0000,0.0000,260647.4767706966,1815.511467991169,262462.98823868786,262462.98823868786,936325.3600,0.000967612369,2904.81834878587,47,8,1,0.0,1
"no_stress","MQT-Set03-7-127-AllOpt-IBMMapped-Only127-Extra.csv","LotterySeeded",4654,4654,0,4654,0,1.0000,0.0000,1.0000,5698233.9002334885,10747.016832831945,5708980.917066323,5708980.917066323,12707913.7200,0.000366228486,17195.22693253112,2843,8,1,0.0,1
"no_stress","MQT-Set04-7-127-AllOpt-IBMMapped-Extra.csv","LotterySeeded",5852,5852,1198,4654,0,1.0000,0.204716336295,0.795283663705,4697371.498520226,9261.699446343124,4706633.19796657,4706633.19796657,13345214.6900,0.000438509244,14818.719114149006,3410,8,1,0.0,1
"no_stress","MQT-Set01-298-10-27-IBMQ27-Opt3-Extra.csv","LotterySeeded",238,238,238,0,0,1.0000,1.0000,0.0000,30112.581478961158,797.332394957983,30909.913873919133,30909.913873919133,86213.5600,0.002760586618,1275.731831932773,12,8,2,0.0,1
"no_stress","MQT-Set02-10-27-Mapped-AllAlgorithmLeft-Extra.csv","LotterySeeded",906,906,906,0,0,1.0000,1.0000,0.0000,278654.0545203713,1879.883918322299,280533.93843869364,280533.93843869364,760645.0599999999,0.001191094306,3007.814269315673,62,8,2,0.0,1
"no_stress","MQT-Set03-7-127-AllOpt-IBMMapped-Only127-Extra.csv","LotterySeeded",4654,4654,0,4654,0,1.0000,0.0000,1.0000,5718470.417836257,10653.187516115171,5729123.605352371,5729123.605352371,13655860.0600,0.00034080607,17045.100025784166,3984,8,2,0.0,1
"no_stress","MQT-Set04-7-127-AllOpt-IBMMapped-Extra.csv","LotterySeeded",5852,5852,1198,4654,0,1.0000,0.204716336295,0.795283663705,4747384.627139037,9010.192153110076,4756394.819292147,4756394.819292147,13821695.5200,0.000423392339,14416.307444976124,3226,8,2,0.0,1
"no_stress","MQT-Set01-298-10-27-IBMQ27-Opt3-Extra.csv","LotterySeeded",238,238,238,0,0,1.0000,1.0000,0.0000,30420.371666666666,785.466722689076,31205.83838935574,31205.83838935574,69937.4000,0.003403043293,1256.74675630252,10,8,3,0.0,1
"no_stress","MQT-Set02-10-27-Mapped-AllAlgorithmLeft-Extra.csv","LotterySeeded",906,906,906,0,0,1.0000,1.0000,0.0000,261280.83775194362,1833.038267108168,263113.8760190518,263113.8760190518,705716.1200,0.001283802331,2932.861227373069,49,8,3,0.0,1
"no_stress","MQT-Set03-7-127-AllOpt-IBMMapped-Only127-Extra.csv","LotterySeeded",4654,4654,0,4654,0,1.0000,0.0000,1.0000,5749172.766306567,10792.946688869764,5759965.712995437,5759965.712995437,13382113.7600,0.000347777644,17268.714702191664,2814,8,3,0.0,1
"no_stress","MQT-Set04-7-127-AllOpt-IBMMapped-Extra.csv","LotterySeeded",5852,5852,1198,4654,0,1.0000,0.204716336295,0.795283663705,4720946.620024782,9197.22956937796,4730143.849594162,4730143.849594162,14073710.0300,0.000415810755,14715.56731100483,2838,8,3,0.0,1
"no_stress","MQT-Set01-298-10-27-IBMQ27-Opt3-Extra.csv","LotterySeeded",238,238,238,0,0,1.0000,1.0000,0.0000,30584.53821040372,791.391680672268,31375.92989107599,31375.92989107599,81128.8000,0.002933606808,1266.22668907563,15,8,4,0.0,1
"no_stress","MQT-Set02-10-27-Mapped-AllAlgorithmLeft-Extra.csv","LotterySeeded",906,906,906,0,0,1.0000,1.0000,0.0000,252076.66437302047,1847.184635761589,253923.84900878204,253923.84900878204,677328.6500,0.001337607674,2955.495417218544,51,8,4,0.0,1
"no_stress","MQT-Set03-7-127-AllOpt-IBMMapped-Only127-Extra.csv","LotterySeeded",4654,4654,0,4654,0,1.0000,0.0000,1.0000,5714670.963201766,10885.548508809637,5725556.511710577,5725556.511710577,13370215.610000001,0.000348087132,17416.877614095345,2798,8,4,0.0,1
"no_stress","MQT-Set04-7-127-AllOpt-IBMMapped-Extra.csv","LotterySeeded",5852,5852,1198,4654,0,1.0000,0.204716336295,0.795283663705,4724062.076561226,9161.70591763499,4733223.7824788615,4733223.7824788615,13217215.7500,0.000442755881,14658.729468216019,2861,8,4,0.0,1
"no_stress","MQT-Set01-298-10-27-IBMQ27-Opt3-Extra.csv","LotterySeeded",238,238,238,0,0,1.0000,1.0000,0.0000,31295.565042016813,785.261680672269,32080.826722689082,32080.826722689082,98381.1300,0.002419163106,1256.41868907563,11,8,5,0.0,1
"no_stress","MQT-Set02-10-27-Mapped-AllAlgorithmLeft-Extra.csv","LotterySeeded",906,906,906,0,0,1.0000,1.0000,0.0000,250313.5601917171,1851.287560706402,252164.84775242352,252164.84775242352,875701.1800,0.001034599497,2962.060097130243,51,8,5,0.0,1
"no_stress","MQT-Set03-7-127-AllOpt-IBMMapped-Only127-Extra.csv","LotterySeeded",4654,4654,0,4654,0,1.0000,0.0000,1.0000,5700914.066311174,11019.97119252254,5711934.037503697,5711934.037503697,13071627.0700,0.000356038309,17631.953908036117,2802,8,5,0.0,1
"no_stress","MQT-Set04-7-127-AllOpt-IBMMapped-Extra.csv","LotterySeeded",5852,5852,1198,4654,0,1.0000,0.204716336295,0.795283663705,4734659.941583147,9154.430991114139,4743814.372574261,4743814.372574261,13653344.6300,0.000428612927,14647.08958578265,2840,8,5,0.0,1
"no_stress","MQT-Set01-298-10-27-IBMQ27-Opt3-Extra.csv","MCT",238,238,238,0,0,1.0000,1.0000,0.0000,16442.77065592903,727.027100840336,17169.79775676937,17169.79775676937,35725.0000,0.0066620014,1163.243361344538,12,8,1,0.25,8
"no_stress","MQT-Set02-10-27-Mapped-AllAlgorithmLeft-Extra.csv","MCT",906,906,906,0,0,1.0000,1.0000,0.0000,118636.6114187022,1665.660640176601,120302.27205887882,120302.27205887882,395570.2300,0.00229036447,2665.057024282562,52,8,1,0.25,8
"no_stress","MQT-Set03-7-127-AllOpt-IBMMapped-Only127-Extra.csv","MCT",4654,4654,0,4654,0,1.0000,0.0000,1.0000,5360448.646398494,13792.537339922614,5374241.183738418,5374241.183738418,10949414.6100,0.000425045554,22068.05974387629,2802,8,1,0.25,8
"no_stress","MQT-Set04-7-127-AllOpt-IBMMapped-Extra.csv","MCT",5852,5852,1198,4654,0,1.0000,0.204716336295,0.795283663705,4348128.792456835,11521.462318865331,4359650.254775701,4359650.254775701,11137605.6700,0.000525427114,18434.33971018451,2848,8,1,0.25,8
"no_stress","MQT-Set01-298-10-27-IBMQ27-Opt3-Extra.csv","MCT",238,238,238,0,0,1.0000,1.0000,0.0000,16747.90052987862,728.358823529412,17476.259353408033,17476.259353408033,38601.299999999996,0.006165595459,1165.37411764706,13,8,1,0.5,8
"no_stress","MQT-Set02-10-27-Mapped-AllAlgorithmLeft-Extra.csv","MCT",906,906,906,0,0,1.0000,1.0000,0.0000,116231.78362620765,1661.662626931569,117893.44625313923,117893.44625313923,388523.9900,0.002331902336,2658.660203090506,50,8,1,0.5,8
"no_stress","MQT-Set03-7-127-AllOpt-IBMMapped-Only127-Extra.csv","MCT",4654,4654,0,4654,0,1.0000,0.0000,1.0000,5779952.161237347,14390.067608508793,5794342.228845856,5794342.228845856,12437428.5500,0.000374193104,23024.10817361405,2795,8,1,0.5,8
"no_stress","MQT-Set04-7-127-AllOpt-IBMMapped-Extra.csv","MCT",5852,5852,1198,4654,0,1.0000,0.204716336295,0.795283663705,4692832.355052541,11956.468766233771,4704788.823818774,4704788.823818774,12400194.370000001,0.000471928086,19130.350025974058,2832,8,1,0.5,8
"no_stress","MQT-Set01-298-10-27-IBMQ27-Opt3-Extra.csv","FCFS",238,238,238,0,0,1.0000,1.0000,0.0000,79128.67284800878,682.90987394958,79811.58272195836,79811.58272195836,162532.5500,0.00146432207,1092.655798319327,6,9,1,0.0,1
"no_stress","MQT-Set01-298-10-27-IBMQ27-Opt3-Extra.csv","LoadAware",238,238,238,0,0,1.0000,1.0000,0.0000,16502.51437753725,723.268613445378,17225.78299098263,17225.78299098263,43915.869999999995,0.00541945315,1157.229781512605,16,9,1,0.0,1
"no_stress","MQT-Set01-298-10-27-IBMQ27-Opt3-Extra.csv","QCLAR",238,238,238,0,0,1.0000,1.0000,0.0000,16329.809360897987,716.91794117647,17046.727302074458,17046.727302074458,42086.0700,0.005655077797,1147.068705882354,12,9,1,0.0,1
"no_stress","MQT-Set01-298-10-27-IBMQ27-Opt3-Extra.csv","QCLAAR",238,238,238,0,0,1.0000,1.0000,0.0000,16329.809360897987,716.91794117647,17046.727302074458,17046.727302074458,42086.0700,0.005655077797,1147.068705882354,18,9,1,0.0,1
"no_stress","MQT-Set01-298-10-27-IBMQ27-Opt3-Extra.csv","MCT",238,238,238,0,0,1.0000,1.0000,0.0000,15581.184528965217,720.451722689076,16301.636251654294,16301.636251654294,34904.1700,0.006818669517,1152.722756302521,2,9,1,0.0,1
"no_stress","MQT-Set02-10-27-Mapped-AllAlgorithmLeft-Extra.csv","FCFS",906,906,906,0,0,1.0000,1.0000,0.0000,697302.4449635276,1580.967604856512,698883.4125683841,698883.4125683841,1432356.6500,0.00063252403,2529.548167770419,46,9,1,0.0,1
"no_stress","MQT-Set02-10-27-Mapped-AllAlgorithmLeft-Extra.csv","LoadAware",906,906,906,0,0,1.0000,1.0000,0.0000,150566.55055376,1737.658322295807,152304.20887605575,152304.20887605575,599826.4300,0.001510436944,2780.253315673286,56,9,1,0.0,1
"no_stress","MQT-Set02-10-27-Mapped-AllAlgorithmLeft-Extra.csv","QCLAR",906,906,906,0,0,1.0000,1.0000,0.0000,148207.2554151336,1708.633079470198,149915.88849460377,149915.88849460377,539843.8700,0.001678263013,2733.812927152317,34,9,1,0.0,1
"no_stress","MQT-Set02-10-27-Mapped-AllAlgorithmLeft-Extra.csv","QCLAAR",906,906,906,0,0,1.0000,1.0000,0.0000,148207.2554151336,1708.633079470198,149915.88849460377,149915.88849460377,539843.8700,0.001678263013,2733.812927152317,49,9,1,0.0,1
"no_stress","MQT-Set02-10-27-Mapped-AllAlgorithmLeft-Extra.csv","MCT",906,906,906,0,0,1.0000,1.0000,0.0000,128831.5258455972,1652.150033112583,130483.6758787098,130483.6758787098,374632.0800,0.002418372714,2643.440052980131,44,9,1,0.0,1
"no_stress","MQT-Set03-7-127-AllOpt-IBMMapped-Only127-Extra.csv","FCFS",4654,4654,0,4654,0,1.0000,0.0000,1.0000,99816447.1958145,43037.67484314568,99859484.87065765,99859484.87065765,200297338.7200,0.000023235456,68860.27974903336,2817,9,1,0.0,1
"no_stress","MQT-Set03-7-127-AllOpt-IBMMapped-Only127-Extra.csv","LoadAware",4654,4654,0,4654,0,1.0000,0.0000,1.0000,7837811.562108078,20395.980152556906,7858207.542260635,7858207.542260635,32295321.500000004,0.000144107561,32633.56824409099,2777,9,1,0.0,1
"no_stress","MQT-Set03-7-127-AllOpt-IBMMapped-Only127-Extra.csv","QCLAR",4654,4654,0,4654,0,1.0000,0.0000,1.0000,5763792.337372056,11815.59723893423,5775607.934610991,5775607.934610991,13084261.370000001,0.000355694515,18904.9555822948,2811,9,1,0.0,1
"no_stress","MQT-Set03-7-127-AllOpt-IBMMapped-Only127-Extra.csv","QCLAAR",4654,4654,0,4654,0,1.0000,0.0000,1.0000,5752850.877086282,12142.918351955292,5764993.795438237,5764993.795438237,13213001.9100,0.000352228815,19428.669363128556,2782,9,1,0.0,1
"no_stress","MQT-Set03-7-127-AllOpt-IBMMapped-Only127-Extra.csv","MCT",4654,4654,0,4654,0,1.0000,0.0000,1.0000,5337884.739967671,13868.810139664816,5351753.550107336,5351753.550107336,10813131.2100,0.00043040262,22190.096223463766,2810,9,1,0.0,1
"no_stress","MQT-Set04-7-127-AllOpt-IBMMapped-Extra.csv","FCFS",5852,5852,1198,4654,0,1.0000,0.204716336295,0.795283663705,77306428.34852006,34162.55966165408,77340590.9081817,77340590.9081817,197562881.3600,0.000029620949,54660.095458646894,2891,9,1,0.0,1
"no_stress","MQT-Set04-7-127-AllOpt-IBMMapped-Extra.csv","LoadAware",5852,5852,1198,4654,0,1.0000,0.204716336295,0.795283663705,6278744.541320723,16715.56232228289,6295460.103643004,6295460.103643004,32865800.7700,0.000178057429,26744.899715652766,2836,9,1,0.0,1
"no_stress","MQT-Set04-7-127-AllOpt-IBMMapped-Extra.csv","QCLAR",5852,5852,1198,4654,0,1.0000,0.204716336295,0.795283663705,4572828.678428522,9911.346898496218,4582740.0253270175,4582740.0253270175,13914018.2500,0.000420583033,15858.155037593924,2859,9,1,0.0,1
"no_stress","MQT-Set04-7-127-AllOpt-IBMMapped-Extra.csv","QCLAAR",5852,5852,1198,4654,0,1.0000,0.204716336295,0.795283663705,4517767.826356308,9992.073419343771,4527759.899775651,4527759.899775651,14360883.5000,0.00040749582,15987.317470950067,2830,9,1,0.0,1
"no_stress","MQT-Set04-7-127-AllOpt-IBMMapped-Extra.csv","MCT",5852,5852,1198,4654,0,1.0000,0.204716336295,0.795283663705,4173437.829119945,11298.511816473001,4184736.3409364177,4184736.3409364177,10679862.5200,0.000547947128,18077.61890635678,2846,9,1,0.0,1
"no_stress","MQT-Set01-298-10-27-IBMQ27-Opt3-Extra.csv","LotterySeeded",238,238,238,0,0,1.0000,1.0000,0.0000,28763.613492342593,779.769243697479,29543.38273604007,29543.38273604007,69718.5600,0.003413725126,1247.630789915967,2,9,1,0.0,1
"no_stress","MQT-Set02-10-27-Mapped-AllAlgorithmLeft-Extra.csv","LotterySeeded",906,906,906,0,0,1.0000,1.0000,0.0000,274956.77378495224,1831.110794701985,276787.88457965426,276787.88457965426,842114.5000,0.001075863199,2929.777271523182,45,9,1,0.0,1
"no_stress","MQT-Set03-7-127-AllOpt-IBMMapped-Only127-Extra.csv","LotterySeeded",4654,4654,0,4654,0,1.0000,0.0000,1.0000,5850651.610727799,10955.724798023175,5861607.33552582,5861607.33552582,13359627.6500,0.000348363002,17529.15967683706,2894,9,1,0.0,1
"no_stress","MQT-Set04-7-127-AllOpt-IBMMapped-Extra.csv","LotterySeeded",5852,5852,1198,4654,0,1.0000,0.204716336295,0.795283663705,4568282.366327793,9397.742752905038,4577680.109080698,4577680.109080698,13504714.0100,0.000433330169,15036.388404647949,2850,9,1,0.0,1
"no_stress","MQT-Set01-298-10-27-IBMQ27-Opt3-Extra.csv","LotterySeeded",238,238,238,0,0,1.0000,1.0000,0.0000,29154.670184990657,779.705294117647,29934.375479108305,29934.375479108305,66956.1400,0.00355456572,1247.528470588236,16,9,2,0.0,1
"no_stress","MQT-Set02-10-27-Mapped-AllAlgorithmLeft-Extra.csv","LotterySeeded",906,906,906,0,0,1.0000,1.0000,0.0000,301313.8219591613,1840.383399558497,303154.20535871986,303154.20535871986,1018058.4100,0.000889929292,2944.613439293601,48,9,2,0.0,1
"no_stress","MQT-Set03-7-127-AllOpt-IBMMapped-Only127-Extra.csv","LotterySeeded",4654,4654,0,4654,0,1.0000,0.0000,1.0000,5895519.836145577,10960.627460249249,5906480.463605826,5906480.463605826,13750694.5500,0.000338455631,17537.0039363988,2782,9,2,0.0,1
"no_stress","MQT-Set04-7-127-AllOpt-IBMMapped-Extra.csv","LotterySeeded",5852,5852,1198,4654,0,1.0000,0.204716336295,0.795283663705,4639058.303491575,9005.030871496889,4648063.334363072,4648063.334363072,13387425.9100,0.000437126602,14408.049394395077,2841,9,2,0.0,1
"no_stress","MQT-Set01-298-10-27-IBMQ27-Opt3-Extra.csv","LotterySeeded",238,238,238,0,0,1.0000,1.0000,0.0000,30811.383772175523,790.229369747899,31601.613141923423,31601.613141923423,81169.8400,0.002932123557,1264.366991596639,24,9,3,0.0,1
"no_stress","MQT-Set02-10-27-Mapped-AllAlgorithmLeft-Extra.csv","LotterySeeded",906,906,906,0,0,1.0000,1.0000,0.0000,284321.6917315123,1849.723112582781,286171.41484409507,286171.41484409507,744316.9000,0.00121722347,2959.556980132451,49,9,3,0.0,1
"no_stress","MQT-Set03-7-127-AllOpt-IBMMapped-Only127-Extra.csv","LotterySeeded",4654,4654,0,4654,0,1.0000,0.0000,1.0000,5877351.343973129,10926.447657928667,5888277.791631059,5888277.791631059,12866206.3600,0.000361722785,17482.31625268585,2812,9,3,0.0,1
"no_stress","MQT-Set04-7-127-AllOpt-IBMMapped-Extra.csv","LotterySeeded",5852,5852,1198,4654,0,1.0000,0.204716336295,0.795283663705,4655128.527041374,8987.32434552289,4664115.851386898,4664115.851386898,13398717.9100,0.000436758206,14379.718952836653,2819,9,3,0.0,1
"no_stress","MQT-Set01-298-10-27-IBMQ27-Opt3-Extra.csv","LotterySeeded",238,238,238,0,0,1.0000,1.0000,0.0000,28978.506337535004,774.606554621849,29753.11289215685,29753.11289215685,71696.7000,0.003319539114,1239.370487394958,12,9,4,0.0,1
"no_stress","MQT-Set02-10-27-Mapped-AllAlgorithmLeft-Extra.csv","LotterySeeded",906,906,906,0,0,1.0000,1.0000,0.0000,232054.09314937465,1803.775629139074,233857.86877851372,233857.86877851372,636970.5700,0.001422357708,2886.041006622518,47,9,4,0.0,1
"no_stress","MQT-Set03-7-127-AllOpt-IBMMapped-Only127-Extra.csv","LotterySeeded",4654,4654,0,4654,0,1.0000,0.0000,1.0000,5863838.5882357145,11135.197054146958,5874973.785289861,5874973.785289861,14095869.1400,0.000330167651,17816.315286635163,2854,9,4,0.0,1
"no_stress","MQT-Set04-7-127-AllOpt-IBMMapped-Extra.csv","LotterySeeded",5852,5852,1198,4654,0,1.0000,0.204716336295,0.795283663705,4623609.3126079505,9147.713742310336,4632757.026350261,4632757.026350261,13524548.7700,0.000432694658,14636.34198769652,2826,9,4,0.0,1
"no_stress","MQT-Set01-298-10-27-IBMQ27-Opt3-Extra.csv","LotterySeeded",238,238,238,0,0,1.0000,1.0000,0.0000,29740.551352986866,778.815084033614,30519.366437020475,30519.366437020475,77706.3600,0.003062812362,1246.104134453782,4,9,5,0.0,1
"no_stress","MQT-Set02-10-27-Mapped-AllAlgorithmLeft-Extra.csv","LotterySeeded",906,906,906,0,0,1.0000,1.0000,0.0000,249814.91685629747,1792.560905077263,251607.4777613747,251607.4777613747,649007.7900,0.001395977081,2868.097448123617,33,9,5,0.0,1
"no_stress","MQT-Set03-7-127-AllOpt-IBMMapped-Only127-Extra.csv","LotterySeeded",4654,4654,0,4654,0,1.0000,0.0000,1.0000,5820801.375740269,11192.280835840154,5831993.65657611,5831993.65657611,13249174.6400,0.000351267164,17907.649337344264,2809,9,5,0.0,1
"no_stress","MQT-Set04-7-127-AllOpt-IBMMapped-Extra.csv","LotterySeeded",5852,5852,1198,4654,0,1.0000,0.204716336295,0.795283663705,4619623.821635176,9051.937385509196,4628675.759020684,4628675.759020684,13500802.950000001,0.0004334557,14483.099816814714,2836,9,5,0.0,1
"no_stress","MQT-Set01-298-10-27-IBMQ27-Opt3-Extra.csv","MCT",238,238,238,0,0,1.0000,1.0000,0.0000,16094.513604595464,723.138697478992,16817.652302074457,16817.652302074457,37022.3100,0.006428556187,1157.021915966387,10,9,1,0.25,9
"no_stress","MQT-Set02-10-27-Mapped-AllAlgorithmLeft-Extra.csv","MCT",906,906,906,0,0,1.0000,1.0000,0.0000,131312.1877661271,1658.581975717439,132970.76974184453,132970.76974184453,391791.0600,0.002312457053,2653.731161147901,47,9,1,0.25,9
"no_stress","MQT-Set03-7-127-AllOpt-IBMMapped-Only127-Extra.csv","MCT",4654,4654,0,4654,0,1.0000,0.0000,1.0000,5500471.318231538,14081.73021272026,5514553.048444258,5514553.048444258,11268070.5000,0.00041302546,22530.768340352377,2789,9,1,0.25,9
"no_stress","MQT-Set04-7-127-AllOpt-IBMMapped-Extra.csv","MCT",5852,5852,1198,4654,0,1.0000,0.204716336295,0.795283663705,4251454.514506291,11435.362248803829,4262889.876755093,4262889.876755093,11088130.6500,0.000527771559,18296.579598086086,2839,9,1,0.25,9
"no_stress","MQT-Set01-298-10-27-IBMQ27-Opt3-Extra.csv","MCT",238,238,238,0,0,1.0000,1.0000,0.0000,15628.670117200498,723.772647058824,16352.442764259316,16352.442764259316,38211.5200,0.006228488163,1158.036235294118,21,9,1,0.5,9
"no_stress","MQT-Set02-10-27-Mapped-AllAlgorithmLeft-Extra.csv","MCT",906,906,906,0,0,1.0000,1.0000,0.0000,133757.42160718655,1658.554735099338,135415.9763422859,135415.9763422859,367069.0500,0.002468200465,2653.687576158939,60,9,1,0.5,9
"no_stress","MQT-Set03-7-127-AllOpt-IBMMapped-Only127-Extra.csv","MCT",4654,4654,0,4654,0,1.0000,0.0000,1.0000,5990255.96771742,14711.971342930823,6004967.939060351,6004967.939060351,12543765.8100,0.000371020957,23539.154148689315,2829,9,1,0.5,9
"no_stress","MQT-Set04-7-127-AllOpt-IBMMapped-Extra.csv","MCT",5852,5852,1198,4654,0,1.0000,0.204716336295,0.795283663705,4564453.104766051,11889.675230690325,4576342.7799967425,4576342.7799967425,12440655.1500,0.000470393233,19023.480369104556,2849,9,1,0.5,9
"no_stress","MQT-Set01-298-10-27-IBMQ27-Opt3-Extra.csv","FCFS",238,238,238,0,0,1.0000,1.0000,0.0000,83100.17924369748,678.23525210084,83778.41449579831,83778.41449579831,161419.9900,0.001474414662,1085.176403361344,17,10,1,0.0,1
"no_stress","MQT-Set01-298-10-27-IBMQ27-Opt3-Extra.csv","LoadAware",238,238,238,0,0,1.0000,1.0000,0.0000,17170.803774509808,717.111806722689,17887.915581232497,17887.915581232497,40867.2900,0.005823728464,1147.378890756302,8,10,1,0.0,1
"no_stress","MQT-Set01-298-10-27-IBMQ27-Opt3-Extra.csv","QCLAR",238,238,238,0,0,1.0000,1.0000,0.0000,16952.07476890755,709.236008403361,17661.31077731091,17661.31077731091,40033.0000,0.005945095296,1134.777613445378,12,10,1,0.0,1
"no_stress","MQT-Set01-298-10-27-IBMQ27-Opt3-Extra.csv","QCLAAR",238,238,238,0,0,1.0000,1.0000,0.0000,16952.07476890755,709.236008403361,17661.31077731091,17661.31077731091,40033.0000,0.005945095296,1134.777613445378,11,10,1,0.0,1
"no_stress","MQT-Set01-298-10-27-IBMQ27-Opt3-Extra.csv","MCT",238,238,238,0,0,1.0000,1.0000,0.0000,16510.383718487396,714.544453781513,17224.92817226891,17224.92817226891,35418.5400,0.00671964457,1143.271126050421,12,10,1,0.0,1
"no_stress","MQT-Set02-10-27-Mapped-AllAlgorithmLeft-Extra.csv","FCFS",906,906,906,0,0,1.0000,1.0000,0.0000,647241.0140042228,1558.273796909492,648799.2878011323,648799.2878011323,1411796.0600,0.000641735748,2493.238075055187,48,10,1,0.0,1
"no_stress","MQT-Set02-10-27-Mapped-AllAlgorithmLeft-Extra.csv","LoadAware",906,906,906,0,0,1.0000,1.0000,0.0000,135590.30190709277,1639.601313465784,137229.90322055857,137229.90322055857,554074.1700,0.001635160145,2623.362101545252,53,10,1,0.0,1
"no_stress","MQT-Set02-10-27-Mapped-AllAlgorithmLeft-Extra.csv","QCLAR",906,906,906,0,0,1.0000,1.0000,0.0000,133338.9186335662,1616.215176600442,134955.13381016665,134955.13381016665,530987.7200,0.001706254148,2585.944282560707,48,10,1,0.0,1
"no_stress","MQT-Set02-10-27-Mapped-AllAlgorithmLeft-Extra.csv","QCLAAR",906,906,906,0,0,1.0000,1.0000,0.0000,133338.9186335662,1616.215176600442,134955.13381016665,134955.13381016665,530987.7200,0.001706254148,2585.944282560707,48,10,1,0.0,1
"no_stress","MQT-Set02-10-27-Mapped-AllAlgorithmLeft-Extra.csv","MCT",906,906,906,0,0,1.0000,1.0000,0.0000,119780.11042164556,1639.556456953642,121419.6668785992,121419.6668785992,362091.5100,0.002502129917,2623.290331125829,42,10,1,0.0,1
"no_stress","MQT-Set03-7-127-AllOpt-IBMMapped-Only127-Extra.csv","FCFS",4654,4654,0,4654,0,1.0000,0.0000,1.0000,97410603.52369992,41964.45096046412,97452567.9746604,97452567.9746604,195302554.76999998,0.000023829693,67143.12153674284,2805,10,1,0.0,1
"no_stress","MQT-Set03-7-127-AllOpt-IBMMapped-Only127-Extra.csv","LoadAware",4654,4654,0,4654,0,1.0000,0.0000,1.0000,7598856.159776829,19732.55231628703,7618588.712093116,7618588.712093116,31454222.7300,0.000147961056,31572.083706059213,2780,10,1,0.0,1
"no_stress","MQT-Set03-7-127-AllOpt-IBMMapped-Only127-Extra.csv","QCLAR",4654,4654,0,4654,0,1.0000,0.0000,1.0000,5653369.6219834555,11463.100795015032,5664832.72277847,5664832.72277847,13286945.5600,0.000350268614,18340.96127202409,2873,10,1,0.0,1
"no_stress","MQT-Set03-7-127-AllOpt-IBMMapped-Only127-Extra.csv","QCLAAR",4654,4654,0,4654,0,1.0000,0.0000,1.0000,5588169.2450646795,12111.634028792443,5600280.879093471,5600280.879093471,13095028.1500,0.000355402062,19378.61444606785,2852,10,1,0.0,1
"no_stress","MQT-Set03-7-127-AllOpt-IBMMapped-Only127-Extra.csv","MCT",4654,4654,0,4654,0,1.0000,0.0000,1.0000,5207983.66988574,13507.808919209278,5221491.47880495,5221491.47880495,10581041.4700,0.000439843281,21612.494270734896,2857,10,1,0.0,1
"no_stress","MQT-Set04-7-127-AllOpt-IBMMapped-Extra.csv","FCFS",5852,5852,1198,4654,0,1.0000,0.204716336295,0.795283663705,78332093.5963121,33992.470401572056,78366086.06671368,78366086.06671368,196470104.6500,0.000029785702,54387.952642515476,2933,10,1,0.0,1
"no_stress","MQT-Set04-7-127-AllOpt-IBMMapped-Extra.csv","LoadAware",5852,5852,1198,4654,0,1.0000,0.204716336295,0.795283663705,6404234.934548722,16680.00854066986,6420914.943089391,6420914.943089391,35468679.2900,0.000164990637,26688.013665071827,2850,10,1,0.0,1
"no_stress","MQT-Set04-7-127-AllOpt-IBMMapped-Extra.csv","QCLAR",5852,5852,1198,4654,0,1.0000,0.204716336295,0.795283663705,4637856.197870454,9603.645681818167,4647459.843552274,4647459.843552274,13559798.1700,0.000431569845,15365.83309090905,2863,10,1,0.0,1
"no_stress","MQT-Set04-7-127-AllOpt-IBMMapped-Extra.csv","QCLAAR",5852,5852,1198,4654,0,1.0000,0.204716336295,0.795283663705,4533846.694507508,10034.77131578948,4543881.465823296,4543881.465823296,12926474.540000001,0.00045271431,16055.634105263196,2950,10,1,0.0,1
"no_stress","MQT-Set04-7-127-AllOpt-IBMMapped-Extra.csv","MCT",5852,5852,1198,4654,0,1.0000,0.204716336295,0.795283663705,4233439.145883882,11252.081025290488,4244691.226909173,4244691.226909173,10622298.2500,0.000550916559,18003.329640464806,2860,10,1,0.0,1
"no_stress","MQT-Set01-298-10-27-IBMQ27-Opt3-Extra.csv","LotterySeeded",238,238,238,0,0,1.0000,1.0000,0.0000,32907.46104798442,790.268109243697,33697.72915722811,33697.72915722811,88729.7500,0.002682302159,1264.428974789916,17,10,1,0.0,1
"no_stress","MQT-Set02-10-27-Mapped-AllAlgorithmLeft-Extra.csv","LotterySeeded",906,906,906,0,0,1.0000,1.0000,0.0000,220907.8885870137,1758.201412803533,222666.08999981725,222666.08999981725,722779.9800,0.001253493491,2813.122260485653,46,10,1,0.0,1
"no_stress","MQT-Set03-7-127-AllOpt-IBMMapped-Only127-Extra.csv","LotterySeeded",4654,4654,0,4654,0,1.0000,0.0000,1.0000,5704793.498994545,10731.224312419405,5715524.723306967,5715524.723306967,14172072.0800,0.000328392346,17169.958899871075,2882,10,1,0.0,1
"no_stress","MQT-Set04-7-127-AllOpt-IBMMapped-Extra.csv","LotterySeeded",5852,5852,1198,4654,0,1.0000,0.204716336295,0.795283663705,4643282.795015711,9217.011083390258,4652499.806099102,4652499.806099102,12810060.7900,0.000456828433,14747.21773342445,2882,10,1,0.0,1
"no_stress","MQT-Set01-298-10-27-IBMQ27-Opt3-Extra.csv","LotterySeeded",238,238,238,0,0,1.0000,1.0000,0.0000,30530.18283400317,771.185504201681,31301.368338204855,31301.368338204855,83162.9600,0.002861850997,1233.896806722689,15,10,2,0.0,1
"no_stress","MQT-Set02-10-27-Mapped-AllAlgorithmLeft-Extra.csv","LotterySeeded",906,906,906,0,0,1.0000,1.0000,0.0000,272142.29671683954,1795.297119205299,273937.59383604483,273937.59383604483,748785.4300,0.001209959441,2872.475390728477,60,10,2,0.0,1
"no_stress","MQT-Set03-7-127-AllOpt-IBMMapped-Only127-Extra.csv","LotterySeeded",4654,4654,0,4654,0,1.0000,0.0000,1.0000,5721054.499124452,10528.266534164131,5731582.765658616,5731582.765658616,13952654.6500,0.000333556597,16845.22645466265,2864,10,2,0.0,1
"no_stress","MQT-Set04-7-127-AllOpt-IBMMapped-Extra.csv","LotterySeeded",5852,5852,1198,4654,0,1.0000,0.204716336295,0.795283663705,4682177.618981873,9064.941071428568,4691242.560053301,4691242.560053301,13256646.950000001,0.000441438927,14503.905714285698,2887,10,2,0.0,1
"no_stress","MQT-Set01-298-10-27-IBMQ27-Opt3-Extra.csv","LotterySeeded",238,238,238,0,0,1.0000,1.0000,0.0000,31781.568823529426,773.551470588234,32555.120294117663,32555.120294117663,77114.7100,0.003086311289,1237.682352941177,10,10,3,0.0,1
"no_stress","MQT-Set02-10-27-Mapped-AllAlgorithmLeft-Extra.csv","LotterySeeded",906,906,906,0,0,1.0000,1.0000,0.0000,262406.4397221422,1818.89462472406,264225.3343468663,264225.3343468663,768175.4600,0.001179418046,2910.231399558502,52,10,3,0.0,1
"no_stress","MQT-Set03-7-127-AllOpt-IBMMapped-Only127-Extra.csv","LotterySeeded",4654,4654,0,4654,0,1.0000,0.0000,1.0000,5705633.858422795,10811.550111731836,5716445.408534527,5716445.408534527,12736553.8000,0.000365404965,17298.480178770908,2922,10,3,0.0,1
"no_stress","MQT-Set04-7-127-AllOpt-IBMMapped-Extra.csv","LotterySeeded",5852,5852,1198,4654,0,1.0000,0.204716336295,0.795283663705,4663312.316054311,9294.154015721113,4672606.470070032,4672606.470070032,13167963.1300,0.000444411937,14870.646425153804,2892,10,3,0.0,1
"no_stress","MQT-Set01-298-10-27-IBMQ27-Opt3-Extra.csv","LotterySeeded",238,238,238,0,0,1.0000,1.0000,0.0000,31213.46605820952,765.045546218487,31978.511604428004,31978.511604428004,85145.2000,0.002795225098,1224.072873949579,16,10,4,0.0,1
"no_stress","MQT-Set02-10-27-Mapped-AllAlgorithmLeft-Extra.csv","LotterySeeded",906,906,906,0,0,1.0000,1.0000,0.0000,235192.3864211255,1817.387417218543,237009.773838344,237009.773838344,807430.7800,0.00112207761,2907.81986754967,45,10,4,0.0,1
"no_stress","MQT-Set03-7-127-AllOpt-IBMMapped-Only127-Extra.csv","LotterySeeded",4654,4654,0,4654,0,1.0000,0.0000,1.0000,5725936.651931879,10664.51536527717,5736601.167297156,5736601.167297156,13856833.0600,0.000335863179,17063.224584443476,2881,10,4,0.0,1
"no_stress","MQT-Set04-7-127-AllOpt-IBMMapped-Extra.csv","LotterySeeded",5852,5852,1198,4654,0,1.0000,0.204716336295,0.795283663705,4716637.293414521,8801.39346206425,4725438.686876585,4725438.686876585,13684082.8500,0.000427650144,14082.2295393028,2893,10,4,0.0,1
"no_stress","MQT-Set01-298-10-27-IBMQ27-Opt3-Extra.csv","LotterySeeded",238,238,238,0,0,1.0000,1.0000,0.0000,29045.58116528132,762.167941176471,29807.7491064578,29807.7491064578,67435.0700,0.003529320871,1219.468705882353,0,10,5,0.0,1
"no_stress","MQT-Set02-10-27-Mapped-AllAlgorithmLeft-Extra.csv","LotterySeeded",906,906,906,0,0,1.0000,1.0000,0.0000,257046.39416522687,1808.754403973511,258855.14856920033,258855.14856920033,803310.0300,0.001127833546,2894.007046357613,51,10,5,0.0,1
"no_stress","MQT-Set03-7-127-AllOpt-IBMMapped-Only127-Extra.csv","LotterySeeded",4654,4654,0,4654,0,1.0000,0.0000,1.0000,5677699.7923549665,10895.089978513115,5688594.882333479,5688594.882333479,12804114.8000,0.000363476904,17432.14396562098,2835,10,5,0.0,1
"no_stress","MQT-Set04-7-127-AllOpt-IBMMapped-Extra.csv","LotterySeeded",5852,5852,1198,4654,0,1.0000,0.204716336295,0.795283663705,4702755.727001287,9073.362243677406,4711829.089244963,4711829.089244963,13660832.2400,0.000428378,14517.379589883863,2983,10,5,0.0,1
"no_stress","MQT-Set01-298-10-27-IBMQ27-Opt3-Extra.csv","MCT",238,238,238,0,0,1.0000,1.0000,0.0000,16834.94825630252,716.135546218487,17551.083802521007,17551.083802521007,35012.3200,0.006797607242,1145.81687394958,32,10,1,0.25,10
"no_stress","MQT-Set02-10-27-Mapped-AllAlgorithmLeft-Extra.csv","MCT",906,906,906,0,0,1.0000,1.0000,0.0000,118230.04663577351,1626.900883002209,119856.94751877569,119856.94751877569,382598.6700,0.002368016596,2603.041412803534,57,10,1,0.25,10
"no_stress","MQT-Set03-7-127-AllOpt-IBMMapped-Only127-Extra.csv","MCT",4654,4654,0,4654,0,1.0000,0.0000,1.0000,5349550.938319931,13698.470691877965,5363249.409011807,5363249.409011807,10906195.6700,0.000426729919,21917.55310700467,4031,10,1,0.25,10
"no_stress","MQT-Set04-7-127-AllOpt-IBMMapped-Extra.csv","MCT",5852,5852,1198,4654,0,1.0000,0.204716336295,0.795283663705,4297083.141765168,11362.325304169575,4308445.467069338,4308445.467069338,10825314.9100,0.000540584736,18179.720486671238,4033,10,1,0.25,10
"no_stress","MQT-Set01-298-10-27-IBMQ27-Opt3-Extra.csv","MCT",238,238,238,0,0,1.0000,1.0000,0.0000,18098.771197478996,725.324243697479,18824.095441176476,18824.095441176476,39491.5300,0.006026608744,1160.518789915967,17,10,1,0.5,10
"no_stress","MQT-Set02-10-27-Mapped-AllAlgorithmLeft-Extra.csv","MCT",906,906,906,0,0,1.0000,1.0000,0.0000,114595.75927374263,1627.373145695364,116223.13241943801,116223.13241943801,373172.3100,0.002427832869,2603.797033112586,58,10,1,0.5,10
"no_stress","MQT-Set03-7-127-AllOpt-IBMMapped-Only127-Extra.csv","MCT",4654,4654,0,4654,0,1.0000,0.0000,1.0000,5726159.919753106,14234.803790287886,5740394.723543396,5740394.723543396,11930352.2800,0.00039009745,22775.686064460635,3944,10,1,0.5,10
"no_stress","MQT-Set04-7-127-AllOpt-IBMMapped-Extra.csv","MCT",5852,5852,1198,4654,0,1.0000,0.204716336295,0.795283663705,4531181.880271738,11712.457467532418,4542894.337739271,4542894.337739271,11730976.8800,0.000498850186,18739.931948052024,4068,10,1,0.5,10
"stress","MQT-Set01-298-10-27-IBMQ27-Opt3-Extra.csv","FCFS",238,238,238,0,0,1.0000,1.0000,0.0000,207711.34319327728,1606.805756302521,209318.1489495798,209318.1489495798,382419.7700,0.000622352762,2570.889210084033,8,1,1,0.0,1
"stress","MQT-Set01-298-10-27-IBMQ27-Opt3-Extra.csv","LoadAware",238,238,238,0,0,1.0000,1.0000,0.0000,43985.32716526611,1718.291050420167,45703.618215686285,45703.618215686285,120053.12000000001,0.001982455766,2749.265680672269,18,1,1,0.0,1
"stress","MQT-Set01-298-10-27-IBMQ27-Opt3-Extra.csv","QCLAR",238,238,238,0,0,1.0000,1.0000,0.0000,43295.52563492064,1701.461554621849,44996.98718954248,44996.98718954248,115979.2100,0.002052091922,2722.338487394962,16,1,1,0.0,1
"stress","MQT-Set01-298-10-27-IBMQ27-Opt3-Extra.csv","QCLAAR",238,238,238,0,0,1.0000,1.0000,0.0000,43295.52563492064,1701.461554621849,44996.98718954248,44996.98718954248,115979.2100,0.002052091922,2722.338487394962,16,1,1,0.0,1
"stress","MQT-Set01-298-10-27-IBMQ27-Opt3-Extra.csv","MCT",238,238,238,0,0,1.0000,1.0000,0.0000,35396.65808988959,1692.21974789916,37088.87783778875,37088.87783778875,83871.1700,0.002837685465,2707.551596638656,15,1,1,0.0,1
"stress","MQT-Set02-10-27-Mapped-AllAlgorithmLeft-Extra.csv","FCFS",906,906,906,0,0,1.0000,1.0000,0.0000,1821003.1641381136,3244.571214128035,1824247.7353522417,1824247.7353522417,2939581.5200,0.000308207136,5191.313942604863,64,1,1,0.0,1
"stress","MQT-Set02-10-27-Mapped-AllAlgorithmLeft-Extra.csv","LoadAware",906,906,906,0,0,1.0000,1.0000,0.0000,402342.13360831206,3590.720320088297,405932.8539284004,405932.8539284004,1377205.9200,0.000657853693,5745.15251214128,74,1,1,0.0,1
"stress","MQT-Set02-10-27-Mapped-AllAlgorithmLeft-Extra.csv","QCLAR",906,906,906,0,0,1.0000,1.0000,0.0000,381635.8283774836,3435.640927152318,385071.4693046359,385071.4693046359,1239485.5400,0.000730948422,5497.025483443707,72,1,1,0.0,1
"stress","MQT-Set02-10-27-Mapped-AllAlgorithmLeft-Extra.csv","QCLAAR",906,906,906,0,0,1.0000,1.0000,0.0000,381635.8283774836,3435.640927152318,385071.4693046359,385071.4693046359,1239485.5400,0.000730948422,5497.025483443707,61,1,1,0.0,1
"stress","MQT-Set02-10-27-Mapped-AllAlgorithmLeft-Extra.csv","MCT",906,906,906,0,0,1.0000,1.0000,0.0000,216878.5477391462,3372.634337748342,220251.18207689453,220251.18207689453,810750.4700,0.001117483163,5396.214940397353,66,1,1,0.0,1
"stress","MQT-Set03-7-127-AllOpt-IBMMapped-Only127-Extra.csv","FCFS",4654,4654,0,4654,0,1.0000,0.0000,1.0000,198303396.02234155,86632.0019445638,198390028.02428612,198390028.02428612,403185337.0500,0.000011543079,138611.20311130193,4009,1,1,0.0,1
"stress","MQT-Set03-7-127-AllOpt-IBMMapped-Only127-Extra.csv","LoadAware",4654,4654,0,4654,0,1.0000,0.0000,1.0000,15263033.724881059,40234.04249677684,15303267.76737784,15303267.76737784,63070538.9300,0.000073790395,64374.46799484308,4029,1,1,0.0,1
"stress","MQT-Set03-7-127-AllOpt-IBMMapped-Only127-Extra.csv","QCLAR",4654,4654,0,4654,0,1.0000,0.0000,1.0000,11538070.438350288,23796.673336914402,11561867.1116872,11561867.1116872,27255020.0300,0.000170757534,38074.67733906326,3994,1,1,0.0,1
"stress","MQT-Set03-7-127-AllOpt-IBMMapped-Only127-Extra.csv","QCLAAR",4654,4654,0,4654,0,1.0000,0.0000,1.0000,11347581.540142309,23991.079514396242,11371572.619656703,11371572.619656703,25848868.400000002,0.000180046566,38385.727223033995,3940,1,1,0.0,1
"stress","MQT-Set03-7-127-AllOpt-IBMMapped-Only127-Extra.csv","MCT",4654,4654,0,4654,0,1.0000,0.0000,1.0000,10495822.548890427,27854.054063171443,10523676.6029536,10523676.6029536,21906572.650000002,0.000212447656,44566.48650107436,3967,1,1,0.0,1
"stress","MQT-Set04-7-127-AllOpt-IBMMapped-Extra.csv","FCFS",5852,5852,1198,4654,0,1.0000,0.204716336295,0.795283663705,165417239.69232592,72087.63066814777,165489327.32299405,165489327.32299405,417070005.5200,0.000014031218,115340.20906903598,4243,1,1,0.0,1
"stress","MQT-Set04-7-127-AllOpt-IBMMapped-Extra.csv","LoadAware",5852,5852,1198,4654,0,1.0000,0.204716336295,0.795283663705,13836074.851582779,36173.286126110695,13872248.137708891,13872248.137708891,71147059.3500,0.00008225217,57877.25780177741,3956,1,1,0.0,1
"stress","MQT-Set04-7-127-AllOpt-IBMMapped-Extra.csv","QCLAR",5852,5852,1198,4654,0,1.0000,0.204716336295,0.795283663705,9703137.895450234,20250.28003246747,9723388.175482703,9723388.175482703,30866171.4000,0.000189592675,32400.44805194799,4018,1,1,0.0,1
"stress","MQT-Set04-7-127-AllOpt-IBMMapped-Extra.csv","QCLAAR",5852,5852,1198,4654,0,1.0000,0.204716336295,0.795283663705,9551650.788346667,21273.988393711406,9572924.776740378,9572924.776740378,31919647.8300,0.000183335356,34038.38142993845,4128,1,1,0.0,1
"stress","MQT-Set04-7-127-AllOpt-IBMMapped-Extra.csv","MCT",5852,5852,1198,4654,0,1.0000,0.204716336295,0.795283663705,8830787.847533973,23768.49071086804,8854556.33824484,8854556.33824484,22663479.509999998,0.000258212778,38029.58513738887,4075,1,1,0.0,1
"stress","MQT-Set01-298-10-27-IBMQ27-Opt3-Extra.csv","LotterySeeded",238,238,238,0,0,1.0000,1.0000,0.0000,73891.1239408568,1808.612857142857,75699.73679799966,75699.73679799966,168057.4100,0.00141618272,2893.780571428573,14,1,1,0.0,1
"stress","MQT-Set02-10-27-Mapped-AllAlgorithmLeft-Extra.csv","LotterySeeded",906,906,906,0,0,1.0000,1.0000,0.0000,662920.618002855,3596.603068432671,666517.2210712878,666517.2210712878,1621019.8600,0.000558907403,5754.56490949228,87,1,1,0.0,1
"stress","MQT-Set03-7-127-AllOpt-IBMMapped-Only127-Extra.csv","LotterySeeded",4654,4654,0,4654,0,1.0000,0.0000,1.0000,11383815.086355666,23329.703528147777,11407144.789883813,11407144.789883813,26321959.7500,0.000176810543,37327.525645036556,3968,1,1,0.0,1
"stress","MQT-Set04-7-127-AllOpt-IBMMapped-Extra.csv","LotterySeeded",5852,5852,1198,4654,0,1.0000,0.204716336295,0.795283663705,9853379.470900865,19470.059078947357,9872849.529979814,9872849.529979814,26954278.6800,0.000217108388,31152.09452631588,4032,1,1,0.0,1
"stress","MQT-Set01-298-10-27-IBMQ27-Opt3-Extra.csv","LotterySeeded",238,238,238,0,0,1.0000,1.0000,0.0000,82094.39430812324,1893.453529411764,83987.847837535,83987.847837535,208247.0200,0.001142873497,3029.525647058823,19,1,2,0.0,1
"stress","MQT-Set02-10-27-Mapped-AllAlgorithmLeft-Extra.csv","LotterySeeded",906,906,906,0,0,1.0000,1.0000,0.0000,799702.0848660774,3693.819315673291,803395.9041817508,803395.9041817508,2206246.4100,0.000410652226,5910.110905077269,66,1,2,0.0,1
"stress","MQT-Set03-7-127-AllOpt-IBMMapped-Only127-Extra.csv","LotterySeeded",4654,4654,0,4654,0,1.0000,0.0000,1.0000,11377381.756714039,23346.655060163186,11400728.411774203,11400728.411774203,28409131.9600,0.000163820563,37354.64809626135,3964,1,2,0.0,1
"stress","MQT-Set04-7-127-AllOpt-IBMMapped-Extra.csv","LotterySeeded",5852,5852,1198,4654,0,1.0000,0.204716336295,0.795283663705,9922592.55255558,18782.891772043742,9941375.44432762,9941375.44432762,29488058.3100,0.000198453216,30052.62683526996,4009,1,2,0.0,1
"stress","MQT-Set01-298-10-27-IBMQ27-Opt3-Extra.csv","LotterySeeded",238,238,238,0,0,1.0000,1.0000,0.0000,87482.08564809404,1922.239159663866,89404.3248077579,89404.3248077579,279931.3200,0.000850208544,3075.582655462185,7,1,3,0.0,1
"stress","MQT-Set02-10-27-Mapped-AllAlgorithmLeft-Extra.csv","LotterySeeded",906,906,906,0,0,1.0000,1.0000,0.0000,692997.8329354301,3624.198885209712,696622.0318206399,696622.0318206399,1732999.7600,0.000522792917,5798.718216335538,62,1,3,0.0,1
"stress","MQT-Set03-7-127-AllOpt-IBMMapped-Only127-Extra.csv","LotterySeeded",4654,4654,0,4654,0,1.0000,0.0000,1.0000,11625128.517514544,22411.18887838413,11647539.706392929,11647539.706392929,26103016.4600,0.00017829357,35857.902205414706,4053,1,3,0.0,1
"stress","MQT-Set04-7-127-AllOpt-IBMMapped-Extra.csv","LotterySeeded",5852,5852,1198,4654,0,1.0000,0.204716336295,0.795283663705,9815033.40021008,19174.89292549549,9834208.293135576,9834208.293135576,27596985.7000,0.000212052145,30679.828680792925,4086,1,3,0.0,1
"stress","MQT-Set01-298-10-27-IBMQ27-Opt3-Extra.csv","LotterySeeded",238,238,238,0,0,1.0000,1.0000,0.0000,79640.12992086838,1800.915168067226,81441.04508893559,81441.04508893559,170761.3800,0.001393757769,2881.464268907562,21,1,4,0.0,1
"stress","MQT-Set02-10-27-Mapped-AllAlgorithmLeft-Extra.csv","LotterySeeded",906,906,906,0,0,1.0000,1.0000,0.0000,654736.6703774831,3724.830397350993,658461.5007748342,658461.5007748342,1435465.6300,0.000631154088,5959.728635761589,66,1,4,0.0,1
"stress","MQT-Set03-7-127-AllOpt-IBMMapped-Only127-Extra.csv","LotterySeeded",4654,4654,0,4654,0,1.0000,0.0000,1.0000,11813536.080681333,21447.388156424506,11834983.468837755,11834983.468837755,30800699.9500,0.000151100462,34315.821050279344,4059,1,4,0.0,1
"stress","MQT-Set04-7-127-AllOpt-IBMMapped-Extra.csv","LotterySeeded",5852,5852,1198,4654,0,1.0000,0.204716336295,0.795283663705,9826934.04929688,19384.87035201636,9846318.919648897,9846318.919648897,28450027.1200,0.000205694004,31015.7925632263,4235,1,4,0.0,1
"stress","MQT-Set01-298-10-27-IBMQ27-Opt3-Extra.csv","LotterySeeded",238,238,238,0,0,1.0000,1.0000,0.0000,83745.72337397997,1833.767058823529,85579.49043280349,85579.49043280349,239378.2200,0.0009942425,2934.027294117647,17,1,5,0.0,1
"stress","MQT-Set02-10-27-Mapped-AllAlgorithmLeft-Extra.csv","LotterySeeded",906,906,906,0,0,1.0000,1.0000,0.0000,683785.9249000219,3947.032615894038,687732.957515916,687732.957515916,2548200.4200000004,0.000355545032,6315.25218543047,64,1,5,0.0,1
"stress","MQT-Set03-7-127-AllOpt-IBMMapped-Only127-Extra.csv","LotterySeeded",4654,4654,0,4654,0,1.0000,0.0000,1.0000,11617665.269090476,22146.11379458526,11639811.382885063,11639811.382885063,29356568.6300,0.000158533515,35433.78207133659,4179,1,5,0.0,1
"stress","MQT-Set04-7-127-AllOpt-IBMMapped-Extra.csv","LotterySeeded",5852,5852,1198,4654,0,1.0000,0.204716336295,0.795283663705,9710439.6666452,19742.05492310322,9730181.721568303,9730181.721568303,26779371.299999997,0.000218526415,31587.287876965056,3990,1,5,0.0,1
"stress","MQT-Set01-298-10-27-IBMQ27-Opt3-Extra.csv","MCT",238,238,238,0,0,1.0000,1.0000,0.0000,37838.50090501563,1706.167184873949,39544.66808988958,39544.66808988958,89478.5900,0.002659854162,2729.867495798318,15,1,1,0.25,1
"stress","MQT-Set02-10-27-Mapped-AllAlgorithmLeft-Extra.csv","MCT",906,906,906,0,0,1.0000,1.0000,0.0000,209624.04765084633,3351.27206401766,212975.31971486408,212975.31971486408,847166.0800,0.001069447917,5362.035302428254,70,1,1,0.25,1
"stress","MQT-Set03-7-127-AllOpt-IBMMapped-Only127-Extra.csv","MCT",4654,4654,0,4654,0,1.0000,0.0000,1.0000,10821474.960286658,28147.612857756743,10849622.573144415,10849622.573144415,22376735.900000002,0.000207983864,45036.18057241078,3999,1,1,0.25,1
"stress","MQT-Set04-7-127-AllOpt-IBMMapped-Extra.csv","MCT",5852,5852,1198,4654,0,1.0000,0.204716336295,0.795283663705,8942654.050240738,23991.05615516065,8966645.106395898,8966645.106395898,22921821.439999998,0.000255302573,38385.68984825714,3974,1,1,0.25,1
"stress","MQT-Set01-298-10-27-IBMQ27-Opt3-Extra.csv","MCT",238,238,238,0,0,1.0000,1.0000,0.0000,40122.20203946941,1717.44731092437,41839.64935039379,41839.64935039379,100660.6600,0.00236437949,2747.915697478992,10,1,1,0.5,1
"stress","MQT-Set02-10-27-Mapped-AllAlgorithmLeft-Extra.csv","MCT",906,906,906,0,0,1.0000,1.0000,0.0000,208272.69990250198,3351.479348785871,211624.17925128786,211624.17925128786,870028.5700,0.001041345114,5362.366958057396,71,1,1,0.5,1
"stress","MQT-Set03-7-127-AllOpt-IBMMapped-Only127-Extra.csv","MCT",4654,4654,0,4654,0,1.0000,0.0000,1.0000,11595884.637109205,29013.148844005078,11624897.78595321,11624897.78595321,24492358.5400,0.00019001845,46421.038150408334,3883,1,1,0.5,1
"stress","MQT-Set04-7-127-AllOpt-IBMMapped-Extra.csv","MCT",5852,5852,1198,4654,0,1.0000,0.204716336295,0.795283663705,9401352.627997078,24637.997992139313,9425990.625989215,9425990.625989215,24549604.1300,0.000238374516,39420.79678742314,4030,1,1,0.5,1
"stress","MQT-Set01-298-10-27-IBMQ27-Opt3-Extra.csv","FCFS",238,238,238,0,0,1.0000,1.0000,0.0000,147795.00676470587,1244.539579831933,149039.5463445378,149039.5463445378,296200.4200,0.000803510002,1991.263327731092,16,2,1,0.0,1
"stress","MQT-Set01-298-10-27-IBMQ27-Opt3-Extra.csv","LoadAware",238,238,238,0,0,1.0000,1.0000,0.0000,30101.08952030814,1311.395210084034,31412.484730392174,31412.484730392174,78205.0800,0.003043280564,2098.232336134453,17,2,1,0.0,1
"stress","MQT-Set01-298-10-27-IBMQ27-Opt3-Extra.csv","QCLAR",238,238,238,0,0,1.0000,1.0000,0.0000,30475.315388655483,1314.135420168067,31789.450808823545,31789.450808823545,78205.0800,0.003043280564,2102.616672268909,22,2,1,0.0,1
"stress","MQT-Set01-298-10-27-IBMQ27-Opt3-Extra.csv","QCLAAR",238,238,238,0,0,1.0000,1.0000,0.0000,30475.315388655483,1314.135420168067,31789.450808823545,31789.450808823545,78205.0800,0.003043280564,2102.616672268909,17,2,1,0.0,1
"stress","MQT-Set01-298-10-27-IBMQ27-Opt3-Extra.csv","MCT",238,238,238,0,0,1.0000,1.0000,0.0000,27506.79753618113,1310.420420168067,28817.21795634919,28817.21795634919,65266.7100,0.00364657572,2096.672672268908,18,2,1,0.0,1
"stress","MQT-Set02-10-27-Mapped-AllAlgorithmLeft-Extra.csv","FCFS",906,906,906,0,0,1.0000,1.0000,0.0000,2112663.138685575,3845.509249448124,2116508.6479350235,2116508.6479350235,3484031.3800,0.000260043582,6152.814799117009,62,2,1,0.0,1
"stress","MQT-Set02-10-27-Mapped-AllAlgorithmLeft-Extra.csv","LoadAware",906,906,906,0,0,1.0000,1.0000,0.0000,477887.7212462806,4382.732086092713,482270.45333237335,482270.45333237335,2067251.9300,0.000438262984,7012.371337748352,68,2,1,0.0,1
"stress","MQT-Set02-10-27-Mapped-AllAlgorithmLeft-Extra.csv","QCLAR",906,906,906,0,0,1.0000,1.0000,0.0000,454630.8660678807,4183.553443708607,458814.4195115893,458814.4195115893,1860526.9100,0.000486958826,6693.685509933769,76,2,1,0.0,1
"stress","MQT-Set02-10-27-Mapped-AllAlgorithmLeft-Extra.csv","QCLAAR",906,906,906,0,0,1.0000,1.0000,0.0000,454630.8660678807,4183.553443708607,458814.4195115893,458814.4195115893,1860526.9100,0.000486958826,6693.685509933769,71,2,1,0.0,1
"stress","MQT-Set02-10-27-Mapped-AllAlgorithmLeft-Extra.csv","MCT",906,906,906,0,0,1.0000,1.0000,0.0000,302852.06916942575,4000.8857615894,306852.95493101515,306852.95493101515,1010224.6400,0.000896830234,6401.417218543051,75,2,1,0.0,1
"stress","MQT-Set03-7-127-AllOpt-IBMMapped-Only127-Extra.csv","FCFS",4654,4654,0,4654,0,1.0000,0.0000,1.0000,212369766.23750952,89912.19729265149,212459678.43480214,212459678.43480214,418451366.20000005,0.000011121962,143859.51566824247,4023,2,1,0.0,1
"stress","MQT-Set03-7-127-AllOpt-IBMMapped-Only127-Extra.csv","LoadAware",4654,4654,0,4654,0,1.0000,0.0000,1.0000,16612487.400189245,43399.16669961316,16655886.566888852,16655886.566888852,73207407.0400,0.000063572802,69438.66671938128,3920,2,1,0.0,1
"stress","MQT-Set03-7-127-AllOpt-IBMMapped-Only127-Extra.csv","QCLAR",4654,4654,0,4654,0,1.0000,0.0000,1.0000,12230504.633158771,24077.95109153407,12254582.584250305,12254582.584250305,25177522.3200,0.000184847418,38524.721746454714,3898,2,1,0.0,1
"stress","MQT-Set03-7-127-AllOpt-IBMMapped-Only127-Extra.csv","QCLAAR",4654,4654,0,4654,0,1.0000,0.0000,1.0000,12133694.031031603,25082.782733132764,12158776.813764736,12158776.813764736,27190595.220000003,0.000171162123,40132.45237301244,3911,2,1,0.0,1
"stress","MQT-Set03-7-127-AllOpt-IBMMapped-Only127-Extra.csv","MCT",4654,4654,0,4654,0,1.0000,0.0000,1.0000,11251196.769398913,28932.312857756766,11280129.082256667,11280129.082256667,22730920.5700,0.000204743138,46291.70057241101,3900,2,1,0.0,1
"stress","MQT-Set04-7-127-AllOpt-IBMMapped-Extra.csv","FCFS",5852,5852,1198,4654,0,1.0000,0.204716336295,0.795283663705,165873164.36161986,72830.2304289132,165945994.59204876,165945994.59204876,422606847.4100,0.000013847386,116528.36868626105,4054,2,1,0.0,1
"stress","MQT-Set04-7-127-AllOpt-IBMMapped-Extra.csv","LoadAware",5852,5852,1198,4654,0,1.0000,0.204716336295,0.795283663705,13217705.01494404,35007.03347573481,13252712.048419777,13252712.048419777,71485879.3900,0.000081862321,56011.25356117561,4047,2,1,0.0,1
"stress","MQT-Set04-7-127-AllOpt-IBMMapped-Extra.csv","QCLAR",5852,5852,1198,4654,0,1.0000,0.204716336295,0.795283663705,9701140.227753509,20180.681385850934,9721320.909139361,9721320.909139361,29089858.0900,0.000201169768,32289.0902173615,4026,2,1,0.0,1
"stress","MQT-Set04-7-127-AllOpt-IBMMapped-Extra.csv","QCLAAR",5852,5852,1198,4654,0,1.0000,0.204716336295,0.795283663705,9624664.245940425,20985.188111756645,9645649.43405218,9645649.43405218,30949118.0400,0.000189084548,33576.30097881067,4011,2,1,0.0,1
"stress","MQT-Set04-7-127-AllOpt-IBMMapped-Extra.csv","MCT",5852,5852,1198,4654,0,1.0000,0.204716336295,0.795283663705,8826920.09846,23892.41451982232,8850812.512979822,8850812.512979822,23020813.5900,0.000254204743,38227.86323171563,4084,2,1,0.0,1
"stress","MQT-Set01-298-10-27-IBMQ27-Opt3-Extra.csv","LotterySeeded",238,238,238,0,0,1.0000,1.0000,0.0000,56905.665517293855,1427.515924369747,58333.181441663604,58333.181441663604,150607.6900,0.001580264593,2284.025478991597,30,2,1,0.0,1
"stress","MQT-Set02-10-27-Mapped-AllAlgorithmLeft-Extra.csv","LotterySeeded",906,906,906,0,0,1.0000,1.0000,0.0000,741179.0332637369,4263.057395143482,745442.0906588802,745442.0906588802,1665704.9200,0.000543913864,6820.891832229585,62,2,1,0.0,1
"stress","MQT-Set03-7-127-AllOpt-IBMMapped-Only127-Extra.csv","LotterySeeded",4654,4654,0,4654,0,1.0000,0.0000,1.0000,12394617.646813478,23819.33184142667,12418436.978654904,12418436.978654904,26282612.830000002,0.000177075241,38110.9309462828,3916,2,1,0.0,1
"stress","MQT-Set04-7-127-AllOpt-IBMMapped-Extra.csv","LotterySeeded",5852,5852,1198,4654,0,1.0000,0.204716336295,0.795283663705,9850464.503877515,19129.747621326052,9869594.25149884,9869594.25149884,29513590.509999998,0.000198281534,30607.596194121572,3937,2,1,0.0,1
"stress","MQT-Set01-298-10-27-IBMQ27-Opt3-Extra.csv","LotterySeeded",238,238,238,0,0,1.0000,1.0000,0.0000,54015.508625700284,1405.740966386554,55421.24959208684,55421.24959208684,134493.3800,0.001769603827,2249.185546218487,17,2,2,0.0,1
"stress","MQT-Set02-10-27-Mapped-AllAlgorithmLeft-Extra.csv","LotterySeeded",906,906,906,0,0,1.0000,1.0000,0.0000,886654.824270052,4464.125905077262,891118.9501751293,891118.9501751293,2145077.2300000004,0.000422362415,7142.601448123621,64,2,2,0.0,1
"stress","MQT-Set03-7-127-AllOpt-IBMMapped-Only127-Extra.csv","LotterySeeded",4654,4654,0,4654,0,1.0000,0.0000,1.0000,12389729.081790106,23438.21792006868,12413167.299710175,12413167.299710175,28975705.220000003,0.000160617316,37501.148672110096,3963,2,2,0.0,1
"stress","MQT-Set04-7-127-AllOpt-IBMMapped-Extra.csv","LotterySeeded",5852,5852,1198,4654,0,1.0000,0.204716336295,0.795283663705,9932639.152947336,18696.557318865267,9951335.710266205,9951335.710266205,29588244.2000,0.000197781253,29914.49171018448,3951,2,2,0.0,1
"stress","MQT-Set01-298-10-27-IBMQ27-Opt3-Extra.csv","LotterySeeded",238,238,238,0,0,1.0000,1.0000,0.0000,55127.35899159664,1422.509705882354,56549.868697478996,56549.868697478996,136200.4900,0.001747423963,2276.015529411764,18,2,3,0.0,1
"stress","MQT-Set02-10-27-Mapped-AllAlgorithmLeft-Extra.csv","LotterySeeded",906,906,906,0,0,1.0000,1.0000,0.0000,683260.463852925,4481.620110375281,687742.0839633003,687742.0839633003,2204339.2100000004,0.000411007524,7170.592176600441,65,2,3,0.0,1
"stress","MQT-Set03-7-127-AllOpt-IBMMapped-Only127-Extra.csv","LotterySeeded",4654,4654,0,4654,0,1.0000,0.0000,1.0000,12377979.857660096,23623.55824237203,12401603.415902466,12401603.415902466,26304887.830000002,0.000176925294,37797.69318779542,3872,2,3,0.0,1
"stress","MQT-Set04-7-127-AllOpt-IBMMapped-Extra.csv","LotterySeeded",5852,5852,1198,4654,0,1.0000,0.204716336295,0.795283663705,9685313.924602099,19547.441317498284,9704861.365919594,9704861.365919594,27476622.169999998,0.000212981056,31275.906107997336,3951,2,3,0.0,1
"stress","MQT-Set01-298-10-27-IBMQ27-Opt3-Extra.csv","LotterySeeded",238,238,238,0,0,1.0000,1.0000,0.0000,54168.86441176467,1400.476344537816,55569.34075630248,55569.34075630248,121059.7800,0.001965970862,2240.762151260503,7,2,4,0.0,1
"stress","MQT-Set02-10-27-Mapped-AllAlgorithmLeft-Extra.csv","LotterySeeded",906,906,906,0,0,1.0000,1.0000,0.0000,766235.1355513254,4447.188509933778,770682.3240612592,770682.3240612592,1700107.8000,0.000532907384,7115.501615894037,72,2,4,0.0,1
"stress","MQT-Set03-7-127-AllOpt-IBMMapped-Only127-Extra.csv","LotterySeeded",4654,4654,0,4654,0,1.0000,0.0000,1.0000,12353572.142303571,23576.307168027353,12377148.449471598,12377148.449471598,28663523.740000002,0.000162366639,37722.09146884396,3973,2,4,0.0,1
"stress","MQT-Set04-7-127-AllOpt-IBMMapped-Extra.csv","LotterySeeded",5852,5852,1198,4654,0,1.0000,0.204716336295,0.795283663705,9750056.30311268,19848.276821599437,9769904.57993428,9769904.57993428,28072406.4200,0.000208460932,31757.242914559138,4218,2,4,0.0,1
"stress","MQT-Set01-298-10-27-IBMQ27-Opt3-Extra.csv","LotterySeeded",238,238,238,0,0,1.0000,1.0000,0.0000,51279.74552453011,1347.376848739496,52627.1223732696,52627.1223732696,130615.9100,0.001822136369,2155.802957983195,10,2,5,0.0,1
"stress","MQT-Set02-10-27-Mapped-AllAlgorithmLeft-Extra.csv","LotterySeeded",906,906,906,0,0,1.0000,1.0000,0.0000,798798.4051254919,4343.824690949229,803142.2298164411,803142.2298164411,2143612.5800,0.000422651,6950.119505518774,67,2,5,0.0,1
"stress","MQT-Set03-7-127-AllOpt-IBMMapped-Only127-Extra.csv","LotterySeeded",4654,4654,0,4654,0,1.0000,0.0000,1.0000,12643562.489083473,21932.913975075156,12665495.403058546,12665495.403058546,30557488.8200,0.000152303091,35092.66236012042,3926,2,5,0.0,1
"stress","MQT-Set04-7-127-AllOpt-IBMMapped-Extra.csv","LotterySeeded",5852,5852,1198,4654,0,1.0000,0.204716336295,0.795283663705,9731551.167881029,19738.34343472317,9751289.511315752,9751289.511315752,26548924.169999998,0.000220423244,31581.349495557206,4086,2,5,0.0,1
"stress","MQT-Set01-298-10-27-IBMQ27-Opt3-Extra.csv","MCT",238,238,238,0,0,1.0000,1.0000,0.0000,27452.016401727356,1308.205294117647,28760.221695845008,28760.221695845008,70825.34000000001,0.003360379209,2093.128470588235,15,2,1,0.25,2
"stress","MQT-Set02-10-27-Mapped-AllAlgorithmLeft-Extra.csv","MCT",906,906,906,0,0,1.0000,1.0000,0.0000,295315.80095750536,4000.047019867553,299315.84797737276,299315.84797737276,1024655.2800,0.000884199806,6400.07523178808,65,2,1,0.25,2
"stress","MQT-Set03-7-127-AllOpt-IBMMapped-Only127-Extra.csv","MCT",4654,4654,0,4654,0,1.0000,0.0000,1.0000,11541812.536786163,29349.509791577093,11571162.046577737,11571162.046577737,23344961.6700,0.000199357791,46959.215666523334,3921,2,1,0.25,2
"stress","MQT-Set04-7-127-AllOpt-IBMMapped-Extra.csv","MCT",5852,5852,1198,4654,0,1.0000,0.204716336295,0.795283663705,8937259.135083394,23943.203853383417,8961202.338936776,8961202.338936776,23825080.9700,0.000245623509,38309.12616541343,4010,2,1,0.25,2
"stress","MQT-Set01-298-10-27-IBMQ27-Opt3-Extra.csv","MCT",238,238,238,0,0,1.0000,1.0000,0.0000,28975.275645424837,1315.821974789916,30291.09762021475,30291.09762021475,75155.8000,0.003166754928,2105.315159663865,17,2,1,0.5,2
"stress","MQT-Set02-10-27-Mapped-AllAlgorithmLeft-Extra.csv","MCT",906,906,906,0,0,1.0000,1.0000,0.0000,298089.37149834394,4001.085849889625,302090.4573482336,302090.4573482336,1038569.5200,0.000872353735,6401.737359823399,71,2,1,0.5,2
"stress","MQT-Set03-7-127-AllOpt-IBMMapped-Only127-Extra.csv","MCT",4654,4654,0,4654,0,1.0000,0.0000,1.0000,12341839.9309271,30501.098803180004,12372341.029730285,12372341.029730285,26264761.930000003,0.000177195591,48801.758085088244,4190,2,1,0.5,2
"stress","MQT-Set04-7-127-AllOpt-IBMMapped-Extra.csv","MCT",5852,5852,1198,4654,0,1.0000,0.204716336295,0.795283663705,9433817.260225324,24544.700439165954,9458361.96066449,9458361.96066449,24501316.009999998,0.000238844313,39271.52070266569,3974,2,1,0.5,2
"stress","MQT-Set01-298-10-27-IBMQ27-Opt3-Extra.csv","FCFS",238,238,238,0,0,1.0000,1.0000,0.0000,195186.28831932787,1491.179033613445,196677.4673529413,196677.4673529413,354900.6100,0.000670610287,2385.886453781514,16,3,1,0.0,1
"stress","MQT-Set01-298-10-27-IBMQ27-Opt3-Extra.csv","LoadAware",238,238,238,0,0,1.0000,1.0000,0.0000,39223.0525210084,1533.662857142858,40756.71537815125,40756.71537815125,110409.6000,0.002155609657,2453.860571428572,17,3,1,0.0,1
"stress","MQT-Set01-298-10-27-IBMQ27-Opt3-Extra.csv","QCLAR",238,238,238,0,0,1.0000,1.0000,0.0000,39414.904943977584,1527.938025210083,40942.842969187666,40942.842969187666,115210.0300,0.002065792362,2444.700840336134,17,3,1,0.0,1
"stress","MQT-Set01-298-10-27-IBMQ27-Opt3-Extra.csv","QCLAAR",238,238,238,0,0,1.0000,1.0000,0.0000,39414.904943977584,1527.938025210083,40942.842969187666,40942.842969187666,115210.0300,0.002065792362,2444.700840336134,11,3,1,0.0,1
"stress","MQT-Set01-298-10-27-IBMQ27-Opt3-Extra.csv","MCT",238,238,238,0,0,1.0000,1.0000,0.0000,31990.861209150324,1571.771218487395,33562.63242763772,33562.63242763772,79192.8000,0.003005323716,2514.833949579832,9,3,1,0.0,1
"stress","MQT-Set02-10-27-Mapped-AllAlgorithmLeft-Extra.csv","FCFS",906,906,906,0,0,1.0000,1.0000,0.0000,2281286.8585200147,4259.230055187638,2285546.0885752025,2285546.0885752025,3858862.4300,0.000234784219,6814.768088300237,73,3,1,0.0,1
"stress","MQT-Set02-10-27-Mapped-AllAlgorithmLeft-Extra.csv","LoadAware",906,906,906,0,0,1.0000,1.0000,0.0000,522421.6462352434,4726.144746136866,527147.7909813803,527147.7909813803,2100488.1000,0.000431328318,7561.831593818991,58,3,1,0.0,1
"stress","MQT-Set02-10-27-Mapped-AllAlgorithmLeft-Extra.csv","QCLAR",906,906,906,0,0,1.0000,1.0000,0.0000,496964.03606512095,4584.027262693156,501548.0633278141,501548.0633278141,1890439.4600,0.000479253644,7334.443620309052,67,3,1,0.0,1
"stress","MQT-Set02-10-27-Mapped-AllAlgorithmLeft-Extra.csv","QCLAAR",906,906,906,0,0,1.0000,1.0000,0.0000,496964.03606512095,4584.027262693156,501548.0633278141,501548.0633278141,1890439.4600,0.000479253644,7334.443620309052,66,3,1,0.0,1
"stress","MQT-Set02-10-27-Mapped-AllAlgorithmLeft-Extra.csv","MCT",906,906,906,0,0,1.0000,1.0000,0.0000,291084.6526103756,4439.583123620308,295524.2357339959,295524.2357339959,1031682.2400,0.000878177374,7103.332997792493,67,3,1,0.0,1
"stress","MQT-Set03-7-127-AllOpt-IBMMapped-Only127-Extra.csv","FCFS",4654,4654,0,4654,0,1.0000,0.0000,1.0000,213784293.3779546,91179.0707627847,213875472.4487174,213875472.4487174,424347395.33000004,0.000010967429,145886.51322045524,4113,3,1,0.0,1
"stress","MQT-Set03-7-127-AllOpt-IBMMapped-Only127-Extra.csv","LoadAware",4654,4654,0,4654,0,1.0000,0.0000,1.0000,17259828.60086953,44493.145752041186,17304321.746621568,17304321.746621568,78600262.3700,0.000059210998,71189.03320326602,4977,3,1,0.0,1
"stress","MQT-Set03-7-127-AllOpt-IBMMapped-Only127-Extra.csv","QCLAR",4654,4654,0,4654,0,1.0000,0.0000,1.0000,12530592.464325791,25260.16943919204,12555852.633764982,12555852.633764982,28107044.430000003,0.000165581266,40416.27110270746,4207,3,1,0.0,1
"stress","MQT-Set03-7-127-AllOpt-IBMMapped-Only127-Extra.csv","QCLAAR",4654,4654,0,4654,0,1.0000,0.0000,1.0000,12282474.31754455,26519.469600343746,12308993.787144896,12308993.787144896,30927752.330000002,0.000150479736,42431.15136054991,3858,3,1,0.0,1
"stress","MQT-Set03-7-127-AllOpt-IBMMapped-Only127-Extra.csv","MCT",4654,4654,0,4654,0,1.0000,0.0000,1.0000,11318604.676045222,29329.153990115996,11347933.830035338,11347933.830035338,22960942.3700,0.000202692029,46926.64638418568,2965,3,1,0.0,1
"stress","MQT-Set04-7-127-AllOpt-IBMMapped-Extra.csv","FCFS",5852,5852,1198,4654,0,1.0000,0.204716336295,0.795283663705,166442131.20573843,72851.83438140812,166514983.04011986,166514983.04011986,422132766.0400,0.000013862937,116562.93501025249,2867,3,1,0.0,1
"stress","MQT-Set04-7-127-AllOpt-IBMMapped-Extra.csv","LoadAware",5852,5852,1198,4654,0,1.0000,0.204716336295,0.795283663705,13063412.53265779,34564.29026828417,13097976.822926076,13097976.822926076,64111572.1300,0.000091278373,55302.86442925507,3173,3,1,0.0,1
"stress","MQT-Set04-7-127-AllOpt-IBMMapped-Extra.csv","QCLAR",5852,5852,1198,4654,0,1.0000,0.204716336295,0.795283663705,9818140.82853609,19688.100066643863,9837828.928602733,9837828.928602733,28863951.0200,0.000202744246,31500.960106630195,2862,3,1,0.0,1
"stress","MQT-Set04-7-127-AllOpt-IBMMapped-Extra.csv","QCLAAR",5852,5852,1198,4654,0,1.0000,0.204716336295,0.795283663705,9756667.96079001,22136.748848256917,9778804.709638264,9778804.709638264,33745238.910000004,0.000173417056,35418.79815721122,2916,3,1,0.0,1
"stress","MQT-Set04-7-127-AllOpt-IBMMapped-Extra.csv","MCT",5852,5852,1198,4654,0,1.0000,0.204716336295,0.795283663705,8888798.104196765,23959.17135167448,8912757.275548438,8912757.275548438,22886545.7100,0.000255696079,38334.674162679476,2870,3,1,0.0,1
"stress","MQT-Set01-298-10-27-IBMQ27-Opt3-Extra.csv","LotterySeeded",238,238,238,0,0,1.0000,1.0000,0.0000,67988.42337326962,1683.136596638656,69671.55996990827,69671.55996990827,180948.41999999998,0.001315291949,2693.018554621848,14,3,1,0.0,1
"stress","MQT-Set02-10-27-Mapped-AllAlgorithmLeft-Extra.csv","LotterySeeded",906,906,906,0,0,1.0000,1.0000,0.0000,867058.3243343764,4788.111754966885,871846.4360893435,871846.4360893435,1545504.4800,0.000586216353,7660.978807947029,49,3,1,0.0,1
"stress","MQT-Set03-7-127-AllOpt-IBMMapped-Only127-Extra.csv","LotterySeeded",4654,4654,0,4654,0,1.0000,0.0000,1.0000,12546956.194719288,23880.345984099677,12570836.54070339,12570836.54070339,29503222.160000004,0.000157745482,38208.55357455955,2803,3,1,0.0,1
"stress","MQT-Set04-7-127-AllOpt-IBMMapped-Extra.csv","LotterySeeded",5852,5852,1198,4654,0,1.0000,0.204716336295,0.795283663705,9753508.970010588,20404.095111073162,9773913.06512166,9773913.06512166,28157146.2400,0.000207833562,32646.552177716996,2850,3,1,0.0,1
"stress","MQT-Set01-298-10-27-IBMQ27-Opt3-Extra.csv","LotterySeeded",238,238,238,0,0,1.0000,1.0000,0.0000,73540.22821253499,1732.567394957983,75272.79560749298,75272.79560749298,196534.5100,0.001210983252,2772.107831932773,3,3,2,0.0,1
"stress","MQT-Set02-10-27-Mapped-AllAlgorithmLeft-Extra.csv","LotterySeeded",906,906,906,0,0,1.0000,1.0000,0.0000,868582.6208760109,4814.121181015456,873396.7420570264,873396.7420570264,1522037.9100,0.000595254556,7702.593889624733,42,3,2,0.0,1
"stress","MQT-Set03-7-127-AllOpt-IBMMapped-Only127-Extra.csv","LotterySeeded",4654,4654,0,4654,0,1.0000,0.0000,1.0000,12514982.423676278,23769.32370863773,12538751.747384915,12538751.747384915,27961492.5600,0.000166443189,38030.91793382049,2768,3,2,0.0,1
"stress","MQT-Set04-7-127-AllOpt-IBMMapped-Extra.csv","LotterySeeded",5852,5852,1198,4654,0,1.0000,0.204716336295,0.795283663705,9747369.507611956,19776.049564251505,9767145.557176208,9767145.557176208,29129202.009999998,0.000200898054,31641.679302802437,2819,3,2,0.0,1
"stress","MQT-Set01-298-10-27-IBMQ27-Opt3-Extra.csv","LotterySeeded",238,238,238,0,0,1.0000,1.0000,0.0000,58531.88953431371,1625.505126050419,60157.39466036413,60157.39466036413,199857.19999999998,0.001190850267,2600.808201680673,0,3,3,0.0,1
"stress","MQT-Set02-10-27-Mapped-AllAlgorithmLeft-Extra.csv","LotterySeeded",906,906,906,0,0,1.0000,1.0000,0.0000,768376.1792534954,4712.415397350985,773088.5946508463,773088.5946508463,1576341.0300,0.000574748727,7539.864635761587,54,3,3,0.0,1
"stress","MQT-Set03-7-127-AllOpt-IBMMapped-Only127-Extra.csv","LotterySeeded",4654,4654,0,4654,0,1.0000,0.0000,1.0000,12291997.008107597,24163.39836914473,12316160.406476742,12316160.406476742,26371625.590000004,0.000176477555,38661.437390631734,2801,3,3,0.0,1
"stress","MQT-Set04-7-127-AllOpt-IBMMapped-Extra.csv","LotterySeeded",5852,5852,1198,4654,0,1.0000,0.204716336295,0.795283663705,10023940.624673776,18361.09310492131,10042301.717778698,10042301.717778698,30702201.0200,0.000190605227,29377.74896787433,2822,3,3,0.0,1
"stress","MQT-Set01-298-10-27-IBMQ27-Opt3-Extra.csv","LotterySeeded",238,238,238,0,0,1.0000,1.0000,0.0000,70611.16899159663,1734.019789915966,72345.18878151258,72345.18878151258,193133.4900,0.001232308286,2774.431663865545,6,3,4,0.0,1
"stress","MQT-Set02-10-27-Mapped-AllAlgorithmLeft-Extra.csv","LotterySeeded",906,906,906,0,0,1.0000,1.0000,0.0000,789531.9490336647,4716.652494481236,794248.6015281457,794248.6015281457,1813190.4900,0.000499671714,7546.643991169979,51,3,4,0.0,1
"stress","MQT-Set03-7-127-AllOpt-IBMMapped-Only127-Extra.csv","LotterySeeded",4654,4654,0,4654,0,1.0000,0.0000,1.0000,12447292.456403485,23308.79147829819,12470601.247881783,12470601.247881783,27843880.6300,0.000167146242,37294.06636527733,2769,3,4,0.0,1
"stress","MQT-Set04-7-127-AllOpt-IBMMapped-Extra.csv","LotterySeeded",5852,5852,1198,4654,0,1.0000,0.204716336295,0.795283663705,9863423.753141053,18838.423291182535,9882262.176432235,9882262.176432235,31221145.4500,0.000187437069,30141.477265891997,2848,3,4,0.0,1
"stress","MQT-Set01-298-10-27-IBMQ27-Opt3-Extra.csv","LotterySeeded",238,238,238,0,0,1.0000,1.0000,0.0000,78908.79929763933,1708.155966386555,80616.95526402589,80616.95526402589,193310.50999999998,0.001231179826,2733.049546218487,13,3,5,0.0,1
"stress","MQT-Set02-10-27-Mapped-AllAlgorithmLeft-Extra.csv","LotterySeeded",906,906,906,0,0,1.0000,1.0000,0.0000,653628.2016523492,4773.88298013245,658402.0846324817,658402.0846324817,1910051.6000,0.000474332735,7638.212768211924,46,3,5,0.0,1
"stress","MQT-Set03-7-127-AllOpt-IBMMapped-Only127-Extra.csv","LotterySeeded",4654,4654,0,4654,0,1.0000,0.0000,1.0000,12485788.741689801,23009.56837988826,12508798.310069691,12508798.310069691,29281525.580000002,0.000158939806,36815.30940782124,2788,3,5,0.0,1
"stress","MQT-Set04-7-127-AllOpt-IBMMapped-Extra.csv","LotterySeeded",5852,5852,1198,4654,0,1.0000,0.204716336295,0.795283663705,9868515.002641236,19178.23958988383,9887693.242231123,9887693.242231123,28746937.9700,0.000203569507,30685.18334381415,2856,3,5,0.0,1
"stress","MQT-Set01-298-10-27-IBMQ27-Opt3-Extra.csv","MCT",238,238,238,0,0,1.0000,1.0000,0.0000,31909.84927637722,1565.670126050419,33475.51940242764,33475.51940242764,78457.4700,0.003033490629,2505.072201680673,14,3,1,0.25,3
"stress","MQT-Set02-10-27-Mapped-AllAlgorithmLeft-Extra.csv","MCT",906,906,906,0,0,1.0000,1.0000,0.0000,294509.9533609274,4440.768675496686,298950.722036424,298950.722036424,1030039.2600,0.000879578124,7105.2298807947,46,3,1,0.25,3
"stress","MQT-Set03-7-127-AllOpt-IBMMapped-Only127-Extra.csv","MCT",4654,4654,0,4654,0,1.0000,0.0000,1.0000,11591043.820510179,29488.128558229513,11620531.949068407,11620531.949068407,23068031.1700,0.000201751071,47181.00569316736,2809,3,1,0.25,3
"stress","MQT-Set04-7-127-AllOpt-IBMMapped-Extra.csv","MCT",5852,5852,1198,4654,0,1.0000,0.204716336295,0.795283663705,9252548.214902941,24324.21511961725,9276872.430022558,9276872.430022558,23750257.9000,0.000246397324,38918.7441913876,2827,3,1,0.25,3
"stress","MQT-Set01-298-10-27-IBMQ27-Opt3-Extra.csv","MCT",238,238,238,0,0,1.0000,1.0000,0.0000,32764.953015873005,1578.861764705882,34343.81478057889,34343.81478057889,81558.4900,0.002918151133,2526.178823529412,7,3,1,0.5,3
"stress","MQT-Set02-10-27-Mapped-AllAlgorithmLeft-Extra.csv","MCT",906,906,906,0,0,1.0000,1.0000,0.0000,300308.3473454746,4430.8259602649,304739.1733057394,304739.1733057394,1046484.6300,0.000865755668,7089.321536423836,43,3,1,0.5,3
"stress","MQT-Set03-7-127-AllOpt-IBMMapped-Only127-Extra.csv","MCT",4654,4654,0,4654,0,1.0000,0.0000,1.0000,12289773.910259256,30154.44309196382,12319928.35335122,12319928.35335122,24642415.4400,0.000188861356,48247.10894714231,2828,3,1,0.5,3
"stress","MQT-Set04-7-127-AllOpt-IBMMapped-Extra.csv","MCT",5852,5852,1198,4654,0,1.0000,0.204716336295,0.795283663705,10295704.280418782,25428.438067327348,10321132.718486112,10321132.718486112,27193672.8100,0.000215197117,40685.50090772393,2834,3,1,0.5,3
"stress","MQT-Set01-298-10-27-IBMQ27-Opt3-Extra.csv","FCFS",238,238,238,0,0,1.0000,1.0000,0.0000,226714.9291596637,1778.997268907563,228493.92642857129,228493.92642857129,423401.3500,0.00056211441,2846.3956302521,14,4,1,0.0,1
"stress","MQT-Set01-298-10-27-IBMQ27-Opt3-Extra.csv","LoadAware",238,238,238,0,0,1.0000,1.0000,0.0000,46451.05995798322,1869.049537815125,48320.10949579835,48320.10949579835,126756.0500,0.001877622409,2990.479260504203,15,4,1,0.0,1
"stress","MQT-Set01-298-10-27-IBMQ27-Opt3-Extra.csv","QCLAR",238,238,238,0,0,1.0000,1.0000,0.0000,47286.70032212886,1900.209831932774,49186.91015406163,49186.91015406163,129429.2500,0.001838842456,3040.335731092438,17,4,1,0.0,1
"stress","MQT-Set01-298-10-27-IBMQ27-Opt3-Extra.csv","QCLAAR",238,238,238,0,0,1.0000,1.0000,0.0000,47286.70032212886,1900.209831932774,49186.91015406163,49186.91015406163,129429.2500,0.001838842456,3040.335731092438,8,4,1,0.0,1
"stress","MQT-Set01-298-10-27-IBMQ27-Opt3-Extra.csv","MCT",238,238,238,0,0,1.0000,1.0000,0.0000,38974.02078898226,1874.069075630254,40848.08986461251,40848.08986461251,91788.6600,0.002592912894,2998.510521008402,9,4,1,0.0,1
"stress","MQT-Set02-10-27-Mapped-AllAlgorithmLeft-Extra.csv","FCFS",906,906,906,0,0,1.0000,1.0000,0.0000,1924845.0761138333,3799.396721854304,1928644.4728356877,1928644.4728356877,3442253.4300,0.00026319968,6079.034754966893,48,4,1,0.0,1
"stress","MQT-Set02-10-27-Mapped-AllAlgorithmLeft-Extra.csv","LoadAware",906,906,906,0,0,1.0000,1.0000,0.0000,416422.71846482396,4096.949657836642,420519.66812266066,420519.66812266066,1261786.2900,0.000718029675,6555.119452538629,45,4,1,0.0,1
"stress","MQT-Set02-10-27-Mapped-AllAlgorithmLeft-Extra.csv","QCLAR",906,906,906,0,0,1.0000,1.0000,0.0000,398867.42833517323,3968.46828918322,402835.8966243565,402835.8966243565,1141979.5800,0.000793359195,6349.549262693157,47,4,1,0.0,1
"stress","MQT-Set02-10-27-Mapped-AllAlgorithmLeft-Extra.csv","QCLAAR",906,906,906,0,0,1.0000,1.0000,0.0000,398867.42833517323,3968.46828918322,402835.8966243565,402835.8966243565,1141979.5800,0.000793359195,6349.549262693157,62,4,1,0.0,1
"stress","MQT-Set02-10-27-Mapped-AllAlgorithmLeft-Extra.csv","MCT",906,906,906,0,0,1.0000,1.0000,0.0000,268466.8132615893,3949.398907284763,272416.2121688741,272416.2121688741,984410.4600,0.000920347799,6319.038251655628,50,4,1,0.0,1
"stress","MQT-Set03-7-127-AllOpt-IBMMapped-Only127-Extra.csv","FCFS",4654,4654,0,4654,0,1.0000,0.0000,1.0000,219756510.7362255,93264.64515470562,219849775.3813802,219849775.3813802,434053658.5500,0.000010722177,149223.4322475292,2859,4,1,0.0,1
"stress","MQT-Set03-7-127-AllOpt-IBMMapped-Only127-Extra.csv","LoadAware",4654,4654,0,4654,0,1.0000,0.0000,1.0000,17016529.11696984,43977.6955500643,17060506.812519904,17060506.812519904,65424539.5500,0.000071135388,70364.31288010327,3387,4,1,0.0,1
"stress","MQT-Set03-7-127-AllOpt-IBMMapped-Only127-Extra.csv","QCLAR",4654,4654,0,4654,0,1.0000,0.0000,1.0000,12512528.439871086,26454.89448216583,12538983.334353251,12538983.334353251,28203637.360000003,0.000165014177,42327.83117146547,3285,4,1,0.0,1
"stress","MQT-Set03-7-127-AllOpt-IBMMapped-Only127-Extra.csv","QCLAAR",4654,4654,0,4654,0,1.0000,0.0000,1.0000,12566900.24081435,25866.058461538498,12592766.299275886,12592766.299275886,26849642.330000002,0.000173335642,41385.69353846151,4083,4,1,0.0,1
"stress","MQT-Set03-7-127-AllOpt-IBMMapped-Only127-Extra.csv","MCT",4654,4654,0,4654,0,1.0000,0.0000,1.0000,11639111.775450112,29976.110541469694,11669087.885991585,11669087.885991585,23604403.7600,0.000197166599,47961.77686635149,3085,4,1,0.0,1
"stress","MQT-Set04-7-127-AllOpt-IBMMapped-Extra.csv","FCFS",5852,5852,1198,4654,0,1.0000,0.204716336295,0.795283663705,162705301.5209923,70596.62037593986,162775898.14136824,162775898.14136824,409274368.9700,0.000014298477,112954.59260150342,2988,4,1,0.0,1
"stress","MQT-Set04-7-127-AllOpt-IBMMapped-Extra.csv","LoadAware",5852,5852,1198,4654,0,1.0000,0.204716336295,0.795283663705,12796346.557948276,33747.676766917335,12830094.234715188,12830094.234715188,71464088.64999999,0.000081887282,53996.28282706755,3041,4,1,0.0,1
"stress","MQT-Set04-7-127-AllOpt-IBMMapped-Extra.csv","QCLAR",5852,5852,1198,4654,0,1.0000,0.204716336295,0.795283663705,9592547.510115907,19112.48868762811,9611659.998803537,9611659.998803537,29637901.2500,0.000197449878,30579.98190020506,2998,4,1,0.0,1
"stress","MQT-Set04-7-127-AllOpt-IBMMapped-Extra.csv","QCLAAR",5852,5852,1198,4654,0,1.0000,0.204716336295,0.795283663705,9449679.290736208,20493.788180109354,9470173.078916317,9470173.078916317,26166793.4100,0.000223642229,32790.06108817491,2883,4,1,0.0,1
"stress","MQT-Set04-7-127-AllOpt-IBMMapped-Extra.csv","MCT",5852,5852,1198,4654,0,1.0000,0.204716336295,0.795283663705,8666028.371333139,23207.4776760082,8689235.849009149,8689235.849009149,22160272.3100,0.000264076177,37131.96428161316,2889,4,1,0.0,1
"stress","MQT-Set01-298-10-27-IBMQ27-Opt3-Extra.csv","LotterySeeded",238,238,238,0,0,1.0000,1.0000,0.0000,70605.70884946005,2011.808865546217,72617.51771500625,72617.51771500625,183176.8300,0.001299290964,3218.894184873948,10,4,1,0.0,1
"stress","MQT-Set02-10-27-Mapped-AllAlgorithmLeft-Extra.csv","LotterySeeded",906,906,906,0,0,1.0000,1.0000,0.0000,721615.3973488411,4352.921567328923,725968.3189161699,725968.3189161699,1721026.5700,0.00052642999,6964.674507726271,45,4,1,0.0,1
"stress","MQT-Set03-7-127-AllOpt-IBMMapped-Only127-Extra.csv","LotterySeeded",4654,4654,0,4654,0,1.0000,0.0000,1.0000,12558546.855144821,25682.517548345386,12584229.372693164,12584229.372693164,27531267.6700,0.000169044159,41092.0280773528,2808,4,1,0.0,1
"stress","MQT-Set04-7-127-AllOpt-IBMMapped-Extra.csv","LotterySeeded",5852,5852,1198,4654,0,1.0000,0.204716336295,0.795283663705,9667894.670502493,18333.25573479151,9686227.926237287,9686227.926237287,27195878.1400,0.000215179667,29333.209175666387,2843,4,1,0.0,1
"stress","MQT-Set01-298-10-27-IBMQ27-Opt3-Extra.csv","LotterySeeded",238,238,238,0,0,1.0000,1.0000,0.0000,85946.48852941173,2072.465420168066,88018.95394957978,88018.95394957978,205738.1300,0.001156810359,3315.944672268908,11,4,2,0.0,1
"stress","MQT-Set02-10-27-Mapped-AllAlgorithmLeft-Extra.csv","LotterySeeded",906,906,906,0,0,1.0000,1.0000,0.0000,680718.3961036608,4446.488156732896,685164.8842603938,685164.8842603938,2282879.9600000004,0.000396867122,7114.38105077263,48,4,2,0.0,1
"stress","MQT-Set03-7-127-AllOpt-IBMMapped-Only127-Extra.csv","LotterySeeded",4654,4654,0,4654,0,1.0000,0.0000,1.0000,13111419.984335601,22787.768882681576,13134207.75321829,13134207.75321829,31220763.9500,0.000149067461,36460.43021229047,2812,4,2,0.0,1
"stress","MQT-Set04-7-127-AllOpt-IBMMapped-Extra.csv","LotterySeeded",5852,5852,1198,4654,0,1.0000,0.204716336295,0.795283663705,9702619.233197417,17810.11008373196,9720429.343281148,9720429.343281148,31324180.9700,0.000186820527,28496.176133971276,2894,4,2,0.0,1
"stress","MQT-Set01-298-10-27-IBMQ27-Opt3-Extra.csv","LotterySeeded",238,238,238,0,0,1.0000,1.0000,0.0000,84289.16153361344,2047.497605042015,86336.65913865546,86336.65913865546,211687.16999999998,0.001124300542,3275.996168067225,9,4,3,0.0,1
"stress","MQT-Set02-10-27-Mapped-AllAlgorithmLeft-Extra.csv","LotterySeeded",906,906,906,0,0,1.0000,1.0000,0.0000,806561.9247566229,4397.121810154527,810959.0465667774,810959.0465667774,1699674.2300,0.000533043323,7035.39489624724,42,4,3,0.0,1
"stress","MQT-Set03-7-127-AllOpt-IBMMapped-Only127-Extra.csv","LotterySeeded",4654,4654,0,4654,0,1.0000,0.0000,1.0000,13039021.129739078,23733.492432316278,13062754.622171396,13062754.622171396,30292645.930000003,0.000153634648,37973.5878917061,2814,4,3,0.0,1
"stress","MQT-Set04-7-127-AllOpt-IBMMapped-Extra.csv","LotterySeeded",5852,5852,1198,4654,0,1.0000,0.204716336295,0.795283663705,9767549.651736703,18092.306508885824,9785641.958245587,9785641.958245587,28759445.319999997,0.000203480976,28947.690414217264,2855,4,3,0.0,1
"stress","MQT-Set01-298-10-27-IBMQ27-Opt3-Extra.csv","LotterySeeded",238,238,238,0,0,1.0000,1.0000,0.0000,78944.47203781514,1979.235210084033,80923.70724789916,80923.70724789916,185512.2200,0.001282934353,3166.776336134456,0,4,4,0.0,1
"stress","MQT-Set02-10-27-Mapped-AllAlgorithmLeft-Extra.csv","LotterySeeded",906,906,906,0,0,1.0000,1.0000,0.0000,614736.5996342901,4169.039194260486,618905.6388285505,618905.6388285505,1703105.9100,0.000531969265,6670.462710816777,43,4,4,0.0,1
"stress","MQT-Set03-7-127-AllOpt-IBMMapped-Only127-Extra.csv","LotterySeeded",4654,4654,0,4654,0,1.0000,0.0000,1.0000,12855367.766863845,24099.274527288282,12879467.041391136,12879467.041391136,28528056.1800,0.000163137648,38558.83924366141,2787,4,4,0.0,1
"stress","MQT-Set04-7-127-AllOpt-IBMMapped-Extra.csv","LotterySeeded",5852,5852,1198,4654,0,1.0000,0.204716336295,0.795283663705,9623535.121308574,18491.964436090264,9642027.085744662,9642027.085744662,28817791.7200,0.000203068995,29587.143097744345,2884,4,4,0.0,1
"stress","MQT-Set01-298-10-27-IBMQ27-Opt3-Extra.csv","LotterySeeded",238,238,238,0,0,1.0000,1.0000,0.0000,80662.35503468417,2045.404663865546,82707.75969854972,82707.75969854972,199898.3800,0.001190604946,3272.647462184873,1,4,5,0.0,1
"stress","MQT-Set02-10-27-Mapped-AllAlgorithmLeft-Extra.csv","LotterySeeded",906,906,906,0,0,1.0000,1.0000,0.0000,724076.5517772818,4270.050673289186,728346.6024505708,728346.6024505708,1941136.5600,0.000466736869,6832.081077262699,40,4,5,0.0,1
"stress","MQT-Set03-7-127-AllOpt-IBMMapped-Only127-Extra.csv","LotterySeeded",4654,4654,0,4654,0,1.0000,0.0000,1.0000,12586488.433391912,25191.80707563384,12611680.240467547,12611680.240467547,28238415.0400,0.00016481095,40306.891321014176,2824,4,5,0.0,1
"stress","MQT-Set04-7-127-AllOpt-IBMMapped-Extra.csv","LotterySeeded",5852,5852,1198,4654,0,1.0000,0.204716336295,0.795283663705,9487338.962760221,20001.65299384825,9507340.61575407,9507340.61575407,27147598.6300,0.000215562344,32002.644790157177,2834,4,5,0.0,1
"stress","MQT-Set01-298-10-27-IBMQ27-Opt3-Extra.csv","MCT",238,238,238,0,0,1.0000,1.0000,0.0000,39753.54057889823,1886.075798319328,41639.61637721755,41639.61637721755,95798.0400,0.002484393209,3017.721277310921,10,4,1,0.25,4
"stress","MQT-Set02-10-27-Mapped-AllAlgorithmLeft-Extra.csv","MCT",906,906,906,0,0,1.0000,1.0000,0.0000,275315.4618377485,3926.858189845475,279242.32002759393,279242.32002759393,1032358.4800,0.000877602129,6282.97310375276,50,4,1,0.25,4
"stress","MQT-Set03-7-127-AllOpt-IBMMapped-Only127-Extra.csv","MCT",4654,4654,0,4654,0,1.0000,0.0000,1.0000,11893784.716944521,30213.88733992265,11923998.604284441,11923998.604284441,23755831.790000003,0.000195909789,48342.21974387634,5395,4,1,0.25,4
"stress","MQT-Set04-7-127-AllOpt-IBMMapped-Extra.csv","MCT",5852,5852,1198,4654,0,1.0000,0.204716336295,0.795283663705,8754765.779135609,23339.847479494132,8778105.626615105,8778105.626615105,22492872.569999997,0.000260171305,37343.755967190715,5519,4,1,0.25,4
"stress","MQT-Set01-298-10-27-IBMQ27-Opt3-Extra.csv","MCT",238,238,238,0,0,1.0000,1.0000,0.0000,40861.973478057866,1896.902731092438,42758.8762091503,42758.8762091503,102502.9200,0.002321885074,3035.044369747897,26,4,1,0.5,4
"stress","MQT-Set02-10-27-Mapped-AllAlgorithmLeft-Extra.csv","MCT",906,906,906,0,0,1.0000,1.0000,0.0000,282283.9415286976,3930.429834437086,286214.37136313465,286214.37136313465,1060207.2000,0.000854549941,6288.687735099337,100,4,1,0.5,4
"stress","MQT-Set03-7-127-AllOpt-IBMMapped-Only127-Extra.csv","MCT",4654,4654,0,4654,0,1.0000,0.0000,1.0000,12610553.577690136,30932.47379243653,12641486.051482573,12641486.051482573,25380394.9600,0.000183369881,49491.958067898675,5440,4,1,0.5,4
"stress","MQT-Set04-7-127-AllOpt-IBMMapped-Extra.csv","MCT",5852,5852,1198,4654,0,1.0000,0.204716336295,0.795283663705,9265076.990080623,23896.453369788065,9288973.443450414,9288973.443450414,24400753.439999998,0.00023982866,38234.325391660874,5487,4,1,0.5,4
"stress","MQT-Set01-298-10-27-IBMQ27-Opt3-Extra.csv","FCFS",238,238,238,0,0,1.0000,1.0000,0.0000,206185.69705882363,1468.56768907563,207654.26474789926,207654.26474789926,349519.1100,0.000680935586,2349.708302521009,25,5,1,0.0,1
"stress","MQT-Set01-298-10-27-IBMQ27-Opt3-Extra.csv","LoadAware",238,238,238,0,0,1.0000,1.0000,0.0000,44740.62582282912,1621.785840336134,46362.41166316525,46362.41166316525,148619.8600,0.001601401051,2594.857344537814,24,5,1,0.0,1
"stress","MQT-Set01-298-10-27-IBMQ27-Opt3-Extra.csv","QCLAR",238,238,238,0,0,1.0000,1.0000,0.0000,45823.04778361346,1652.8343697479,47475.88215336136,47475.88215336136,165133.16999999998,0.001441261014,2644.534991596639,16,5,1,0.0,1
"stress","MQT-Set01-298-10-27-IBMQ27-Opt3-Extra.csv","QCLAAR",238,238,238,0,0,1.0000,1.0000,0.0000,45823.04778361346,1652.8343697479,47475.88215336136,47475.88215336136,165133.16999999998,0.001441261014,2644.534991596639,8,5,1,0.0,1
"stress","MQT-Set01-298-10-27-IBMQ27-Opt3-Extra.csv","MCT",238,238,238,0,0,1.0000,1.0000,0.0000,34778.79690592904,1548.718151260503,36327.51505718955,36327.51505718955,76512.7100,0.003110594305,2477.949042016807,31,5,1,0.0,1
"stress","MQT-Set02-10-27-Mapped-AllAlgorithmLeft-Extra.csv","FCFS",906,906,906,0,0,1.0000,1.0000,0.0000,1821350.6656502523,3582.806169977925,1824933.4718202304,1824933.4718202304,3246022.3900,0.000279110829,5732.489871964674,82,5,1,0.0,1
"stress","MQT-Set02-10-27-Mapped-AllAlgorithmLeft-Extra.csv","LoadAware",906,906,906,0,0,1.0000,1.0000,0.0000,371768.9362573184,3787.707306843266,375556.64356416167,375556.64356416167,1407931.1600,0.000643497371,6060.331690949231,82,5,1,0.0,1
"stress","MQT-Set02-10-27-Mapped-AllAlgorithmLeft-Extra.csv","QCLAR",906,906,906,0,0,1.0000,1.0000,0.0000,380697.2559354306,3801.304116997791,384498.56005242834,384498.56005242834,1469145.3900,0.000616685051,6082.086587196477,140,5,1,0.0,1
"stress","MQT-Set02-10-27-Mapped-AllAlgorithmLeft-Extra.csv","QCLAAR",906,906,906,0,0,1.0000,1.0000,0.0000,380697.2559354306,3801.304116997791,384498.56005242834,384498.56005242834,1469145.3900,0.000616685051,6082.086587196477,89,5,1,0.0,1
"stress","MQT-Set02-10-27-Mapped-AllAlgorithmLeft-Extra.csv","MCT",906,906,906,0,0,1.0000,1.0000,0.0000,235640.35897075047,3717.397306843267,239357.75627759375,239357.75627759375,891432.0500,0.001016342188,5947.83569094923,100,5,1,0.0,1
"stress","MQT-Set03-7-127-AllOpt-IBMMapped-Only127-Extra.csv","FCFS",4654,4654,0,4654,0,1.0000,0.0000,1.0000,221432481.41260222,93085.81559518694,221525567.22819743,221525567.22819743,433221385.78000003,0.000010742775,148937.3049522996,5422,5,1,0.0,1
"stress","MQT-Set03-7-127-AllOpt-IBMMapped-Only127-Extra.csv","LoadAware",4654,4654,0,4654,0,1.0000,0.0000,1.0000,16993229.991782825,42950.6388246669,17036180.630607493,17036180.630607493,66286944.529999994,0.000070209904,68721.02211946703,5411,5,1,0.0,1
"stress","MQT-Set03-7-127-AllOpt-IBMMapped-Only127-Extra.csv","QCLAR",4654,4654,0,4654,0,1.0000,0.0000,1.0000,13043719.50288195,25961.02284701331,13069680.525728961,13069680.525728961,32986051.7100,0.000141089938,41537.636555221296,5461,5,1,0.0,1
"stress","MQT-Set03-7-127-AllOpt-IBMMapped-Only127-Extra.csv","QCLAAR",4654,4654,0,4654,0,1.0000,0.0000,1.0000,12675819.751715168,26420.21008379885,12702239.96179897,12702239.96179897,27315556.6700,0.000170379101,42272.33613407825,5691,5,1,0.0,1
"stress","MQT-Set03-7-127-AllOpt-IBMMapped-Only127-Extra.csv","MCT",4654,4654,0,4654,0,1.0000,0.0000,1.0000,11725233.6347488,29969.8025590889,11755203.437307887,11755203.437307887,23497575.9400,0.000198062984,47951.68409454237,5448,5,1,0.0,1
"stress","MQT-Set04-7-127-AllOpt-IBMMapped-Extra.csv","FCFS",5852,5852,1198,4654,0,1.0000,0.204716336295,0.795283663705,160457835.53053224,69755.39530758721,160527590.9258398,160527590.9258398,404249670.28000003,0.000014476202,111608.63249213893,5630,5,1,0.0,1
"stress","MQT-Set04-7-127-AllOpt-IBMMapped-Extra.csv","LoadAware",5852,5852,1198,4654,0,1.0000,0.204716336295,0.795283663705,12630273.670372061,33280.838465481815,12663554.508837545,12663554.508837545,66596059.730000004,0.000087873067,53249.3415447709,5721,5,1,0.0,1
"stress","MQT-Set04-7-127-AllOpt-IBMMapped-Extra.csv","QCLAR",5852,5852,1198,4654,0,1.0000,0.204716336295,0.795283663705,9351246.772891486,19502.833781613062,9370749.6066731,9370749.6066731,28056695.3600,0.000208577665,31204.534050581,5715,5,1,0.0,1
"stress","MQT-Set04-7-127-AllOpt-IBMMapped-Extra.csv","QCLAAR",5852,5852,1198,4654,0,1.0000,0.204716336295,0.795283663705,9293584.007607827,19822.24384996579,9313406.251457794,9313406.251457794,26839228.8600,0.000218039051,31715.59015994532,5831,5,1,0.0,1
"stress","MQT-Set04-7-127-AllOpt-IBMMapped-Extra.csv","MCT",5852,5852,1198,4654,0,1.0000,0.204716336295,0.795283663705,8557039.927187871,22884.766088516673,8579924.693276389,8579924.693276389,21951304.2200,0.000266590082,36615.625741626696,5561,5,1,0.0,1
"stress","MQT-Set01-298-10-27-IBMQ27-Opt3-Extra.csv","LotterySeeded",238,238,238,0,0,1.0000,1.0000,0.0000,85735.62657296615,1732.963655462185,87468.59022842837,87468.59022842837,192180.56999999998,0.001238418639,2772.741848739493,20,5,1,0.0,1
"stress","MQT-Set02-10-27-Mapped-AllAlgorithmLeft-Extra.csv","LotterySeeded",906,906,906,0,0,1.0000,1.0000,0.0000,689165.8228896806,4225.857615894042,693391.6805055747,693391.6805055747,2290719.1100000003,0.000395508989,6761.372185430469,83,5,1,0.0,1
"stress","MQT-Set03-7-127-AllOpt-IBMMapped-Only127-Extra.csv","LotterySeeded",4654,4654,0,4654,0,1.0000,0.0000,1.0000,12954869.641262082,24033.807533304673,12978903.448795386,12978903.448795386,30338580.310000002,0.000153402036,38454.09205328754,5569,5,1,0.0,1
"stress","MQT-Set04-7-127-AllOpt-IBMMapped-Extra.csv","LotterySeeded",5852,5852,1198,4654,0,1.0000,0.204716336295,0.795283663705,9496815.137394667,18550.17991797679,9515365.31731264,9515365.31731264,27720226.8100,0.000211109384,29680.287868762905,5476,5,1,0.0,1
"stress","MQT-Set01-298-10-27-IBMQ27-Opt3-Extra.csv","LotterySeeded",238,238,238,0,0,1.0000,1.0000,0.0000,74072.08811799722,1649.67987394958,75721.76799194679,75721.76799194679,153599.8100,0.001549481083,2639.487798319329,25,5,2,0.0,1
"stress","MQT-Set02-10-27-Mapped-AllAlgorithmLeft-Extra.csv","LotterySeeded",906,906,906,0,0,1.0000,1.0000,0.0000,836843.1427367553,4142.277262693152,840985.4199994483,840985.4199994483,2674295.4700,0.000338780815,6627.64362030905,91,5,2,0.0,1
"stress","MQT-Set03-7-127-AllOpt-IBMMapped-Only127-Extra.csv","LotterySeeded",4654,4654,0,4654,0,1.0000,0.0000,1.0000,12789980.017515616,24704.601512677207,12814684.619028294,12814684.619028294,28231034.270000003,0.000164854038,39527.36242028363,5435,5,2,0.0,1
"stress","MQT-Set04-7-127-AllOpt-IBMMapped-Extra.csv","LotterySeeded",5852,5852,1198,4654,0,1.0000,0.204716336295,0.795283663705,9574278.7157895,18295.683072453863,9592574.398861954,9592574.398861954,28354433.439999998,0.000206387478,29273.092915926212,5545,5,2,0.0,1
"stress","MQT-Set01-298-10-27-IBMQ27-Opt3-Extra.csv","LotterySeeded",238,238,238,0,0,1.0000,1.0000,0.0000,86597.80884453781,1715.837394957984,88313.64623949578,88313.64623949578,224524.4300,0.00106001828,2745.339831932773,16,5,3,0.0,1
"stress","MQT-Set02-10-27-Mapped-AllAlgorithmLeft-Extra.csv","LotterySeeded",906,906,906,0,0,1.0000,1.0000,0.0000,757234.2385700875,4191.841909492271,761426.0804795799,761426.0804795799,1913446.5500,0.000473491146,6706.947055187635,83,5,3,0.0,1
"stress","MQT-Set03-7-127-AllOpt-IBMMapped-Only127-Extra.csv","LotterySeeded",4654,4654,0,4654,0,1.0000,0.0000,1.0000,13032534.50122003,23582.513738719346,13056117.014958749,13056117.014958749,31191071.9200,0.000149209364,37732.021981951075,5844,5,3,0.0,1
"stress","MQT-Set04-7-127-AllOpt-IBMMapped-Extra.csv","LotterySeeded",5852,5852,1198,4654,0,1.0000,0.204716336295,0.795283663705,9488776.862743845,19367.682187286344,9508144.544931134,9508144.544931134,27019967.9700,0.000216580568,30988.291499658233,5576,5,3,0.0,1
"stress","MQT-Set01-298-10-27-IBMQ27-Opt3-Extra.csv","LotterySeeded",238,238,238,0,0,1.0000,1.0000,0.0000,75983.13702731095,1689.422268907564,77672.55929621852,77672.55929621852,166666.2100,0.001428003913,2703.075630252099,23,5,4,0.0,1
"stress","MQT-Set02-10-27-Mapped-AllAlgorithmLeft-Extra.csv","LotterySeeded",906,906,906,0,0,1.0000,1.0000,0.0000,700690.0138538447,4033.843565121412,704723.8574189659,704723.8574189659,2142862.8800000004,0.000422798868,6454.149704194265,79,5,4,0.0,1
"stress","MQT-Set03-7-127-AllOpt-IBMMapped-Only127-Extra.csv","LotterySeeded",4654,4654,0,4654,0,1.0000,0.0000,1.0000,13289626.510608766,22772.37055436183,13312398.881163126,13312398.881163126,32372741.9200,0.000143762923,36435.79288697896,5678,5,4,0.0,1
"stress","MQT-Set04-7-127-AllOpt-IBMMapped-Extra.csv","LotterySeeded",5852,5852,1198,4654,0,1.0000,0.204716336295,0.795283663705,9513587.667172236,18632.157852016422,9532219.825024255,9532219.825024255,27896797.0600,0.000209773186,29811.452563226296,6521,5,4,0.0,1
"stress","MQT-Set01-298-10-27-IBMQ27-Opt3-Extra.csv","LotterySeeded",238,238,238,0,0,1.0000,1.0000,0.0000,70301.49873881582,1660.842857142858,71962.34159595867,71962.34159595867,142503.8700,0.001670130081,2657.348571428571,25,5,5,0.0,1
"stress","MQT-Set02-10-27-Mapped-AllAlgorithmLeft-Extra.csv","LotterySeeded",906,906,906,0,0,1.0000,1.0000,0.0000,791076.660563154,4101.460022075053,795178.1205852292,795178.1205852292,2768426.8800000004,0.000327261669,6562.336035320091,97,5,5,0.0,1
"stress","MQT-Set03-7-127-AllOpt-IBMMapped-Only127-Extra.csv","LotterySeeded",4654,4654,0,4654,0,1.0000,0.0000,1.0000,12736040.922012424,24762.039406961645,12760802.961419389,12760802.961419389,27643102.3500,0.000168360264,39619.26305113875,6989,5,5,0.0,1
"stress","MQT-Set04-7-127-AllOpt-IBMMapped-Extra.csv","LotterySeeded",5852,5852,1198,4654,0,1.0000,0.204716336295,0.795283663705,9445501.548651064,18632.513704716235,9464134.062355781,9464134.062355781,25985322.5600,0.000225204055,29812.02192754613,6407,5,5,0.0,1
"stress","MQT-Set01-298-10-27-IBMQ27-Opt3-Extra.csv","MCT",238,238,238,0,0,1.0000,1.0000,0.0000,35280.856065592925,1552.059621848739,36832.91568744166,36832.91568744166,79336.9100,0.002999864754,2483.295394957983,25,5,1,0.25,5
"stress","MQT-Set02-10-27-Mapped-AllAlgorithmLeft-Extra.csv","MCT",906,906,906,0,0,1.0000,1.0000,0.0000,238352.94788907326,3720.130717439294,242073.0786065125,242073.0786065125,885511.4900,0.001023137486,5952.209147902868,136,5,1,0.25,5
"stress","MQT-Set03-7-127-AllOpt-IBMMapped-Only127-Extra.csv","MCT",4654,4654,0,4654,0,1.0000,0.0000,1.0000,11893509.726605274,30375.575792866333,11923885.302398136,11923885.302398136,24080204.200000003,0.000193270786,48600.921268586266,5773,5,1,0.25,5
"stress","MQT-Set04-7-127-AllOpt-IBMMapped-Extra.csv","MCT",5852,5852,1198,4654,0,1.0000,0.204716336295,0.795283663705,8981710.366762381,23403.605184552147,9005113.971946934,9005113.971946934,22954891.4000,0.000254934772,37445.76829528366,6654,5,1,0.25,5
"stress","MQT-Set01-298-10-27-IBMQ27-Opt3-Extra.csv","MCT",238,238,238,0,0,1.0000,1.0000,0.0000,36276.45023459383,1556.207268907563,37832.657503501396,37832.657503501396,78171.8800,0.003044573061,2489.931630252102,28,5,1,0.5,5
"stress","MQT-Set02-10-27-Mapped-AllAlgorithmLeft-Extra.csv","MCT",906,906,906,0,0,1.0000,1.0000,0.0000,225473.090273179,3704.57912803532,229177.6694012143,229177.6694012143,917436.2100,0.000987534599,5927.32660485651,120,5,1,0.5,5
"stress","MQT-Set03-7-127-AllOpt-IBMMapped-Only127-Extra.csv","MCT",4654,4654,0,4654,0,1.0000,0.0000,1.0000,12693102.971424794,31597.562722389368,12724700.534147184,12724700.534147184,27061660.5700,0.000171977621,50556.10035582299,7677,5,1,0.5,5
"stress","MQT-Set04-7-127-AllOpt-IBMMapped-Extra.csv","MCT",5852,5852,1198,4654,0,1.0000,0.204716336295,0.795283663705,9833246.754976656,24412.550541695022,9857659.30551835,9857659.30551835,25542118.3600,0.000229111772,39060.08086671225,8059,5,1,0.5,5
"stress","MQT-Set01-298-10-27-IBMQ27-Opt3-Extra.csv","FCFS",238,238,238,0,0,1.0000,1.0000,0.0000,124408.3025210084,1164.972521008403,125573.27504201682,125573.27504201682,277263.4600,0.000858389346,1863.956033613446,34,6,1,0.0,1
"stress","MQT-Set01-298-10-27-IBMQ27-Opt3-Extra.csv","LoadAware",238,238,238,0,0,1.0000,1.0000,0.0000,26683.69599089636,1278.346512605042,27962.042503501398,27962.042503501398,98028.8000,0.002427857936,2045.354420168066,33,6,1,0.0,1
"stress","MQT-Set01-298-10-27-IBMQ27-Opt3-Extra.csv","QCLAR",238,238,238,0,0,1.0000,1.0000,0.0000,26920.832100840344,1292.970714285714,28213.80281512606,28213.80281512606,108920.84000000001,0.002185073123,2068.753142857143,40,6,1,0.0,1
"stress","MQT-Set01-298-10-27-IBMQ27-Opt3-Extra.csv","QCLAAR",238,238,238,0,0,1.0000,1.0000,0.0000,26920.832100840344,1292.970714285714,28213.80281512606,28213.80281512606,108920.84000000001,0.002185073123,2068.753142857143,32,6,1,0.0,1
"stress","MQT-Set01-298-10-27-IBMQ27-Opt3-Extra.csv","MCT",238,238,238,0,0,1.0000,1.0000,0.0000,23168.667478991607,1226.715420168067,24395.38289915967,24395.38289915967,61098.1300,0.003895372903,1962.744672268908,27,6,1,0.0,1
"stress","MQT-Set02-10-27-Mapped-AllAlgorithmLeft-Extra.csv","FCFS",906,906,906,0,0,1.0000,1.0000,0.0000,2511174.7101866785,4593.353675496689,2515768.0638621747,2515768.0638621747,4161578.4300,0.000217705857,7349.365880794706,131,6,1,0.0,1
"stress","MQT-Set02-10-27-Mapped-AllAlgorithmLeft-Extra.csv","LoadAware",906,906,906,0,0,1.0000,1.0000,0.0000,522849.7762021314,4958.959304635752,527808.735506767,527808.735506767,1755316.2400,0.00051614631,7934.334887417222,172,6,1,0.0,1
"stress","MQT-Set02-10-27-Mapped-AllAlgorithmLeft-Extra.csv","QCLAR",906,906,906,0,0,1.0000,1.0000,0.0000,511767.3120106699,4804.947836644589,516572.25984731456,516572.25984731456,1579784.7600,0.000573495848,7687.916538631349,125,6,1,0.0,1
"stress","MQT-Set02-10-27-Mapped-AllAlgorithmLeft-Extra.csv","QCLAAR",906,906,906,0,0,1.0000,1.0000,0.0000,511767.3120106699,4804.947836644589,516572.25984731456,516572.25984731456,1579784.7600,0.000573495848,7687.916538631349,128,6,1,0.0,1
"stress","MQT-Set02-10-27-Mapped-AllAlgorithmLeft-Extra.csv","MCT",906,906,906,0,0,1.0000,1.0000,0.0000,357366.793824503,4792.875022075062,362159.6688465781,362159.6688465781,1103141.8600,0.000821290564,7668.60003532009,109,6,1,0.0,1
"stress","MQT-Set03-7-127-AllOpt-IBMMapped-Only127-Extra.csv","FCFS",4654,4654,0,4654,0,1.0000,0.0000,1.0000,221323914.46435317,94160.71155565105,221418075.1759088,221418075.1759088,438223951.58000004,0.000010620141,150657.13848904165,6963,6,1,0.0,1
"stress","MQT-Set03-7-127-AllOpt-IBMMapped-Only127-Extra.csv","LoadAware",4654,4654,0,4654,0,1.0000,0.0000,1.0000,17806779.34549781,45854.22027718087,17852633.56577499,17852633.56577499,79184258.1500,0.000058774308,73366.75244348936,5346,6,1,0.0,1
"stress","MQT-Set03-7-127-AllOpt-IBMMapped-Only127-Extra.csv","QCLAR",4654,4654,0,4654,0,1.0000,0.0000,1.0000,13000063.12007787,25393.666218306775,13025456.78629618,13025456.78629618,36956877.309999995,0.000125930553,40629.865949290914,5437,6,1,0.0,1
"stress","MQT-Set03-7-127-AllOpt-IBMMapped-Only127-Extra.csv","QCLAAR",4654,4654,0,4654,0,1.0000,0.0000,1.0000,12769106.026725903,26861.03266222603,12795967.059388129,12795967.059388129,33826871.599999994,0.000137582927,42977.65225956177,5450,6,1,0.0,1
"stress","MQT-Set03-7-127-AllOpt-IBMMapped-Only127-Extra.csv","MCT",4654,4654,0,4654,0,1.0000,0.0000,1.0000,11721068.908438837,30260.90027288351,11751329.808711722,11751329.808711722,23819464.650000002,0.000195386423,48417.44043661372,5533,6,1,0.0,1
"stress","MQT-Set04-7-127-AllOpt-IBMMapped-Extra.csv","FCFS",5852,5852,1198,4654,0,1.0000,0.204716336295,0.795283663705,166010949.35966265,72407.45274265215,166083356.8124053,166083356.8124053,419891741.1300,0.000013936926,115851.9243882431,5515,6,1,0.0,1
"stress","MQT-Set04-7-127-AllOpt-IBMMapped-Extra.csv","LoadAware",5852,5852,1198,4654,0,1.0000,0.204716336295,0.795283663705,12625052.438494293,32912.81516404645,12657965.253658345,12657965.253658345,56211511.1300,0.00010410679,52660.504262474584,5803,6,1,0.0,1
"stress","MQT-Set04-7-127-AllOpt-IBMMapped-Extra.csv","QCLAR",5852,5852,1198,4654,0,1.0000,0.204716336295,0.795283663705,9696955.983646046,20917.634953861914,9717873.618599908,9717873.618599908,29503594.349999998,0.000198348714,33468.21592617903,5835,6,1,0.0,1
"stress","MQT-Set04-7-127-AllOpt-IBMMapped-Extra.csv","QCLAAR",5852,5852,1198,4654,0,1.0000,0.204716336295,0.795283663705,9608429.414874693,20830.402265891924,9629259.81714059,9629259.81714059,27301988.8400,0.000214343359,33328.643625427176,5582,6,1,0.0,1
"stress","MQT-Set04-7-127-AllOpt-IBMMapped-Extra.csv","MCT",5852,5852,1198,4654,0,1.0000,0.204716336295,0.795283663705,8847262.170958105,23772.95797163346,8871035.12892974,8871035.12892974,22738529.259999998,0.000257360533,38036.73275461384,5934,6,1,0.0,1
"stress","MQT-Set01-298-10-27-IBMQ27-Opt3-Extra.csv","LotterySeeded",238,238,238,0,0,1.0000,1.0000,0.0000,47886.57714694211,1328.189159663865,49214.766306605976,49214.766306605976,117468.6500,0.002026072488,2125.102655462184,31,6,1,0.0,1
"stress","MQT-Set02-10-27-Mapped-AllAlgorithmLeft-Extra.csv","LotterySeeded",906,906,906,0,0,1.0000,1.0000,0.0000,1065304.222304692,5215.785264900665,1070520.0075695927,1070520.0075695927,2870790.1300000004,0.000315592558,8345.256423841065,82,6,1,0.0,1
"stress","MQT-Set03-7-127-AllOpt-IBMMapped-Only127-Extra.csv","LotterySeeded",4654,4654,0,4654,0,1.0000,0.0000,1.0000,12710282.401704146,24981.459980661744,12735263.861684805,12735263.861684805,28108420.880000003,0.000165573158,39970.33596905914,5432,6,1,0.0,1
"stress","MQT-Set04-7-127-AllOpt-IBMMapped-Extra.csv","LotterySeeded",5852,5852,1198,4654,0,1.0000,0.204716336295,0.795283663705,9896250.883467514,18877.280804853086,9915128.164272364,9915128.164272364,27830476.7200,0.000210273078,30203.64928776482,155201,6,1,0.0,1
"stress","MQT-Set01-298-10-27-IBMQ27-Opt3-Extra.csv","LotterySeeded",238,238,238,0,0,1.0000,1.0000,0.0000,46057.12357142858,1312.90424369748,47370.02781512605,47370.02781512605,125423.79000000001,0.001897566642,2100.646789915966,16,6,2,0.0,1
"stress","MQT-Set02-10-27-Mapped-AllAlgorithmLeft-Extra.csv","LotterySeeded",906,906,906,0,0,1.0000,1.0000,0.0000,891418.645541667,5162.881699779249,896581.5272414462,896581.5272414462,1686235.3100,0.00053729156,8260.610719646813,65,6,2,0.0,1
"stress","MQT-Set03-7-127-AllOpt-IBMMapped-Only127-Extra.csv","LotterySeeded",4654,4654,0,4654,0,1.0000,0.0000,1.0000,12761098.896739855,24413.14654705621,12785512.04328691,12785512.04328691,29634520.8800,0.000157046575,39061.03447529019,3319,6,2,0.0,1
"stress","MQT-Set04-7-127-AllOpt-IBMMapped-Extra.csv","LotterySeeded",5852,5852,1198,4654,0,1.0000,0.204716336295,0.795283663705,9834786.455999251,18948.503959330104,9853734.959958581,9853734.959958581,30742124.1100,0.000190357699,30317.606334928285,2954,6,2,0.0,1
"stress","MQT-Set01-298-10-27-IBMQ27-Opt3-Extra.csv","LotterySeeded",238,238,238,0,0,1.0000,1.0000,0.0000,51621.08615546217,1379.68836134454,53000.77451680672,53000.77451680672,162183.4900,0.001467473662,2207.50137815126,9,6,3,0.0,1
"stress","MQT-Set02-10-27-Mapped-AllAlgorithmLeft-Extra.csv","LotterySeeded",906,906,906,0,0,1.0000,1.0000,0.0000,725008.3905678808,4948.725386313461,729957.1159541941,729957.1159541941,1527233.9100,0.000593229363,7917.960618101547,48,6,3,0.0,1
"stress","MQT-Set03-7-127-AllOpt-IBMMapped-Only127-Extra.csv","LotterySeeded",4654,4654,0,4654,0,1.0000,0.0000,1.0000,13151160.870239057,23479.25273098409,13174640.12297004,13174640.12297004,30439153.950000003,0.000152895183,37566.804369574675,3019,6,3,0.0,1
"stress","MQT-Set04-7-127-AllOpt-IBMMapped-Extra.csv","LotterySeeded",5852,5852,1198,4654,0,1.0000,0.204716336295,0.795283663705,9807979.076315358,19480.711732740972,9827459.788048096,9827459.788048096,27545815.569999997,0.00021244606,31169.138772385446,4269,6,3,0.0,1
"stress","MQT-Set01-298-10-27-IBMQ27-Opt3-Extra.csv","LotterySeeded",238,238,238,0,0,1.0000,1.0000,0.0000,44103.299527310926,1339.022857142857,45442.32238445378,45442.32238445378,126718.2400,0.001878182652,2142.436571428571,17,6,4,0.0,1
"stress","MQT-Set02-10-27-Mapped-AllAlgorithmLeft-Extra.csv","LotterySeeded",906,906,906,0,0,1.0000,1.0000,0.0000,869726.4542203826,5012.618101545251,874739.0723219279,874739.0723219279,1578948.5800,0.00057379956,8020.188962472414,72,6,4,0.0,1
"stress","MQT-Set03-7-127-AllOpt-IBMMapped-Only127-Extra.csv","LotterySeeded",4654,4654,0,4654,0,1.0000,0.0000,1.0000,13054620.983270505,23870.1777009024,13078491.160971407,13078491.160971407,29927177.5100,0.000155510823,38192.28432144393,4053,6,4,0.0,1
"stress","MQT-Set04-7-127-AllOpt-IBMMapped-Extra.csv","LotterySeeded",5852,5852,1198,4654,0,1.0000,0.204716336295,0.795283663705,9975318.718072115,18925.062412850304,9994243.780484965,9994243.780484965,29199379.6900,0.000200415216,30280.099860560447,4105,6,4,0.0,1
"stress","MQT-Set01-298-10-27-IBMQ27-Opt3-Extra.csv","LotterySeeded",238,238,238,0,0,1.0000,1.0000,0.0000,48323.894711718036,1321.424663865546,49645.31937558358,49645.31937558358,148854.91999999998,0.001598872244,2114.279462184874,16,6,5,0.0,1
"stress","MQT-Set02-10-27-Mapped-AllAlgorithmLeft-Extra.csv","LotterySeeded",906,906,906,0,0,1.0000,1.0000,0.0000,885468.8450443895,5252.565949227379,890721.410993617,890721.410993617,1940372.6100,0.000466920629,8404.105518763798,66,6,5,0.0,1
"stress","MQT-Set03-7-127-AllOpt-IBMMapped-Only127-Extra.csv","LotterySeeded",4654,4654,0,4654,0,1.0000,0.0000,1.0000,12922397.525803586,23977.941287064838,12946375.46709065,12946375.46709065,29407057.6700,0.000158261328,38364.70605930396,4739,6,5,0.0,1
"stress","MQT-Set04-7-127-AllOpt-IBMMapped-Extra.csv","LotterySeeded",5852,5852,1198,4654,0,1.0000,0.204716336295,0.795283663705,9948042.106733646,18854.865090567233,9966896.971824214,9966896.971824214,29752810.459999997,0.000196687301,30167.784144907655,4769,6,5,0.0,1
"stress","MQT-Set01-298-10-27-IBMQ27-Opt3-Extra.csv","MCT",238,238,238,0,0,1.0000,1.0000,0.0000,23250.160336134457,1231.470672268907,24481.631008403365,24481.631008403365,62204.1600,0.003826110665,1970.353075630253,17,6,1,0.25,6
"stress","MQT-Set02-10-27-Mapped-AllAlgorithmLeft-Extra.csv","MCT",906,906,906,0,0,1.0000,1.0000,0.0000,365960.00266556296,4790.825529801322,370750.82819536416,370750.82819536416,1123579.4000,0.000806351558,7665.320847682118,66,6,1,0.25,6
"stress","MQT-Set03-7-127-AllOpt-IBMMapped-Only127-Extra.csv","MCT",4654,4654,0,4654,0,1.0000,0.0000,1.0000,11932656.135961372,30536.191437473088,11963192.327398848,11963192.327398848,24194987.520000003,0.000192353891,48857.906299957096,4086,6,1,0.25,6
"stress","MQT-Set04-7-127-AllOpt-IBMMapped-Extra.csv","MCT",5852,5852,1198,4654,0,1.0000,0.204716336295,0.795283663705,9222629.39727547,24207.82563909769,9246837.22291457,9246837.22291457,23521871.2700,0.00024878973,38732.52102255636,4024,6,1,0.25,6
"stress","MQT-Set01-298-10-27-IBMQ27-Opt3-Extra.csv","MCT",238,238,238,0,0,1.0000,1.0000,0.0000,23480.587310924362,1240.44987394958,24721.03718487395,24721.03718487395,69829.1700,0.003408317756,1984.719798319327,17,6,1,0.5,6
"stress","MQT-Set02-10-27-Mapped-AllAlgorithmLeft-Extra.csv","MCT",906,906,906,0,0,1.0000,1.0000,0.0000,374889.28286423825,4881.159282560704,379770.4421467988,379770.4421467988,1215778.4500,0.000745201562,7809.854852097127,68,6,1,0.5,6
"stress","MQT-Set03-7-127-AllOpt-IBMMapped-Only127-Extra.csv","MCT",4654,4654,0,4654,0,1.0000,0.0000,1.0000,12883434.007764159,31412.362816931756,12914846.370581092,12914846.370581092,26575687.740000002,0.000175122467,50259.78050709083,3887,6,1,0.5,6
"stress","MQT-Set04-7-127-AllOpt-IBMMapped-Extra.csv","MCT",5852,5852,1198,4654,0,1.0000,0.204716336295,0.795283663705,9919571.899083398,24995.37454887222,9944567.27363227,9944567.27363227,25529879.7200,0.000229221605,39992.59927819542,3845,6,1,0.5,6
"stress","MQT-Set01-298-10-27-IBMQ27-Opt3-Extra.csv","FCFS",238,238,238,0,0,1.0000,1.0000,0.0000,214982.21621848742,1691.853403361345,216674.0696218488,216674.0696218488,402661.1100,0.000591067759,2706.965445378151,19,7,1,0.0,1
"stress","MQT-Set01-298-10-27-IBMQ27-Opt3-Extra.csv","LoadAware",238,238,238,0,0,1.0000,1.0000,0.0000,44545.80315126051,1787.224075630251,46333.02722689076,46333.02722689076,107357.6700,0.002216888649,2859.558521008404,17,7,1,0.0,1
"stress","MQT-Set01-298-10-27-IBMQ27-Opt3-Extra.csv","QCLAR",238,238,238,0,0,1.0000,1.0000,0.0000,44017.83468137256,1780.190336134452,45798.025017507,45798.025017507,109831.3600,0.002166958508,2848.304537815129,13,7,1,0.0,1
"stress","MQT-Set01-298-10-27-IBMQ27-Opt3-Extra.csv","QCLAAR",238,238,238,0,0,1.0000,1.0000,0.0000,44017.83468137256,1780.190336134452,45798.025017507,45798.025017507,109831.3600,0.002166958508,2848.304537815129,16,7,1,0.0,1
"stress","MQT-Set01-298-10-27-IBMQ27-Opt3-Extra.csv","MCT",238,238,238,0,0,1.0000,1.0000,0.0000,37021.05521475257,1781.831722689077,38802.88693744165,38802.88693744165,88217.3800,0.002697881075,2850.930756302519,13,7,1,0.0,1
"stress","MQT-Set02-10-27-Mapped-AllAlgorithmLeft-Extra.csv","FCFS",906,906,906,0,0,1.0000,1.0000,0.0000,2423619.4303963915,4434.928487858719,2428054.3588842503,2428054.3588842503,4018045.2100,0.000225482779,7095.885580573964,36,7,1,0.0,1
"stress","MQT-Set02-10-27-Mapped-AllAlgorithmLeft-Extra.csv","LoadAware",906,906,906,0,0,1.0000,1.0000,0.0000,512467.24897806917,4638.80549668874,517106.0544747579,517106.0544747579,1456501.8200,0.000622038358,7422.08879470199,55,7,1,0.0,1
"stress","MQT-Set02-10-27-Mapped-AllAlgorithmLeft-Extra.csv","QCLAR",906,906,906,0,0,1.0000,1.0000,0.0000,499322.6763189853,4571.830309050775,503894.50662803603,503894.50662803603,1519828.0200,0.000596120079,7314.928494481239,60,7,1,0.0,1
"stress","MQT-Set02-10-27-Mapped-AllAlgorithmLeft-Extra.csv","QCLAAR",906,906,906,0,0,1.0000,1.0000,0.0000,499322.6763189853,4571.830309050775,503894.50662803603,503894.50662803603,1519828.0200,0.000596120079,7314.928494481239,63,7,1,0.0,1
"stress","MQT-Set02-10-27-Mapped-AllAlgorithmLeft-Extra.csv","MCT",906,906,906,0,0,1.0000,1.0000,0.0000,320328.9454917217,4618.317803532006,324947.2632952536,324947.2632952536,1096392.6300,0.000826346306,7389.308485651214,58,7,1,0.0,1
"stress","MQT-Set03-7-127-AllOpt-IBMMapped-Only127-Extra.csv","FCFS",4654,4654,0,4654,0,1.0000,0.0000,1.0000,210532867.56641525,90868.68190588741,210623736.24832112,210623736.24832112,422902845.59000003,0.000011004892,145389.89104942002,3875,7,1,0.0,1
"stress","MQT-Set03-7-127-AllOpt-IBMMapped-Only127-Extra.csv","LoadAware",4654,4654,0,4654,0,1.0000,0.0000,1.0000,16941623.686527643,44426.666927374274,16986050.353455022,16986050.353455022,72878604.2900,0.00006385962,71082.66708379907,4051,7,1,0.0,1
"stress","MQT-Set03-7-127-AllOpt-IBMMapped-Only127-Extra.csv","QCLAR",4654,4654,0,4654,0,1.0000,0.0000,1.0000,12376198.729483869,24549.067039106132,12400747.796522979,12400747.796522979,28370824.1600,0.000164041763,39278.50726256988,3994,7,1,0.0,1
"stress","MQT-Set03-7-127-AllOpt-IBMMapped-Only127-Extra.csv","QCLAAR",4654,4654,0,4654,0,1.0000,0.0000,1.0000,11988353.148100147,26566.621237644962,12014919.76933779,12014919.76933779,26394544.840000004,0.000176324314,42506.593980231926,4017,7,1,0.0,1
"stress","MQT-Set03-7-127-AllOpt-IBMMapped-Only127-Extra.csv","MCT",4654,4654,0,4654,0,1.0000,0.0000,1.0000,11138497.528326064,29261.926942415117,11167759.455268482,11167759.455268482,22883975.3800,0.000203373755,46819.08310786427,4031,7,1,0.0,1
"stress","MQT-Set04-7-127-AllOpt-IBMMapped-Extra.csv","FCFS",5852,5852,1198,4654,0,1.0000,0.204716336295,0.795283663705,164138695.92077348,72712.46423274111,164211408.38500622,164211408.38500622,421177277.6300,0.000013894387,116339.94277238539,4250,7,1,0.0,1
"stress","MQT-Set04-7-127-AllOpt-IBMMapped-Extra.csv","LoadAware",5852,5852,1198,4654,0,1.0000,0.204716336295,0.795283663705,13290132.144290188,35411.88038619262,13325544.024676383,13325544.024676383,60375626.580000006,0.00009692653,56659.008617908294,4020,7,1,0.0,1
"stress","MQT-Set04-7-127-AllOpt-IBMMapped-Extra.csv","QCLAR",5852,5852,1198,4654,0,1.0000,0.204716336295,0.795283663705,9672897.127962923,21303.92326213257,9694201.051225059,9694201.051225059,28863945.8700,0.000202744283,34086.27721941216,4305,7,1,0.0,1
"stress","MQT-Set04-7-127-AllOpt-IBMMapped-Extra.csv","QCLAAR",5852,5852,1198,4654,0,1.0000,0.204716336295,0.795283663705,9469523.653128684,20800.25773923439,9490323.91086792,9490323.91086792,26851888.5100,0.000217936254,33280.412382775045,4295,7,1,0.0,1
"stress","MQT-Set04-7-127-AllOpt-IBMMapped-Extra.csv","MCT",5852,5852,1198,4654,0,1.0000,0.204716336295,0.795283663705,8739508.654281605,23902.00117566638,8763410.655457268,8763410.655457268,22808251.9600,0.000256573805,38243.201881066336,4001,7,1,0.0,1
"stress","MQT-Set01-298-10-27-IBMQ27-Opt3-Extra.csv","LotterySeeded",238,238,238,0,0,1.0000,1.0000,0.0000,74565.8289226343,1915.394033613446,76481.22295624776,76481.22295624776,161195.9400,0.001476463985,3064.630453781514,19,7,1,0.0,1
"stress","MQT-Set02-10-27-Mapped-AllAlgorithmLeft-Extra.csv","LotterySeeded",906,906,906,0,0,1.0000,1.0000,0.0000,1003641.7469358929,5153.545220750557,1008795.2921566436,1008795.2921566436,2330525.1000,0.00038875359,8245.672353200887,62,7,1,0.0,1
"stress","MQT-Set03-7-127-AllOpt-IBMMapped-Only127-Extra.csv","LotterySeeded",4654,4654,0,4654,0,1.0000,0.0000,1.0000,12186281.281848207,24320.442490330886,12210601.724338539,12210601.724338539,28708029.1700,0.000162114925,38912.70798452958,4004,7,1,0.0,1
"stress","MQT-Set04-7-127-AllOpt-IBMMapped-Extra.csv","LotterySeeded",5852,5852,1198,4654,0,1.0000,0.204716336295,0.795283663705,9585398.130799426,20289.480263157813,9605687.611062584,9605687.611062584,27585934.229999997,0.000212137097,32463.168421052498,4038,7,1,0.0,1
"stress","MQT-Set01-298-10-27-IBMQ27-Opt3-Extra.csv","LotterySeeded",238,238,238,0,0,1.0000,1.0000,0.0000,81326.14742296918,1938.180420168067,83264.32784313726,83264.32784313726,215152.5900,0.001106191657,3101.088672268904,22,7,2,0.0,1
"stress","MQT-Set02-10-27-Mapped-AllAlgorithmLeft-Extra.csv","LotterySeeded",906,906,906,0,0,1.0000,1.0000,0.0000,950362.6236873625,4905.44613686534,955268.069824228,955268.069824228,2225901.9200,0.00040702602,7848.713818984557,67,7,2,0.0,1
"stress","MQT-Set03-7-127-AllOpt-IBMMapped-Only127-Extra.csv","LotterySeeded",4654,4654,0,4654,0,1.0000,0.0000,1.0000,12371281.165085243,23060.72781263429,12394341.892897876,12394341.892897876,29284447.9600,0.000158923945,36897.16450021493,4002,7,2,0.0,1
"stress","MQT-Set04-7-127-AllOpt-IBMMapped-Extra.csv","LotterySeeded",5852,5852,1198,4654,0,1.0000,0.204716336295,0.795283663705,9755271.265541106,19230.78563909769,9774502.051180206,9774502.051180206,28960689.9900,0.000202067009,30769.257022556307,4191,7,2,0.0,1
"stress","MQT-Set01-298-10-27-IBMQ27-Opt3-Extra.csv","LotterySeeded",238,238,238,0,0,1.0000,1.0000,0.0000,91785.63588060223,2021.386848739495,93807.02272934173,93807.02272934173,287590.2300,0.000827566361,3234.218957983192,28,7,3,0.0,1
"stress","MQT-Set02-10-27-Mapped-AllAlgorithmLeft-Extra.csv","LotterySeeded",906,906,906,0,0,1.0000,1.0000,0.0000,879170.0648532007,5216.33182119205,884386.3966743927,884386.3966743927,2936246.5500000003,0.000308557195,8346.130913907284,70,7,3,0.0,1
"stress","MQT-Set03-7-127-AllOpt-IBMMapped-Only127-Extra.csv","LotterySeeded",4654,4654,0,4654,0,1.0000,0.0000,1.0000,12004593.513954693,24583.136052857648,12029176.65000755,12029176.65000755,26644078.0400,0.000174672961,39333.01768457253,3979,7,3,0.0,1
"stress","MQT-Set04-7-127-AllOpt-IBMMapped-Extra.csv","LotterySeeded",5852,5852,1198,4654,0,1.0000,0.204716336295,0.795283663705,9797865.591215037,18958.282963089438,9816823.874178128,9816823.874178128,30318742.819999997,0.000193015919,30333.25274094318,4097,7,3,0.0,1
"stress","MQT-Set01-298-10-27-IBMQ27-Opt3-Extra.csv","LotterySeeded",238,238,238,0,0,1.0000,1.0000,0.0000,82410.65409663864,1911.556512605042,84322.21060924369,84322.21060924369,240595.6400,0.000989211608,3058.490420168067,17,7,4,0.0,1
"stress","MQT-Set02-10-27-Mapped-AllAlgorithmLeft-Extra.csv","LotterySeeded",906,906,906,0,0,1.0000,1.0000,0.0000,969792.8518592705,5089.987362030901,974882.8392213011,974882.8392213011,1962618.5500,0.000461628165,8143.979779249446,67,7,4,0.0,1
"stress","MQT-Set03-7-127-AllOpt-IBMMapped-Only127-Extra.csv","LotterySeeded",4654,4654,0,4654,0,1.0000,0.0000,1.0000,12117886.28688012,24343.046293510826,12142229.333173629,12142229.333173629,30536726.040000003,0.000152406646,38948.874069617515,4002,7,4,0.0,1
"stress","MQT-Set04-7-127-AllOpt-IBMMapped-Extra.csv","LotterySeeded",5852,5852,1198,4654,0,1.0000,0.204716336295,0.795283663705,9671266.826646715,19471.113530416937,9690737.940177133,9690737.940177133,29992240.4900,0.000195117134,31153.78164866721,4124,7,4,0.0,1
"stress","MQT-Set01-298-10-27-IBMQ27-Opt3-Extra.csv","LotterySeeded",238,238,238,0,0,1.0000,1.0000,0.0000,83120.86677300776,1894.748277310924,85015.61505031864,85015.61505031864,199723.2400,0.001191649004,3031.597243697481,16,7,5,0.0,1
"stress","MQT-Set02-10-27-Mapped-AllAlgorithmLeft-Extra.csv","LotterySeeded",906,906,906,0,0,1.0000,1.0000,0.0000,946161.4079482185,5024.213245033117,951185.6211932517,951185.6211932517,2756509.3200000003,0.00032867656,8038.741192052988,65,7,5,0.0,1
"stress","MQT-Set03-7-127-AllOpt-IBMMapped-Only127-Extra.csv","LotterySeeded",4654,4654,0,4654,0,1.0000,0.0000,1.0000,12181904.419230185,23663.489967769645,12205567.909197954,12205567.909197954,28598408.1700,0.00016273633,37861.583948431464,3968,7,5,0.0,1
"stress","MQT-Set04-7-127-AllOpt-IBMMapped-Extra.csv","LotterySeeded",5852,5852,1198,4654,0,1.0000,0.204716336295,0.795283663705,9875822.906120509,18551.283309979473,9894374.189430488,9894374.189430488,28737694.8400,0.000203634983,29682.053295967213,4281,7,5,0.0,1
"stress","MQT-Set01-298-10-27-IBMQ27-Opt3-Extra.csv","MCT",238,238,238,0,0,1.0000,1.0000,0.0000,36020.0034920635,1775.685084033613,37795.68857609712,37795.68857609712,90501.6000,0.002629787761,2841.096134453783,11,7,1,0.25,7
"stress","MQT-Set02-10-27-Mapped-AllAlgorithmLeft-Extra.csv","MCT",906,906,906,0,0,1.0000,1.0000,0.0000,327037.66533719643,4642.282472406184,331679.9478096026,331679.9478096026,1031887.7500,0.000878002477,7427.651955849889,75,7,1,0.25,7
"stress","MQT-Set03-7-127-AllOpt-IBMMapped-Only127-Extra.csv","MCT",4654,4654,0,4654,0,1.0000,0.0000,1.0000,11447951.174980544,29639.92516115168,11477591.100141697,11477591.100141697,23450280.080000002,0.000198462448,47423.880257842655,4157,7,1,0.25,7
"stress","MQT-Set04-7-127-AllOpt-IBMMapped-Extra.csv","MCT",5852,5852,1198,4654,0,1.0000,0.204716336295,0.795283663705,9066671.33615961,24420.6446872864,9091091.980846895,9091091.980846895,23730781.139999997,0.000246599552,39073.03149965817,4092,7,1,0.25,7
"stress","MQT-Set01-298-10-27-IBMQ27-Opt3-Extra.csv","MCT",238,238,238,0,0,1.0000,1.0000,0.0000,35250.16286181138,1771.161554621849,37021.32441643322,37021.32441643322,96886.5400,0.002456481571,2833.858487394957,9,7,1,0.5,7
"stress","MQT-Set02-10-27-Mapped-AllAlgorithmLeft-Extra.csv","MCT",906,906,906,0,0,1.0000,1.0000,0.0000,334200.37878035294,4646.317693156735,338846.6964735097,338846.6964735097,1017878.7600,0.00089008636,7434.108309050772,72,7,1,0.5,7
"stress","MQT-Set03-7-127-AllOpt-IBMMapped-Only127-Extra.csv","MCT",4654,4654,0,4654,0,1.0000,0.0000,1.0000,12334558.679645326,30637.595348087474,12365196.274993412,12365196.274993412,26047186.240000002,0.000178675729,49020.15255694031,3979,7,1,0.5,7
"stress","MQT-Set04-7-127-AllOpt-IBMMapped-Extra.csv","MCT",5852,5852,1198,4654,0,1.0000,0.204716336295,0.795283663705,9826150.020648671,25379.295078605504,9851529.315727277,9851529.315727277,26028302.8300,0.000224832177,40606.872125768816,4043,7,1,0.5,7
"stress","MQT-Set01-298-10-27-IBMQ27-Opt3-Extra.csv","FCFS",238,238,238,0,0,1.0000,1.0000,0.0000,218584.2626470588,1629.744159663866,220214.00680672264,220214.00680672264,387879.1100,0.00061359324,2607.590655462185,29,8,1,0.0,1
"stress","MQT-Set01-298-10-27-IBMQ27-Opt3-Extra.csv","LoadAware",238,238,238,0,0,1.0000,1.0000,0.0000,48031.18901960786,1814.828403361344,49846.01742296921,49846.01742296921,164687.5400,0.001445160939,2903.725445378151,16,8,1,0.0,1
"stress","MQT-Set01-298-10-27-IBMQ27-Opt3-Extra.csv","QCLAR",238,238,238,0,0,1.0000,1.0000,0.0000,47142.41348739499,1784.965882352941,48927.37936974793,48927.37936974793,148218.81999999998,0.001605734009,2855.945411764706,16,8,1,0.0,1
"stress","MQT-Set01-298-10-27-IBMQ27-Opt3-Extra.csv","QCLAAR",238,238,238,0,0,1.0000,1.0000,0.0000,47142.41348739499,1784.965882352941,48927.37936974793,48927.37936974793,148218.81999999998,0.001605734009,2855.945411764706,21,8,1,0.0,1
"stress","MQT-Set01-298-10-27-IBMQ27-Opt3-Extra.csv","MCT",238,238,238,0,0,1.0000,1.0000,0.0000,37514.490116713365,1715.324579831933,39229.81469654531,39229.81469654531,84361.4600,0.002821193469,2744.519327731093,16,8,1,0.0,1
"stress","MQT-Set02-10-27-Mapped-AllAlgorithmLeft-Extra.csv","FCFS",906,906,906,0,0,1.0000,1.0000,0.0000,1968181.6094140513,3496.468454746136,1971678.0778687974,1971678.0778687974,3167800.4200,0.000286002866,5594.349527593828,65,8,1,0.0,1
"stress","MQT-Set02-10-27-Mapped-AllAlgorithmLeft-Extra.csv","LoadAware",906,906,906,0,0,1.0000,1.0000,0.0000,440391.6226480468,3911.777969094922,444303.4006171418,444303.4006171418,1182070.2900,0.000766451883,6258.844750551885,63,8,1,0.0,1
"stress","MQT-Set02-10-27-Mapped-AllAlgorithmLeft-Extra.csv","QCLAR",906,906,906,0,0,1.0000,1.0000,0.0000,444389.774754415,3904.110386313472,448293.8851407283,448293.8851407283,1252138.9500,0.00072356187,6246.576618101538,57,8,1,0.0,1
"stress","MQT-Set02-10-27-Mapped-AllAlgorithmLeft-Extra.csv","QCLAAR",906,906,906,0,0,1.0000,1.0000,0.0000,444389.774754415,3904.110386313472,448293.8851407283,448293.8851407283,1252138.9500,0.00072356187,6246.576618101538,67,8,1,0.0,1
"stress","MQT-Set02-10-27-Mapped-AllAlgorithmLeft-Extra.csv","MCT",906,906,906,0,0,1.0000,1.0000,0.0000,260034.26052704177,3636.897969094919,263671.1584961366,263671.1584961366,824791.9800,0.00109845879,5819.036750551879,72,8,1,0.0,1
"stress","MQT-Set03-7-127-AllOpt-IBMMapped-Only127-Extra.csv","FCFS",4654,4654,0,4654,0,1.0000,0.0000,1.0000,209257858.4730316,91494.12292651481,209349352.5959581,209349352.5959581,425813648.1000,0.000010929664,146390.59668242355,4008,8,1,0.0,1
"stress","MQT-Set03-7-127-AllOpt-IBMMapped-Only127-Extra.csv","LoadAware",4654,4654,0,4654,0,1.0000,0.0000,1.0000,16718415.108879862,43580.69984099685,16761995.808720859,16761995.808720859,69894663.6200,0.000066585913,69729.11974559525,4201,8,1,0.0,1
"stress","MQT-Set03-7-127-AllOpt-IBMMapped-Only127-Extra.csv","QCLAR",4654,4654,0,4654,0,1.0000,0.0000,1.0000,12302999.285619328,25192.164157713807,12328191.44977704,12328191.44977704,30135884.8800,0.000154433826,40307.46265234205,3980,8,1,0.0,1
"stress","MQT-Set03-7-127-AllOpt-IBMMapped-Only127-Extra.csv","QCLAAR",4654,4654,0,4654,0,1.0000,0.0000,1.0000,12104201.564048653,25285.101935969018,12129486.665984621,12129486.665984621,29172559.3100,0.000159533483,40456.16309755044,4090,8,1,0.0,1
"stress","MQT-Set03-7-127-AllOpt-IBMMapped-Only127-Extra.csv","MCT",4654,4654,0,4654,0,1.0000,0.0000,1.0000,11089295.28400217,29438.467604211397,11118733.751606379,11118733.751606379,23138414.0300,0.000201137381,47101.548166738416,3955,8,1,0.0,1
"stress","MQT-Set04-7-127-AllOpt-IBMMapped-Extra.csv","FCFS",5852,5852,1198,4654,0,1.0000,0.204716336295,0.795283663705,168325142.3932903,73415.72961038962,168398558.12290072,168398558.12290072,426331615.7600,0.000013726404,117465.16737662311,4085,8,1,0.0,1
"stress","MQT-Set04-7-127-AllOpt-IBMMapped-Extra.csv","LoadAware",5852,5852,1198,4654,0,1.0000,0.204716336295,0.795283663705,14375850.445061708,36659.94528878999,14412510.390350504,14412510.390350504,78163026.0000,0.000074869159,58655.91246206422,3985,8,1,0.0,1
"stress","MQT-Set04-7-127-AllOpt-IBMMapped-Extra.csv","QCLAR",5852,5852,1198,4654,0,1.0000,0.204716336295,0.795283663705,9856869.43449672,20216.019058441558,9877085.453555163,9877085.453555163,34639370.3100,0.000168940715,32345.63049350655,3972,8,1,0.0,1
"stress","MQT-Set04-7-127-AllOpt-IBMMapped-Extra.csv","QCLAAR",5852,5852,1198,4654,0,1.0000,0.204716336295,0.795283663705,9599654.637206899,21524.810839029313,9621179.44804593,9621179.44804593,26834228.1000,0.000218079685,34439.69734244694,4403,8,1,0.0,1
"stress","MQT-Set04-7-127-AllOpt-IBMMapped-Extra.csv","MCT",5852,5852,1198,4654,0,1.0000,0.204716336295,0.795283663705,8960305.431646124,24033.55834415573,8984338.98999028,8984338.98999028,23163069.5800,0.000252643544,38453.693350649344,4223,8,1,0.0,1
"stress","MQT-Set01-298-10-27-IBMQ27-Opt3-Extra.csv","LotterySeeded",238,238,238,0,0,1.0000,1.0000,0.0000,74228.66909364474,1851.421386554623,76080.09048019936,76080.09048019936,180001.9700,0.001322207751,2962.274218487395,22,8,1,0.0,1
"stress","MQT-Set02-10-27-Mapped-AllAlgorithmLeft-Extra.csv","LotterySeeded",906,906,906,0,0,1.0000,1.0000,0.0000,773697.9516977876,3910.510309050767,777608.4620068383,777608.4620068383,1818175.9400,0.000498301611,6256.816494481244,59,8,1,0.0,1
"stress","MQT-Set03-7-127-AllOpt-IBMMapped-Only127-Extra.csv","LotterySeeded",4654,4654,0,4654,0,1.0000,0.0000,1.0000,12393989.34718936,22619.75192092817,12416609.099110292,12416609.099110292,29094227.4600,0.000159963003,36191.6030734852,3957,8,1,0.0,1
"stress","MQT-Set04-7-127-AllOpt-IBMMapped-Extra.csv","LotterySeeded",5852,5852,1198,4654,0,1.0000,0.204716336295,0.795283663705,10049653.055506393,19324.981619958966,10068978.037126351,10068978.037126351,33376328.1900,0.000175333846,30919.970591934445,3983,8,1,0.0,1
"stress","MQT-Set01-298-10-27-IBMQ27-Opt3-Extra.csv","LotterySeeded",238,238,238,0,0,1.0000,1.0000,0.0000,77040.53942927167,1862.408529411766,78902.94795868343,78902.94795868343,186450.53999999998,0.001276477934,2979.853647058821,16,8,2,0.0,1
"stress","MQT-Set02-10-27-Mapped-AllAlgorithmLeft-Extra.csv","LotterySeeded",906,906,906,0,0,1.0000,1.0000,0.0000,726006.2818951437,4065.958388520974,730072.2402836648,730072.2402836648,1829487.3300,0.000495220702,6505.533421633565,67,8,2,0.0,1
"stress","MQT-Set03-7-127-AllOpt-IBMMapped-Only127-Extra.csv","LotterySeeded",4654,4654,0,4654,0,1.0000,0.0000,1.0000,12313008.02759267,23170.83811989677,12336178.86571257,12336178.86571257,27894957.2100,0.000166840191,37073.34099183513,3923,8,2,0.0,1
"stress","MQT-Set04-7-127-AllOpt-IBMMapped-Extra.csv","LotterySeeded",5852,5852,1198,4654,0,1.0000,0.204716336295,0.795283663705,9983150.596357783,19205.151208133935,10002355.747565916,10002355.747565916,32330100.5800,0.000181007788,30728.241933014313,3989,8,2,0.0,1
"stress","MQT-Set01-298-10-27-IBMQ27-Opt3-Extra.csv","LotterySeeded",238,238,238,0,0,1.0000,1.0000,0.0000,75824.97170868341,1836.742605042017,77661.71431372542,77661.71431372542,151798.4000,0.001567868963,2938.788168067227,13,8,3,0.0,1
"stress","MQT-Set02-10-27-Mapped-AllAlgorithmLeft-Extra.csv","LotterySeeded",906,906,906,0,0,1.0000,1.0000,0.0000,711329.2309817878,3885.85040838852,715215.0813901764,715215.0813901764,1709709.9300,0.000529914452,6217.360653421637,58,8,3,0.0,1
"stress","MQT-Set03-7-127-AllOpt-IBMMapped-Only127-Extra.csv","LotterySeeded",4654,4654,0,4654,0,1.0000,0.0000,1.0000,12166543.802235203,24307.806061452455,12190851.60829666,12190851.60829666,28670575.880000003,0.000162326701,38892.48969832417,4736,8,3,0.0,1
"stress","MQT-Set04-7-127-AllOpt-IBMMapped-Extra.csv","LotterySeeded",5852,5852,1198,4654,0,1.0000,0.204716336295,0.795283663705,9890818.839001834,19348.211349965823,9910167.0503518,9910167.0503518,27016690.189999998,0.000216606844,30957.13815994551,5264,8,3,0.0,1
"stress","MQT-Set01-298-10-27-IBMQ27-Opt3-Extra.csv","LotterySeeded",238,238,238,0,0,1.0000,1.0000,0.0000,81348.24401785719,1912.497394957983,83260.74141281516,83260.74141281516,220037.1900,0.001081635336,3059.995831932772,15,8,4,0.0,1
"stress","MQT-Set02-10-27-Mapped-AllAlgorithmLeft-Extra.csv","LotterySeeded",906,906,906,0,0,1.0000,1.0000,0.0000,733044.2038736205,4211.212130242828,737255.4160038633,737255.4160038633,2527432.1100,0.000358466602,6737.939408388531,105,8,4,0.0,1
"stress","MQT-Set03-7-127-AllOpt-IBMMapped-Only127-Extra.csv","LotterySeeded",4654,4654,0,4654,0,1.0000,0.0000,1.0000,12437583.596214226,22868.60617748166,12460452.202391705,12460452.202391705,29207313.0400,0.000159343655,36589.76988397078,5425,8,4,0.0,1
"stress","MQT-Set04-7-127-AllOpt-IBMMapped-Extra.csv","LotterySeeded",5852,5852,1198,4654,0,1.0000,0.204716336295,0.795283663705,10016420.009061811,19367.919297675937,10035787.928359488,10035787.928359488,28506585.7200,0.000205285896,30988.670876281572,5370,8,4,0.0,1
"stress","MQT-Set01-298-10-27-IBMQ27-Opt3-Extra.csv","LotterySeeded",238,238,238,0,0,1.0000,1.0000,0.0000,88888.62509504532,1873.84268907563,90762.46778412095,90762.46778412095,260318.0200,0.000914266327,2998.148302521006,35,8,5,0.0,1
"stress","MQT-Set02-10-27-Mapped-AllAlgorithmLeft-Extra.csv","LotterySeeded",906,906,906,0,0,1.0000,1.0000,0.0000,535711.7770257858,4008.802207505516,539720.5792332912,539720.5792332912,1749242.5300,0.00051793847,6414.083532008832,85,8,5,0.0,1
"stress","MQT-Set03-7-127-AllOpt-IBMMapped-Only127-Extra.csv","LotterySeeded",4654,4654,0,4654,0,1.0000,0.0000,1.0000,12347611.006104397,23564.778184357514,12371175.78428875,12371175.78428875,30559790.4600,0.00015229162,37703.645094972184,5360,8,5,0.0,1
"stress","MQT-Set04-7-127-AllOpt-IBMMapped-Extra.csv","LotterySeeded",5852,5852,1198,4654,0,1.0000,0.204716336295,0.795283663705,9895282.970195906,19442.380992823004,9914725.351188727,9914725.351188727,27119273.7200,0.00021578749,31107.809588516717,5478,8,5,0.0,1
"stress","MQT-Set01-298-10-27-IBMQ27-Opt3-Extra.csv","MCT",238,238,238,0,0,1.0000,1.0000,0.0000,37220.5617086835,1715.930672268908,38936.4923809524,38936.4923809524,84960.4700,0.002801302771,2745.489075630253,21,8,1,0.25,8
"stress","MQT-Set02-10-27-Mapped-AllAlgorithmLeft-Extra.csv","MCT",906,906,906,0,0,1.0000,1.0000,0.0000,250930.188937638,3629.215871964679,254559.4048096026,254559.4048096026,836890.2900,0.001082579175,5806.745395143487,95,8,1,0.25,8
"stress","MQT-Set03-7-127-AllOpt-IBMMapped-Only127-Extra.csv","MCT",4654,4654,0,4654,0,1.0000,0.0000,1.0000,11234307.98341559,29677.095184787224,11263985.078600377,11263985.078600377,23361365.1700,0.00019921781,47483.35229565969,5232,8,1,0.25,8
"stress","MQT-Set04-7-127-AllOpt-IBMMapped-Extra.csv","MCT",5852,5852,1198,4654,0,1.0000,0.204716336295,0.795283663705,9146125.112197135,24184.220300751775,9170309.332497885,9170309.332497885,23443886.0000,0.00024961732,38694.752481202995,5350,8,1,0.25,8
"stress","MQT-Set01-298-10-27-IBMQ27-Opt3-Extra.csv","MCT",238,238,238,0,0,1.0000,1.0000,0.0000,38355.03986461251,1733.53256302521,40088.572427637715,40088.572427637715,91251.65000000001,0.002608172017,2773.652100840337,22,8,1,0.5,8
"stress","MQT-Set02-10-27-Mapped-AllAlgorithmLeft-Extra.csv","MCT",906,906,906,0,0,1.0000,1.0000,0.0000,243307.04329746123,3620.080971302428,246927.12426876364,246927.12426876364,855603.2600,0.001058901996,5792.129554083885,89,8,1,0.5,8
"stress","MQT-Set03-7-127-AllOpt-IBMMapped-Only127-Extra.csv","MCT",4654,4654,0,4654,0,1.0000,0.0000,1.0000,11890849.269608105,30677.314922647154,11921526.584530752,11921526.584530752,25302556.7200,0.000183933982,49083.70387623573,5220,8,1,0.5,8
"stress","MQT-Set04-7-127-AllOpt-IBMMapped-Extra.csv","MCT",5852,5852,1198,4654,0,1.0000,0.204716336295,0.795283663705,9857372.601383805,25067.451196172093,9882440.052579977,9882440.052579977,26030396.5800,0.000224814093,40107.92191387561,5666,8,1,0.5,8
"stress","MQT-Set01-298-10-27-IBMQ27-Opt3-Extra.csv","FCFS",238,238,238,0,0,1.0000,1.0000,0.0000,186382.8626470588,1506.98487394958,187889.84752100837,187889.84752100837,358662.39999999997,0.000663576667,2411.175798319326,19,9,1,0.0,1
"stress","MQT-Set01-298-10-27-IBMQ27-Opt3-Extra.csv","LoadAware",238,238,238,0,0,1.0000,1.0000,0.0000,39389.72681944444,1628.001050420169,41017.727869864626,41017.727869864626,135015.3800,0.001762762139,2604.801680672271,16,9,1,0.0,1
"stress","MQT-Set01-298-10-27-IBMQ27-Opt3-Extra.csv","QCLAR",238,238,238,0,0,1.0000,1.0000,0.0000,38274.65412513701,1584.508445378151,39859.16257051515,39859.16257051515,129389.7500,0.001839403817,2535.213512605042,10,9,1,0.0,1
"stress","MQT-Set01-298-10-27-IBMQ27-Opt3-Extra.csv","QCLAAR",238,238,238,0,0,1.0000,1.0000,0.0000,38274.65412513701,1584.508445378151,39859.16257051515,39859.16257051515,129389.7500,0.001839403817,2535.213512605042,4,9,1,0.0,1
"stress","MQT-Set01-298-10-27-IBMQ27-Opt3-Extra.csv","MCT",238,238,238,0,0,1.0000,1.0000,0.0000,30108.033233446993,1589.359243697479,31697.392477144476,31697.392477144476,77506.4600,0.003070711783,2542.974789915967,18,9,1,0.0,1
"stress","MQT-Set02-10-27-Mapped-AllAlgorithmLeft-Extra.csv","FCFS",906,906,906,0,0,1.0000,1.0000,0.0000,2490667.4872075063,4134.543973509933,2494802.0311810165,2494802.0311810165,3745896.8400,0.000241864642,6615.270357615906,69,9,1,0.0,1
"stress","MQT-Set02-10-27-Mapped-AllAlgorithmLeft-Extra.csv","LoadAware",906,906,906,0,0,1.0000,1.0000,0.0000,566084.2591977554,4703.987649006619,570788.2468467619,570788.2468467619,2434200.8400,0.000372196076,7526.380238410592,84,9,1,0.0,1
"stress","MQT-Set02-10-27-Mapped-AllAlgorithmLeft-Extra.csv","QCLAR",906,906,906,0,0,1.0000,1.0000,0.0000,541614.1703835541,4512.15699779249,546126.3273813465,546126.3273813465,2190780.8600000003,0.000413551176,7219.45119646799,102,9,1,0.0,1
"stress","MQT-Set02-10-27-Mapped-AllAlgorithmLeft-Extra.csv","QCLAAR",906,906,906,0,0,1.0000,1.0000,0.0000,541614.1703835541,4512.15699779249,546126.3273813465,546126.3273813465,2190780.8600000003,0.000413551176,7219.45119646799,91,9,1,0.0,1
"stress","MQT-Set02-10-27-Mapped-AllAlgorithmLeft-Extra.csv","MCT",906,906,906,0,0,1.0000,1.0000,0.0000,357651.34299711825,4334.335198675497,361985.6781957938,361985.6781957938,928276.0100,0.000976002816,6934.936317880793,83,9,1,0.0,1
"stress","MQT-Set03-7-127-AllOpt-IBMMapped-Only127-Extra.csv","FCFS",4654,4654,0,4654,0,1.0000,0.0000,1.0000,215387667.7527012,93043.47786420284,215480711.2305654,215480711.2305654,433024345.9800,0.000010747664,148869.56458272442,5266,9,1,0.0,1
"stress","MQT-Set03-7-127-AllOpt-IBMMapped-Only127-Extra.csv","LoadAware",4654,4654,0,4654,0,1.0000,0.0000,1.0000,16569796.666258428,42811.82148259559,16612608.487741021,16612608.487741021,63143623.70999999,0.000073704988,68498.91437215281,5372,9,1,0.0,1
"stress","MQT-Set03-7-127-AllOpt-IBMMapped-Only127-Extra.csv","QCLAR",4654,4654,0,4654,0,1.0000,0.0000,1.0000,12561953.877892615,26012.464924795848,12587966.342817416,12587966.342817416,30543282.3600,0.000152373931,41619.943879673454,5524,9,1,0.0,1
"stress","MQT-Set03-7-127-AllOpt-IBMMapped-Only127-Extra.csv","QCLAAR",4654,4654,0,4654,0,1.0000,0.0000,1.0000,12355954.664362337,26538.956317146454,12382493.620679483,12382493.620679483,27116985.400000002,0.000171626747,42462.33010743449,5316,9,1,0.0,1
"stress","MQT-Set03-7-127-AllOpt-IBMMapped-Only127-Extra.csv","MCT",4654,4654,0,4654,0,1.0000,0.0000,1.0000,11408292.221226292,29924.42126557801,11438216.64249187,11438216.64249187,23444146.9400,0.000198514367,47879.07402492485,5717,9,1,0.0,1
"stress","MQT-Set04-7-127-AllOpt-IBMMapped-Extra.csv","FCFS",5852,5852,1198,4654,0,1.0000,0.204716336295,0.795283663705,158812455.96520242,70207.48299726595,158882663.4481997,158882663.4481997,406326591.2000,0.000014402208,112331.97279562554,5520,9,1,0.0,1
"stress","MQT-Set04-7-127-AllOpt-IBMMapped-Extra.csv","LoadAware",5852,5852,1198,4654,0,1.0000,0.204716336295,0.795283663705,12972842.005465843,34643.4674948734,13007485.472960716,13007485.472960716,71868758.8200,0.000081426201,55429.547991797604,5527,9,1,0.0,1
"stress","MQT-Set04-7-127-AllOpt-IBMMapped-Extra.csv","QCLAR",5852,5852,1198,4654,0,1.0000,0.204716336295,0.795283663705,9271704.351397559,19790.40587491446,9291494.757272474,9291494.757272474,28233835.549999997,0.00020726904,31664.6493998633,5485,9,1,0.0,1
"stress","MQT-Set04-7-127-AllOpt-IBMMapped-Extra.csv","QCLAAR",5852,5852,1198,4654,0,1.0000,0.204716336295,0.795283663705,9354578.353598496,21410.570107655432,9375988.923706153,9375988.923706153,34105084.4000,0.000171587319,34256.9121722487,5443,9,1,0.0,1
"stress","MQT-Set04-7-127-AllOpt-IBMMapped-Extra.csv","MCT",5852,5852,1198,4654,0,1.0000,0.204716336295,0.795283663705,8468901.179213652,23129.518104921353,8492030.697318573,8492030.697318573,22004884.3700,0.000265940957,37007.228967874216,5566,9,1,0.0,1
"stress","MQT-Set01-298-10-27-IBMQ27-Opt3-Extra.csv","LotterySeeded",238,238,238,0,0,1.0000,1.0000,0.0000,65080.10788332721,1716.131596638655,66796.23947996588,66796.23947996588,148702.2900,0.001600513348,2745.810554621848,21,9,1,0.0,1
"stress","MQT-Set02-10-27-Mapped-AllAlgorithmLeft-Extra.csv","LotterySeeded",906,906,906,0,0,1.0000,1.0000,0.0000,1005855.0412693165,4929.619856512149,1010784.6611258284,1010784.6611258284,2197729.5500000003,0.000412243627,7887.391770419436,97,9,1,0.0,1
"stress","MQT-Set03-7-127-AllOpt-IBMMapped-Only127-Extra.csv","LotterySeeded",4654,4654,0,4654,0,1.0000,0.0000,1.0000,12513678.945786774,24327.113255264212,12538006.059042037,12538006.059042037,29873628.950000003,0.000155789576,38923.381208422914,5096,9,1,0.0,1
"stress","MQT-Set04-7-127-AllOpt-IBMMapped-Extra.csv","LotterySeeded",5852,5852,1198,4654,0,1.0000,0.204716336295,0.795283663705,9352729.14329299,19184.61280416955,9371913.756097162,9371913.756097162,28498712.3300,0.000205342611,30695.380486671285,5641,9,1,0.0,1
"stress","MQT-Set01-298-10-27-IBMQ27-Opt3-Extra.csv","LotterySeeded",238,238,238,0,0,1.0000,1.0000,0.0000,65624.34863737164,1681.492478991597,67305.84111636324,67305.84111636324,150591.09999999998,0.001580438685,2690.387966386555,27,9,2,0.0,1
"stress","MQT-Set02-10-27-Mapped-AllAlgorithmLeft-Extra.csv","LotterySeeded",906,906,906,0,0,1.0000,1.0000,0.0000,1103571.258554084,4910.990110375284,1108482.2486644592,1108482.2486644592,2319736.6300000004,0.000390561579,7857.584176600444,81,9,2,0.0,1
"stress","MQT-Set03-7-127-AllOpt-IBMMapped-Only127-Extra.csv","LotterySeeded",4654,4654,0,4654,0,1.0000,0.0000,1.0000,12471313.218690833,24388.11910184782,12495701.337792683,12495701.337792683,28265105.3700,0.000164655321,39020.99056295653,4803,9,2,0.0,1
"stress","MQT-Set04-7-127-AllOpt-IBMMapped-Extra.csv","LotterySeeded",5852,5852,1198,4654,0,1.0000,0.204716336295,0.795283663705,9575511.86853962,18305.444641148337,9593817.313180769,9593817.313180769,27506066.799999997,0.000212753064,29288.71142583738,5436,9,2,0.0,1
"stress","MQT-Set01-298-10-27-IBMQ27-Opt3-Extra.csv","LotterySeeded",238,238,238,0,0,1.0000,1.0000,0.0000,76042.44173344702,1773.457352941175,77815.8990863882,77815.8990863882,214321.22999999998,0.001110482615,2837.531764705883,17,9,3,0.0,1
"stress","MQT-Set02-10-27-Mapped-AllAlgorithmLeft-Extra.csv","LotterySeeded",906,906,906,0,0,1.0000,1.0000,0.0000,1079973.9520584983,4891.014072847688,1084864.9661313458,1084864.9661313458,2459163.4300,0.00036841797,7825.622516556294,91,9,3,0.0,1
"stress","MQT-Set03-7-127-AllOpt-IBMMapped-Only127-Extra.csv","LotterySeeded",4654,4654,0,4654,0,1.0000,0.0000,1.0000,12611982.959001437,23566.865616673756,12635549.824618109,12635549.824618109,27602999.7100,0.000168604864,37706.984986678144,4995,9,3,0.0,1
"stress","MQT-Set04-7-127-AllOpt-IBMMapped-Extra.csv","LotterySeeded",5852,5852,1198,4654,0,1.0000,0.204716336295,0.795283663705,9406311.299541604,18809.820319548762,9425121.119861154,9425121.119861154,27705504.7000,0.000211221563,30095.71251127824,5445,9,3,0.0,1
"stress","MQT-Set01-298-10-27-IBMQ27-Opt3-Extra.csv","LotterySeeded",238,238,238,0,0,1.0000,1.0000,0.0000,66146.92140056023,1743.024621848739,67889.94602240896,67889.94602240896,181765.6900,0.001309378024,2788.839394957983,20,9,4,0.0,1
"stress","MQT-Set02-10-27-Mapped-AllAlgorithmLeft-Extra.csv","LotterySeeded",906,906,906,0,0,1.0000,1.0000,0.0000,584713.0755596946,4347.647428256068,589060.7229879505,589060.7229879505,1937699.7100,0.000467564708,6956.235885209713,89,9,4,0.0,1
"stress","MQT-Set03-7-127-AllOpt-IBMMapped-Only127-Extra.csv","LotterySeeded",4654,4654,0,4654,0,1.0000,0.0000,1.0000,12794030.66152422,23218.48020842281,12817249.141732644,12817249.141732644,32044898.4200,0.000145233726,37149.56833347657,4940,9,4,0.0,1
"stress","MQT-Set04-7-127-AllOpt-IBMMapped-Extra.csv","LotterySeeded",5852,5852,1198,4654,0,1.0000,0.204716336295,0.795283663705,9478769.905528063,19188.776382433363,9497958.681910502,9497958.681910502,27907663.7400,0.000209691505,30702.042211893495,5011,9,4,0.0,1
"stress","MQT-Set01-298-10-27-IBMQ27-Opt3-Extra.csv","LotterySeeded",238,238,238,0,0,1.0000,1.0000,0.0000,75996.87790842066,1724.777773109244,77721.65568152987,77721.65568152987,194990.2400,0.001220573912,2759.64443697479,19,9,5,0.0,1
"stress","MQT-Set02-10-27-Mapped-AllAlgorithmLeft-Extra.csv","LotterySeeded",906,906,906,0,0,1.0000,1.0000,0.0000,762808.5234809611,4645.054812362039,767453.5782933229,767453.5782933229,1515137.1500,0.000597965669,7432.087699779256,86,9,5,0.0,1
"stress","MQT-Set03-7-127-AllOpt-IBMMapped-Only127-Extra.csv","LotterySeeded",4654,4654,0,4654,0,1.0000,0.0000,1.0000,12752730.114209497,23553.62279544476,12776283.737004943,12776283.737004943,30518829.930000003,0.000152496017,37685.796472711656,5135,9,5,0.0,1
"stress","MQT-Set04-7-127-AllOpt-IBMMapped-Extra.csv","LotterySeeded",5852,5852,1198,4654,0,1.0000,0.204716336295,0.795283663705,9211152.949101748,19317.403421052517,9230470.3525228,9230470.3525228,27694871.119999997,0.000211302662,30907.845473684163,5434,9,5,0.0,1
"stress","MQT-Set01-298-10-27-IBMQ27-Opt3-Extra.csv","MCT",238,238,238,0,0,1.0000,1.0000,0.0000,30075.669367900773,1595.130420168068,31670.79978806884,31670.79978806884,83320.4500,0.002856441606,2552.208672268907,24,9,1,0.25,9
"stress","MQT-Set02-10-27-Mapped-AllAlgorithmLeft-Extra.csv","MCT",906,906,906,0,0,1.0000,1.0000,0.0000,359007.8633503187,4335.820838852092,363343.6841891709,363343.6841891709,952072.7400,0.000951607962,6937.313342163357,100,9,1,0.25,9
"stress","MQT-Set03-7-127-AllOpt-IBMMapped-Only127-Extra.csv","MCT",4654,4654,0,4654,0,1.0000,0.0000,1.0000,11453260.654230628,30189.775934679874,11483450.430165311,11483450.430165311,23826285.4800,0.000195330489,48303.64149548786,5637,9,1,0.25,9
"stress","MQT-Set04-7-127-AllOpt-IBMMapped-Extra.csv","MCT",5852,5852,1198,4654,0,1.0000,0.204716336295,0.795283663705,8592801.297624452,23354.124731715598,8616155.422356166,8616155.422356166,22647580.4500,0.000258394048,37366.59957074504,5732,9,1,0.25,9
"stress","MQT-Set01-298-10-27-IBMQ27-Opt3-Extra.csv","MCT",238,238,238,0,0,1.0000,1.0000,0.0000,29410.523527564652,1589.58768907563,31000.111216640285,31000.111216640285,80942.9700,0.002940341823,2543.340302521008,21,9,1,0.5,9
"stress","MQT-Set02-10-27-Mapped-AllAlgorithmLeft-Extra.csv","MCT",906,906,906,0,0,1.0000,1.0000,0.0000,357333.14550263685,4308.90326710817,361642.048769745,361642.048769745,1036464.2300,0.00087412568,6894.245227373071,95,9,1,0.5,9
"stress","MQT-Set03-7-127-AllOpt-IBMMapped-Only127-Extra.csv","MCT",4654,4654,0,4654,0,1.0000,0.0000,1.0000,11976134.475691726,31066.525474860347,12007201.001166584,12007201.001166584,25803439.150000002,0.000180363554,49706.440759776706,5603,9,1,0.5,9
"stress","MQT-Set04-7-127-AllOpt-IBMMapped-Extra.csv","MCT",5852,5852,1198,4654,0,1.0000,0.204716336295,0.795283663705,9003772.639109224,24107.125189678634,9027879.764298905,9027879.764298905,24103191.8600,0.000242789421,38571.40030348601,5473,9,1,0.5,9
"stress","MQT-Set01-298-10-27-IBMQ27-Opt3-Extra.csv","FCFS",238,238,238,0,0,1.0000,1.0000,0.0000,211882.81117647054,1493.937100840336,213376.74827731086,213376.74827731086,355557.02999999997,0.000669372224,2390.299361344538,22,10,1,0.0,1
"stress","MQT-Set01-298-10-27-IBMQ27-Opt3-Extra.csv","LoadAware",238,238,238,0,0,1.0000,1.0000,0.0000,43205.70300770305,1556.724495798319,44762.42750350137,44762.42750350137,98890.2700,0.00240670796,2490.759193277312,19,10,1,0.0,1
"stress","MQT-Set01-298-10-27-IBMQ27-Opt3-Extra.csv","QCLAR",238,238,238,0,0,1.0000,1.0000,0.0000,42641.34196078432,1540.21294117647,44181.55490196079,44181.55490196079,98890.2700,0.00240670796,2464.340705882354,34,10,1,0.0,1
"stress","MQT-Set01-298-10-27-IBMQ27-Opt3-Extra.csv","QCLAAR",238,238,238,0,0,1.0000,1.0000,0.0000,42641.34196078432,1540.21294117647,44181.55490196079,44181.55490196079,98890.2700,0.00240670796,2464.340705882354,20,10,1,0.0,1
"stress","MQT-Set01-298-10-27-IBMQ27-Opt3-Extra.csv","MCT",238,238,238,0,0,1.0000,1.0000,0.0000,34827.22347805789,1573.781470588236,36401.00494864612,36401.00494864612,76659.9200,0.003104621033,2518.050352941175,20,10,1,0.0,1
"stress","MQT-Set02-10-27-Mapped-AllAlgorithmLeft-Extra.csv","FCFS",906,906,906,0,0,1.0000,1.0000,0.0000,2032617.5972617315,3974.981975717439,2036592.579237449,2036592.579237449,3601333.6700,0.000251573468,6359.971161147917,77,10,1,0.0,1
"stress","MQT-Set02-10-27-Mapped-AllAlgorithmLeft-Extra.csv","LoadAware",906,906,906,0,0,1.0000,1.0000,0.0000,431699.43567232945,4235.211986754966,435934.64765908435,435934.64765908435,1239713.8800,0.000730813791,6776.339178807948,90,10,1,0.0,1
"stress","MQT-Set02-10-27-Mapped-AllAlgorithmLeft-Extra.csv","QCLAR",906,906,906,0,0,1.0000,1.0000,0.0000,416274.83427428274,4110.521280353201,420385.35555463587,420385.35555463587,1188059.0900,0.000762588332,6576.834048565125,105,10,1,0.0,1
"stress","MQT-Set02-10-27-Mapped-AllAlgorithmLeft-Extra.csv","QCLAAR",906,906,906,0,0,1.0000,1.0000,0.0000,416274.83427428274,4110.521280353201,420385.35555463587,420385.35555463587,1188059.0900,0.000762588332,6576.834048565125,81,10,1,0.0,1
"stress","MQT-Set02-10-27-Mapped-AllAlgorithmLeft-Extra.csv","MCT",906,906,906,0,0,1.0000,1.0000,0.0000,259601.22544426032,4113.516302428254,263714.7417466886,263714.7417466886,965003.4600,0.000938856737,6581.626083885209,75,10,1,0.0,1
"stress","MQT-Set03-7-127-AllOpt-IBMMapped-Only127-Extra.csv","FCFS",4654,4654,0,4654,0,1.0000,0.0000,1.0000,211093946.89913628,88288.72480876665,211182235.62394503,211182235.62394503,410895725.2600,0.000011326475,141261.95969402674,5333,10,1,0.0,1
"stress","MQT-Set03-7-127-AllOpt-IBMMapped-Only127-Extra.csv","LoadAware",4654,4654,0,4654,0,1.0000,0.0000,1.0000,16630800.730650472,42284.844791577016,16673085.575442046,16673085.575442046,70829081.5600,0.000065707474,67655.7516665233,5128,10,1,0.0,1
"stress","MQT-Set03-7-127-AllOpt-IBMMapped-Only127-Extra.csv","QCLAR",4654,4654,0,4654,0,1.0000,0.0000,1.0000,12192136.807233177,23950.639194241474,12216087.446427422,12216087.446427422,25694274.4400,0.000181129847,38321.02271078642,5223,10,1,0.0,1
"stress","MQT-Set03-7-127-AllOpt-IBMMapped-Only127-Extra.csv","QCLAAR",4654,4654,0,4654,0,1.0000,0.0000,1.0000,12099171.404560175,24515.79827889983,12123687.202839073,12123687.202839073,30640850.080000002,0.000151888736,39225.27724623983,4027,10,1,0.0,1
"stress","MQT-Set03-7-127-AllOpt-IBMMapped-Only127-Extra.csv","MCT",4654,4654,0,4654,0,1.0000,0.0000,1.0000,11185354.399704738,28467.343886978946,11213821.743591718,11213821.743591718,22136329.0000,0.000210242629,45547.75021916643,4142,10,1,0.0,1
"stress","MQT-Set04-7-127-AllOpt-IBMMapped-Extra.csv","FCFS",5852,5852,1198,4654,0,1.0000,0.204716336295,0.795283663705,166059179.71666908,72672.18467703363,166131851.90134615,166131851.90134615,421151058.3200,0.000013895252,116275.4954832531,4096,10,1,0.0,1
"stress","MQT-Set04-7-127-AllOpt-IBMMapped-Extra.csv","LoadAware",5852,5852,1198,4654,0,1.0000,0.204716336295,0.795283663705,12902525.38867099,34374.56040669844,12936899.949077696,12936899.949077696,79010388.3300,0.00007406621,54999.2966507176,4339,10,1,0.0,1
"stress","MQT-Set04-7-127-AllOpt-IBMMapped-Extra.csv","QCLAR",5852,5852,1198,4654,0,1.0000,0.204716336295,0.795283663705,9727549.599080198,20316.149294258295,9747865.748374457,9747865.748374457,27379670.2200,0.000213735226,32505.838870813477,4041,10,1,0.0,1
"stress","MQT-Set04-7-127-AllOpt-IBMMapped-Extra.csv","QCLAAR",5852,5852,1198,4654,0,1.0000,0.204716336295,0.795283663705,9603739.602024507,20561.427423103156,9624301.029447608,9624301.029447608,31989544.4900,0.000182934771,32898.283876965106,4015,10,1,0.0,1
"stress","MQT-Set04-7-127-AllOpt-IBMMapped-Extra.csv","MCT",5852,5852,1198,4654,0,1.0000,0.204716336295,0.795283663705,8835708.931280768,23887.47710526312,8859596.40838603,8859596.40838603,22815079.3300,0.000256497026,38219.96336842102,4018,10,1,0.0,1
"stress","MQT-Set01-298-10-27-IBMQ27-Opt3-Extra.csv","LotterySeeded",238,238,238,0,0,1.0000,1.0000,0.0000,88504.60555311978,1788.580252100839,90293.18580522062,90293.18580522062,225481.4100,0.001055519388,2861.728403361343,16,10,1,0.0,1
"stress","MQT-Set02-10-27-Mapped-AllAlgorithmLeft-Extra.csv","LotterySeeded",906,906,906,0,0,1.0000,1.0000,0.0000,707548.596488074,4516.961677704189,712065.5581657783,712065.5581657783,1529479.6900,0.000592358307,7227.138684326715,58,10,1,0.0,1
"stress","MQT-Set03-7-127-AllOpt-IBMMapped-Only127-Extra.csv","LotterySeeded",4654,4654,0,4654,0,1.0000,0.0000,1.0000,12479099.915093193,21996.341323592518,12501096.256416785,12501096.256416785,28772824.4800,0.000161749848,35194.14611774817,4159,10,1,0.0,1
"stress","MQT-Set04-7-127-AllOpt-IBMMapped-Extra.csv","LotterySeeded",5852,5852,1198,4654,0,1.0000,0.204716336295,0.795283663705,9714314.00284706,20056.47983766234,9734370.482684718,9734370.482684718,27246766.7000,0.000214777778,32090.36774025975,4061,10,1,0.0,1
"stress","MQT-Set01-298-10-27-IBMQ27-Opt3-Extra.csv","LotterySeeded",238,238,238,0,0,1.0000,1.0000,0.0000,79738.31414565824,1703.717184873949,81442.0313305322,81442.0313305322,182700.2400,0.001302680281,2725.94749579832,15,10,2,0.0,1
"stress","MQT-Set02-10-27-Mapped-AllAlgorithmLeft-Extra.csv","LotterySeeded",906,906,906,0,0,1.0000,1.0000,0.0000,937784.6940759756,4522.786788079468,942307.480864055,942307.480864055,2550972.2300000004,0.000355158707,7236.45886092716,57,10,2,0.0,1
"stress","MQT-Set03-7-127-AllOpt-IBMMapped-Only127-Extra.csv","LotterySeeded",4654,4654,0,4654,0,1.0000,0.0000,1.0000,12198428.378601149,23074.12753760195,12221502.506138753,12221502.506138753,26086395.9400,0.000178407167,36918.604060163314,4019,10,2,0.0,1
"stress","MQT-Set04-7-127-AllOpt-IBMMapped-Extra.csv","LotterySeeded",5852,5852,1198,4654,0,1.0000,0.204716336295,0.795283663705,10004277.812767068,18213.627120642497,10022491.439887712,10022491.439887712,29207567.8300,0.000200359031,29141.80339302799,4129,10,2,0.0,1
"stress","MQT-Set01-298-10-27-IBMQ27-Opt3-Extra.csv","LotterySeeded",238,238,238,0,0,1.0000,1.0000,0.0000,81568.22941176471,1693.496512605042,83261.72592436975,83261.72592436975,197552.03999999998,0.001204745848,2709.594420168068,12,10,3,0.0,1
"stress","MQT-Set02-10-27-Mapped-AllAlgorithmLeft-Extra.csv","LotterySeeded",906,906,906,0,0,1.0000,1.0000,0.0000,865589.1460038626,4695.599050772626,870284.7450546352,870284.7450546352,2306452.7800000003,0.00039281099,7512.958481236206,69,10,3,0.0,1
"stress","MQT-Set03-7-127-AllOpt-IBMMapped-Only127-Extra.csv","LotterySeeded",4654,4654,0,4654,0,1.0000,0.0000,1.0000,12355053.653049033,22656.043474430553,12377709.696523463,12377709.696523463,26995005.3200,0.000172402263,36249.66955908902,4055,10,3,0.0,1
"stress","MQT-Set04-7-127-AllOpt-IBMMapped-Extra.csv","LotterySeeded",5852,5852,1198,4654,0,1.0000,0.204716336295,0.795283663705,9972807.381280271,19199.085560492098,9992006.466840763,9992006.466840763,29010071.919999998,0.000201723044,30718.536896787427,3995,10,3,0.0,1
"stress","MQT-Set01-298-10-27-IBMQ27-Opt3-Extra.csv","LotterySeeded",238,238,238,0,0,1.0000,1.0000,0.0000,80795.60771533614,1675.512563025211,82471.12027836136,82471.12027836136,187360.8800,0.001270275844,2680.820100840336,19,10,4,0.0,1
"stress","MQT-Set02-10-27-Mapped-AllAlgorithmLeft-Extra.csv","LotterySeeded",906,906,906,0,0,1.0000,1.0000,0.0000,704472.8586386117,4627.681456953645,709100.5400955654,709100.5400955654,2317609.1600,0.000390920098,7404.29033112583,66,10,4,0.0,1
"stress","MQT-Set03-7-127-AllOpt-IBMMapped-Only127-Extra.csv","LotterySeeded",4654,4654,0,4654,0,1.0000,0.0000,1.0000,12339078.508300433,22764.405799312488,12361842.91409975,12361842.91409975,26084995.470000003,0.000178416746,36423.04927889996,3971,10,4,0.0,1
"stress","MQT-Set04-7-127-AllOpt-IBMMapped-Extra.csv","LotterySeeded",5852,5852,1198,4654,0,1.0000,0.204716336295,0.795283663705,9906526.579251375,19143.26687457277,9925669.846125945,9925669.846125945,28938700.1800,0.000202220555,30629.226999316612,4146,10,4,0.0,1
"stress","MQT-Set01-298-10-27-IBMQ27-Opt3-Extra.csv","LotterySeeded",238,238,238,0,0,1.0000,1.0000,0.0000,58092.94943967439,1666.581680672269,59759.531120346655,59759.531120346655,131753.9400,0.001806397592,2666.530689075631,20,10,5,0.0,1
"stress","MQT-Set02-10-27-Mapped-AllAlgorithmLeft-Extra.csv","LotterySeeded",906,906,906,0,0,1.0000,1.0000,0.0000,806061.1479722537,4767.241512141272,810828.389484395,810828.389484395,2317355.1700000004,0.000390962944,7627.586419426052,62,10,5,0.0,1
"stress","MQT-Set03-7-127-AllOpt-IBMMapped-Only127-Extra.csv","LotterySeeded",4654,4654,0,4654,0,1.0000,0.0000,1.0000,12230448.788816696,23625.565023635532,12254074.35384033,12254074.35384033,26577402.040000003,0.000175111171,37800.90403781709,4011,10,5,0.0,1
"stress","MQT-Set04-7-127-AllOpt-IBMMapped-Extra.csv","LotterySeeded",5852,5852,1198,4654,0,1.0000,0.204716336295,0.795283663705,9961379.58797986,18648.92711209839,9980028.515091961,9980028.515091961,32293789.599999998,0.000181211313,29838.283379357534,3993,10,5,0.0,1
"stress","MQT-Set01-298-10-27-IBMQ27-Opt3-Extra.csv","MCT",238,238,238,0,0,1.0000,1.0000,0.0000,35921.77297385623,1570.054789915967,37491.827763772184,37491.827763772184,80196.9400,0.002967694279,2512.087663865546,15,10,1,0.25,10
"stress","MQT-Set02-10-27-Mapped-AllAlgorithmLeft-Extra.csv","MCT",906,906,906,0,0,1.0000,1.0000,0.0000,251193.3174310154,4106.147825607062,255299.46525662247,255299.46525662247,975067.9700,0.000929165994,6569.836520971305,57,10,1,0.25,10
"stress","MQT-Set03-7-127-AllOpt-IBMMapped-Only127-Extra.csv","MCT",4654,4654,0,4654,0,1.0000,0.0000,1.0000,11327711.30334074,28699.83865706917,11356411.141997807,11356411.141997807,22769766.4600,0.00020439384,45919.74185131071,3963,10,1,0.25,10
"stress","MQT-Set04-7-127-AllOpt-IBMMapped-Extra.csv","MCT",5852,5852,1198,4654,0,1.0000,0.204716336295,0.795283663705,8882621.890552843,24018.330927887917,8906640.221480735,8906640.221480735,23449835.3100,0.000249553991,38429.329484620735,4086,10,1,0.25,10
"stress","MQT-Set01-298-10-27-IBMQ27-Opt3-Extra.csv","MCT",238,238,238,0,0,1.0000,1.0000,0.0000,37653.54461251167,1584.187731092437,39237.7323436041,39237.7323436041,85155.6200,0.002794883062,2534.7003697479,17,10,1,0.5,10
"stress","MQT-Set02-10-27-Mapped-AllAlgorithmLeft-Extra.csv","MCT",906,906,906,0,0,1.0000,1.0000,0.0000,253837.75824779228,4105.428620309049,257943.1868681013,257943.1868681013,983117.7000,0.000921558019,6568.685792494482,65,10,1,0.5,10
"stress","MQT-Set03-7-127-AllOpt-IBMMapped-Only127-Extra.csv","MCT",4654,4654,0,4654,0,1.0000,0.0000,1.0000,11779104.470581792,29282.014372582755,11808386.484954374,11808386.484954374,23976772.4200,0.000194104524,46851.22299613246,4033,10,1,0.5,10
"stress","MQT-Set04-7-127-AllOpt-IBMMapped-Extra.csv","MCT",5852,5852,1198,4654,0,1.0000,0.204716336295,0.795283663705,9293727.22244131,24602.591539644534,9318329.813980956,9318329.813980956,24563832.2400,0.000238236442,39364.146463431185,4183,10,1,0.5,10
