scenario,dataset,algorithm,total_submitted,total_completed,edge_completed,cloud_completed,total_incomplete,completion_ratio,edge_execution_ratio,cloud_execution_ratio,avg_waiting_time,avg_execution_time,avg_turnaround_time,avg_wall_clock_time,makespan,throughput,avg_cost,runner_wall_clock_ms,instance,lottery_seed,mct_sigma,mct_seed
"no_stress","MQT-Set01-298-10-27-IBMQ27-Opt3-Extra.csv","FCFS",238,238,238,0,0,1.0000,1.0000,0.0000,79060.93172268903,660.333235294118,79721.26495798313,79721.26495798313,157159.3100,0.001514386898,1056.533176470588,85,11,1,0.0,1
"no_stress","MQT-Set01-298-10-27-IBMQ27-Opt3-Extra.csv","LoadAware",238,238,238,0,0,1.0000,1.0000,0.0000,16346.81655112045,701.581974789916,17048.398525910365,17048.398525910365,40534.1900,0.005871586431,1122.531159663865,35,11,1,0.0,1
"no_stress","MQT-Set01-298-10-27-IBMQ27-Opt3-Extra.csv","QCLAR",238,238,238,0,0,1.0000,1.0000,0.0000,16399.164478139082,699.726218487395,17098.890696626477,17098.890696626477,38845.2800,0.006126870498,1119.561949579832,32,11,1,0.0,1
"no_stress","MQT-Set01-298-10-27-IBMQ27-Opt3-Extra.csv","QCLAAR",238,238,238,0,0,1.0000,1.0000,0.0000,16399.164478139082,699.726218487395,17098.890696626477,17098.890696626477,38845.2800,0.006126870498,1119.561949579832,27,11,1,0.0,1
"no_stress","MQT-Set01-298-10-27-IBMQ27-Opt3-Extra.csv","MCT",238,238,238,0,0,1.0000,1.0000,0.0000,15660.686314040107,696.18256302521,16356.868877065317,16356.868877065317,34008.369999999995,0.006998277189,1113.892100840337,9,11,1,0.0,1
"no_stress","MQT-Set02-10-27-Mapped-AllAlgorithmLeft-Extra.csv","FCFS",906,906,906,0,0,1.0000,1.0000,0.0000,705482.948043958,1513.2800,706996.2280439581,706996.2280439581,1371031.6800,0.00066081624,2421.247999999999,67,11,1,0.0,1
"no_stress","MQT-Set02-10-27-Mapped-AllAlgorithmLeft-Extra.csv","LoadAware",906,906,906,0,0,1.0000,1.0000,0.0000,152262.03586772562,1627.705640176599,153889.74150790222,153889.74150790222,465733.7400,0.001945317511,2604.329024282561,63,11,1,0.0,1
"no_stress","MQT-Set02-10-27-Mapped-AllAlgorithmLeft-Extra.csv","QCLAR",906,906,906,0,0,1.0000,1.0000,0.0000,150684.74309740603,1604.560187637969,152289.30328504404,152289.30328504404,419160.4900,0.002161463262,2567.296300220752,60,11,1,0.0,1
"no_stress","MQT-Set02-10-27-Mapped-AllAlgorithmLeft-Extra.csv","QCLAAR",906,906,906,0,0,1.0000,1.0000,0.0000,150684.74309740603,1604.560187637969,152289.30328504404,152289.30328504404,419160.4900,0.002161463262,2567.296300220752,57,11,1,0.0,1
"no_stress","MQT-Set02-10-27-Mapped-AllAlgorithmLeft-Extra.csv","MCT",906,906,906,0,0,1.0000,1.0000,0.0000,132022.96417908403,1591.681964679912,133614.64614376397,133614.64614376397,321695.2300,0.002816330227,2546.691143487858,70,11,1,0.0,1
"no_stress","MQT-Set03-7-127-AllOpt-IBMMapped-Only127-Extra.csv","FCFS",4654,4654,0,4654,0,1.0000,0.0000,1.0000,97746222.28516741,41906.25765577998,97788128.5428232,97788128.5428232,195031723.1300,0.000023862785,67050.01224924838,2920,11,1,0.0,1
"no_stress","MQT-Set03-7-127-AllOpt-IBMMapped-Only127-Extra.csv","LoadAware",4654,4654,0,4654,0,1.0000,0.0000,1.0000,7724605.224037589,19685.016110872322,7744290.240148461,7744290.240148461,30379358.4400,0.000153196125,31496.025777395735,2880,11,1,0.0,1
"no_stress","MQT-Set03-7-127-AllOpt-IBMMapped-Only127-Extra.csv","QCLAR",4654,4654,0,4654,0,1.0000,0.0000,1.0000,5698475.972870554,11443.707576278477,5709919.680446833,5709919.680446833,13288771.6000,0.000350220482,18309.932122045535,2807,11,1,0.0,1
"no_stress","MQT-Set03-7-127-AllOpt-IBMMapped-Only127-Extra.csv","QCLAAR",4654,4654,0,4654,0,1.0000,0.0000,1.0000,5628459.650468302,11801.957917920037,5640261.608386222,5640261.608386222,12181244.6000,0.000382062766,18883.132668672137,2843,11,1,0.0,1
"no_stress","MQT-Set03-7-127-AllOpt-IBMMapped-Only127-Extra.csv","MCT",4654,4654,0,4654,0,1.0000,0.0000,1.0000,5226727.704681701,13505.60881607218,5240233.313497772,5240233.313497772,10538011.4600,0.0004416393,21608.974105715508,2840,11,1,0.0,1
"no_stress","MQT-Set04-7-127-AllOpt-IBMMapped-Extra.csv","FCFS",5852,5852,1198,4654,0,1.0000,0.204716336295,0.795283663705,80165600.95867582,34441.369372863934,80200042.32804868,80200042.32804868,198898664.29000002,0.000029422018,55106.19099658238,2900,11,1,0.0,1
"no_stress","MQT-Set04-7-127-AllOpt-IBMMapped-Extra.csv","LoadAware",5852,5852,1198,4654,0,1.0000,0.204716336295,0.795283663705,6462259.20351648,16843.354178058766,6479102.55769454,6479102.55769454,33333403.8500,0.000175559629,26949.366684894056,2844,11,1,0.0,1
"no_stress","MQT-Set04-7-127-AllOpt-IBMMapped-Extra.csv","QCLAR",5852,5852,1198,4654,0,1.0000,0.204716336295,0.795283663705,4720830.618427602,9777.941736158531,4730608.560163761,4730608.560163761,13389429.0100,0.000437061207,15644.706777853733,2907,11,1,0.0,1
"no_stress","MQT-Set04-7-127-AllOpt-IBMMapped-Extra.csv","QCLAAR",5852,5852,1198,4654,0,1.0000,0.204716336295,0.795283663705,4668798.466079695,10025.305054682134,4678823.771134377,4678823.771134377,13531600.8900,0.000432469155,16040.488087491367,2986,11,1,0.0,1
"no_stress","MQT-Set04-7-127-AllOpt-IBMMapped-Extra.csv","MCT",5852,5852,1198,4654,0,1.0000,0.204716336295,0.795283663705,4334271.083482057,11438.70059808616,4345709.784080143,4345709.784080143,10716413.1000,0.00054607824,18301.920956937844,2884,11,1,0.0,1
"no_stress","MQT-Set01-298-10-27-IBMQ27-Opt3-Extra.csv","LotterySeeded",238,238,238,0,0,1.0000,1.0000,0.0000,31390.608782578256,772.223403361345,32162.8321859396,32162.8321859396,83690.9200,0.002843797153,1235.557445378151,19,11,1,0.0,1
"no_stress","MQT-Set02-10-27-Mapped-AllAlgorithmLeft-Extra.csv","LotterySeeded",906,906,906,0,0,1.0000,1.0000,0.0000,278470.90029886656,1742.723774834435,280213.6240737009,280213.6240737009,885880.1700,0.001022711683,2788.358039735099,52,11,1,0.0,1
"no_stress","MQT-Set03-7-127-AllOpt-IBMMapped-Only127-Extra.csv","LotterySeeded",4654,4654,0,4654,0,1.0000,0.0000,1.0000,5717432.809613696,10736.348259561657,5728169.157873259,5728169.157873259,13476243.7100,0.000345348459,17178.157215298732,2832,11,1,0.0,1
"no_stress","MQT-Set04-7-127-AllOpt-IBMMapped-Extra.csv","LotterySeeded",5852,5852,1198,4654,0,1.0000,0.204716336295,0.795283663705,4828766.301116101,9029.198002392319,4837795.499118493,4837795.499118493,14505158.9500,0.000403442666,14446.71680382778,2893,11,1,0.0,1
"no_stress","MQT-Set01-298-10-27-IBMQ27-Opt3-Extra.csv","LotterySeeded",238,238,238,0,0,1.0000,1.0000,0.0000,28675.643562294485,752.35281512605,29427.996377420528,29427.996377420528,68133.1400,0.003493160597,1203.764504201681,15,11,2,0.0,1
"no_stress","MQT-Set02-10-27-Mapped-AllAlgorithmLeft-Extra.csv","LotterySeeded",906,906,906,0,0,1.0000,1.0000,0.0000,296739.2851311147,1734.214514348786,298473.49964546354,298473.49964546354,867663.3700,0.00104418376,2774.743222958062,52,11,2,0.0,1
"no_stress","MQT-Set03-7-127-AllOpt-IBMMapped-Only127-Extra.csv","LotterySeeded",4654,4654,0,4654,0,1.0000,0.0000,1.0000,5730199.593649073,10771.661297808329,5740971.25494688,5740971.25494688,13927275.9600,0.000334164413,17234.65807649335,2787,11,2,0.0,1
"no_stress","MQT-Set04-7-127-AllOpt-IBMMapped-Extra.csv","LotterySeeded",5852,5852,1198,4654,0,1.0000,0.204716336295,0.795283663705,4828663.111468649,9052.899248120284,4837716.01071677,4837716.01071677,14228923.8000,0.000411274955,14484.638796992504,2849,11,2,0.0,1
"no_stress","MQT-Set01-298-10-27-IBMQ27-Opt3-Extra.csv","LotterySeeded",238,238,238,0,0,1.0000,1.0000,0.0000,30795.774460632067,763.809705882353,31559.58416651443,31559.58416651443,76477.8600,0.003112011764,1222.095529411765,12,11,3,0.0,1
"no_stress","MQT-Set02-10-27-Mapped-AllAlgorithmLeft-Extra.csv","LotterySeeded",906,906,906,0,0,1.0000,1.0000,0.0000,280457.42197157827,1731.441501103751,282188.863472682,282188.863472682,659246.9000,0.001374295427,2770.306401766007,52,11,3,0.0,1
"no_stress","MQT-Set03-7-127-AllOpt-IBMMapped-Only127-Extra.csv","LotterySeeded",4654,4654,0,4654,0,1.0000,0.0000,1.0000,5759321.817673186,10560.85357971637,5769882.6712529035,5769882.6712529035,13653640.8800,0.000340861463,16897.36572754617,2845,11,3,0.0,1
"no_stress","MQT-Set04-7-127-AllOpt-IBMMapped-Extra.csv","LotterySeeded",5852,5852,1198,4654,0,1.0000,0.204716336295,0.795283663705,4809626.240315689,9149.058133971279,4818775.298449661,4818775.298449661,13631081.7100,0.000429312957,14638.493014354053,2870,11,3,0.0,1
"no_stress","MQT-Set01-298-10-27-IBMQ27-Opt3-Extra.csv","LotterySeeded",238,238,238,0,0,1.0000,1.0000,0.0000,29476.33325767263,748.564537815126,30224.89779548776,30224.89779548776,61410.329999999994,0.003875569469,1197.703260504202,11,11,4,0.0,1
"no_stress","MQT-Set02-10-27-Mapped-AllAlgorithmLeft-Extra.csv","LotterySeeded",906,906,906,0,0,1.0000,1.0000,0.0000,270833.623339356,1688.540088300219,272522.16342765617,272522.16342765617,704861.4000,0.001285359079,2701.664141280351,50,11,4,0.0,1
"no_stress","MQT-Set03-7-127-AllOpt-IBMMapped-Only127-Extra.csv","LotterySeeded",4654,4654,0,4654,0,1.0000,0.0000,1.0000,5733361.47555099,10852.084806617946,5744213.560357608,5744213.560357608,13550542.3100,0.000343454889,17363.335690588756,2834,11,4,0.0,1
"no_stress","MQT-Set04-7-127-AllOpt-IBMMapped-Extra.csv","LotterySeeded",5852,5852,1198,4654,0,1.0000,0.204716336295,0.795283663705,4814965.025268895,9018.659835953513,4823983.685104847,4823983.685104847,13880558.9500,0.000421596855,14429.855737525675,2863,11,4,0.0,1
"no_stress","MQT-Set01-298-10-27-IBMQ27-Opt3-Extra.csv","LotterySeeded",238,238,238,0,0,1.0000,1.0000,0.0000,28714.66118103763,741.838109243697,29456.499290281325,29456.499290281325,71611.5500,0.003323486225,1186.940974789916,13,11,5,0.0,1
"no_stress","MQT-Set02-10-27-Mapped-AllAlgorithmLeft-Extra.csv","LotterySeeded",906,906,906,0,0,1.0000,1.0000,0.0000,232615.23250391934,1710.103046357616,234325.33555027697,234325.33555027697,545119.9800,0.001662019433,2736.164874172185,47,11,5,0.0,1
"no_stress","MQT-Set03-7-127-AllOpt-IBMMapped-Only127-Extra.csv","LotterySeeded",4654,4654,0,4654,0,1.0000,0.0000,1.0000,5715128.338749142,10830.680646755458,5725959.019395897,5725959.019395897,13303992.8500,0.000349819791,17329.08903480877,2843,11,5,0.0,1
"no_stress","MQT-Set04-7-127-AllOpt-IBMMapped-Extra.csv","LotterySeeded",5852,5852,1198,4654,0,1.0000,0.204716336295,0.795283663705,4840705.208550909,8974.542207792187,4849679.750758701,4849679.750758701,13623090.3600,0.000429564794,14359.267532467511,2974,11,5,0.0,1
"no_stress","MQT-Set01-298-10-27-IBMQ27-Opt3-Extra.csv","MCT",238,238,238,0,0,1.0000,1.0000,0.0000,15598.95993798969,695.275672268908,16294.2356102586,16294.2356102586,33916.9500,0.007017140397,1112.441075630252,15,11,1,0.25,11
"no_stress","MQT-Set02-10-27-Mapped-AllAlgorithmLeft-Extra.csv","MCT",906,906,906,0,0,1.0000,1.0000,0.0000,131903.78939983444,1590.544116997793,133494.3335168322,133494.3335168322,317899.5100,0.002849957208,2544.87058719647,51,11,1,0.25,11
"no_stress","MQT-Set03-7-127-AllOpt-IBMMapped-Only127-Extra.csv","MCT",4654,4654,0,4654,0,1.0000,0.0000,1.0000,5333789.43203237,13669.644088955753,5347459.076121326,5347459.076121326,10815568.9800,0.000430305609,21871.43054232922,2784,11,1,0.25,11
"no_stress","MQT-Set04-7-127-AllOpt-IBMMapped-Extra.csv","MCT",5852,5852,1198,4654,0,1.0000,0.204716336295,0.795283663705,4416972.616906519,11553.022429938455,4428525.639336459,4428525.639336459,11101869.4300,0.000527118431,18484.83588790159,2879,11,1,0.25,11
"no_stress","MQT-Set01-298-10-27-IBMQ27-Opt3-Extra.csv","MCT",238,238,238,0,0,1.0000,1.0000,0.0000,15760.042837149353,697.169033613445,16457.2118707628,16457.2118707628,35742.9300,0.006658659489,1115.470453781512,12,11,1,0.5,11
"no_stress","MQT-Set02-10-27-Mapped-AllAlgorithmLeft-Extra.csv","MCT",906,906,906,0,0,1.0000,1.0000,0.0000,131262.4710996136,1585.092781456954,132847.56388107056,132847.56388107056,342966.7300,0.00264165565,2536.148450331127,37,11,1,0.5,11
"no_stress","MQT-Set03-7-127-AllOpt-IBMMapped-Only127-Extra.csv","MCT",4654,4654,0,4654,0,1.0000,0.0000,1.0000,5696365.999774286,14188.441641598618,5710554.441415884,5710554.441415884,12215284.790000001,0.000380998076,22701.506626557722,2886,11,1,0.5,11
"no_stress","MQT-Set04-7-127-AllOpt-IBMMapped-Extra.csv","MCT",5852,5852,1198,4654,0,1.0000,0.204716336295,0.795283663705,4780717.100870809,12051.916881408064,4792769.017752216,4792769.017752216,12659248.7200,0.000462270718,19283.06701025295,2872,11,1,0.5,11
"no_stress","MQT-Set01-298-10-27-IBMQ27-Opt3-Extra.csv","FCFS",238,238,238,0,0,1.0000,1.0000,0.0000,83594.20386554625,708.240336134454,84302.4442016807,84302.4442016807,168561.2000,0.001411950081,1133.184537815125,19,12,1,0.0,1
"no_stress","MQT-Set01-298-10-27-IBMQ27-Opt3-Extra.csv","LoadAware",238,238,238,0,0,1.0000,1.0000,0.0000,17459.918060224085,748.686428571429,18208.604488795518,18208.604488795518,41155.2200,0.005782984516,1197.898285714286,12,12,1,0.0,1
"no_stress","MQT-Set01-298-10-27-IBMQ27-Opt3-Extra.csv","QCLAR",238,238,238,0,0,1.0000,1.0000,0.0000,17627.0764467787,754.820882352942,18381.89732913164,18381.89732913164,45727.9700,0.005204692008,1207.713411764706,2,12,1,0.0,1
"no_stress","MQT-Set01-298-10-27-IBMQ27-Opt3-Extra.csv","QCLAAR",238,238,238,0,0,1.0000,1.0000,0.0000,17627.0764467787,754.820882352942,18381.89732913164,18381.89732913164,45727.9700,0.005204692008,1207.713411764706,0,12,1,0.0,1
"no_stress","MQT-Set01-298-10-27-IBMQ27-Opt3-Extra.csv","MCT",238,238,238,0,0,1.0000,1.0000,0.0000,16576.556698879547,746.389537815126,17322.946236694672,17322.946236694672,35953.1500,0.006619725949,1194.223260504202,20,12,1,0.0,1
"no_stress","MQT-Set02-10-27-Mapped-AllAlgorithmLeft-Extra.csv","FCFS",906,906,906,0,0,1.0000,1.0000,0.0000,602352.5284633839,1428.288907284768,603780.8173706686,603780.8173706686,1294029.7500,0.000700138463,2285.262251655626,50,12,1,0.0,1
"no_stress","MQT-Set02-10-27-Mapped-AllAlgorithmLeft-Extra.csv","LoadAware",906,906,906,0,0,1.0000,1.0000,0.0000,127892.37938869695,1521.242328918322,129413.62171761527,129413.62171761527,532627.4800,0.001701001233,2433.987726269315,46,12,1,0.0,1
"no_stress","MQT-Set02-10-27-Mapped-AllAlgorithmLeft-Extra.csv","QCLAR",906,906,906,0,0,1.0000,1.0000,0.0000,125410.12589656595,1491.537847682118,126901.66374424806,126901.66374424806,532627.4900,0.001701001201,2386.460556291391,45,12,1,0.0,1
"no_stress","MQT-Set02-10-27-Mapped-AllAlgorithmLeft-Extra.csv","QCLAAR",906,906,906,0,0,1.0000,1.0000,0.0000,125410.12589656595,1491.537847682118,126901.66374424806,126901.66374424806,532627.4900,0.001701001201,2386.460556291391,53,12,1,0.0,1
"no_stress","MQT-Set02-10-27-Mapped-AllAlgorithmLeft-Extra.csv","MCT",906,906,906,0,0,1.0000,1.0000,0.0000,110822.94559855256,1501.016280353201,112323.96187890576,112323.96187890576,341962.6100,0.002649412461,2401.626048565121,61,12,1,0.0,1
"no_stress","MQT-Set03-7-127-AllOpt-IBMMapped-Only127-Extra.csv","FCFS",4654,4654,0,4654,0,1.0000,0.0000,1.0000,98082618.64866132,41992.78827245381,98124611.43693377,98124611.43693377,195434436.61999997,0.000023813613,67188.4612359261,2844,12,1,0.0,1
"no_stress","MQT-Set03-7-127-AllOpt-IBMMapped-Only127-Extra.csv","LoadAware",4654,4654,0,4654,0,1.0000,0.0000,1.0000,7698256.896021703,19996.334770090187,7718253.230791792,7718253.230791792,28359146.2600,0.000164109313,31994.135632144415,2839,12,1,0.0,1
"no_stress","MQT-Set03-7-127-AllOpt-IBMMapped-Only127-Extra.csv","QCLAR",4654,4654,0,4654,0,1.0000,0.0000,1.0000,5658664.149065526,11897.385382466704,5670561.534447992,5670561.534447992,13187142.3000,0.000352919525,19035.816611946695,2813,12,1,0.0,1
"no_stress","MQT-Set03-7-127-AllOpt-IBMMapped-Only127-Extra.csv","QCLAAR",4654,4654,0,4654,0,1.0000,0.0000,1.0000,5649389.587490548,11939.752015470565,5661329.339506018,5661329.339506018,12715957.190000001,0.000365996828,19103.60322475287,2851,12,1,0.0,1
"no_stress","MQT-Set03-7-127-AllOpt-IBMMapped-Only127-Extra.csv","MCT",4654,4654,0,4654,0,1.0000,0.0000,1.0000,5245716.164251352,13522.640380318035,5259238.804631671,5259238.804631671,10568925.620000001,0.000440347502,21636.224608508775,2928,12,1,0.0,1
"no_stress","MQT-Set04-7-127-AllOpt-IBMMapped-Extra.csv","FCFS",5852,5852,1198,4654,0,1.0000,0.204716336295,0.795283663705,76897984.7575325,33574.8932638414,76931559.65079634,76931559.65079634,194198210.4000,0.00003013416,53719.82922214646,2917,12,1,0.0,1
"no_stress","MQT-Set04-7-127-AllOpt-IBMMapped-Extra.csv","LoadAware",5852,5852,1198,4654,0,1.0000,0.204716336295,0.795283663705,6239022.571922348,16495.430389610356,6255518.002311958,6255518.002311958,33786015.9700,0.000173207756,26392.688623376725,2852,12,1,0.0,1
"no_stress","MQT-Set04-7-127-AllOpt-IBMMapped-Extra.csv","QCLAR",5852,5852,1198,4654,0,1.0000,0.204716336295,0.795283663705,4479105.586226639,9564.17980690363,4488669.766033543,4488669.766033543,12214936.790000001,0.000479085574,15302.687691045814,2866,12,1,0.0,1
"no_stress","MQT-Set04-7-127-AllOpt-IBMMapped-Extra.csv","QCLAAR",5852,5852,1198,4654,0,1.0000,0.204716336295,0.795283663705,4495756.569095738,9697.940498974722,4505454.509594713,4505454.509594713,12773560.4400,0.000458133817,15516.704798359562,2871,12,1,0.0,1
"no_stress","MQT-Set04-7-127-AllOpt-IBMMapped-Extra.csv","MCT",5852,5852,1198,4654,0,1.0000,0.204716336295,0.795283663705,4153062.3667390826,11108.72278366371,4164171.089522746,4164171.089522746,10470404.3000,0.000558908695,17773.95645386198,2881,12,1,0.0,1
"no_stress","MQT-Set01-298-10-27-IBMQ27-Opt3-Extra.csv","LotterySeeded",238,238,238,0,0,1.0000,1.0000,0.0000,32975.03522058825,814.838823529412,33789.87404411766,33789.87404411766,78452.8800,0.003033668108,1303.742117647059,11,12,1,0.0,1
"no_stress","MQT-Set02-10-27-Mapped-AllAlgorithmLeft-Extra.csv","LotterySeeded",906,906,906,0,0,1.0000,1.0000,0.0000,235664.40483457036,1633.810618101545,237298.21545267195,237298.21545267195,808772.1900,0.001120216559,2614.09698896247,50,12,1,0.0,1
"no_stress","MQT-Set03-7-127-AllOpt-IBMMapped-Only127-Extra.csv","LotterySeeded",4654,4654,0,4654,0,1.0000,0.0000,1.0000,5700432.183252506,10884.660492049825,5711316.843744555,5711316.843744555,13464477.7100,0.000345650244,17415.45678727976,2865,12,1,0.0,1
"no_stress","MQT-Set04-7-127-AllOpt-IBMMapped-Extra.csv","LotterySeeded",5852,5852,1198,4654,0,1.0000,0.204716336295,0.795283663705,4546568.858170564,9128.87283492823,4555697.731005493,4555697.731005493,12952644.9700,0.000451799614,14606.196535885194,2908,12,1,0.0,1
"no_stress","MQT-Set01-298-10-27-IBMQ27-Opt3-Extra.csv","LotterySeeded",238,238,238,0,0,1.0000,1.0000,0.0000,30749.189203050795,812.52243697479,31561.711640025587,31561.711640025587,75670.84000000001,0.003145200978,1300.035899159664,16,12,2,0.0,1
"no_stress","MQT-Set02-10-27-Mapped-AllAlgorithmLeft-Extra.csv","LotterySeeded",906,906,906,0,0,1.0000,1.0000,0.0000,214092.76646849499,1569.598642384105,215662.36511087915,215662.36511087915,508846.0800,0.001780499125,2511.357827814571,48,12,2,0.0,1
"no_stress","MQT-Set03-7-127-AllOpt-IBMMapped-Only127-Extra.csv","LotterySeeded",4654,4654,0,4654,0,1.0000,0.0000,1.0000,5800741.620059536,10504.572589170582,5811246.192648706,5811246.192648706,14007354.190000001,0.000332254039,16807.316142673,2827,12,2,0.0,1
"no_stress","MQT-Set04-7-127-AllOpt-IBMMapped-Extra.csv","LotterySeeded",5852,5852,1198,4654,0,1.0000,0.204716336295,0.795283663705,4619808.755887243,8873.332139439537,4628682.088026682,4628682.088026682,12992321.9700,0.000450419872,14197.331423103184,2895,12,2,0.0,1
"no_stress","MQT-Set01-298-10-27-IBMQ27-Opt3-Extra.csv","LotterySeeded",238,238,238,0,0,1.0000,1.0000,0.0000,32907.204768907555,812.985756302522,33720.19052521008,33720.19052521008,85304.2500,0.002790013393,1300.777210084034,10,12,3,0.0,1
"no_stress","MQT-Set02-10-27-Mapped-AllAlgorithmLeft-Extra.csv","LotterySeeded",906,906,906,0,0,1.0000,1.0000,0.0000,211197.5348621349,1646.421743929359,212843.95660606428,212843.95660606428,629528.1799999999,0.001439173065,2634.274790286977,47,12,3,0.0,1
"no_stress","MQT-Set03-7-127-AllOpt-IBMMapped-Only127-Extra.csv","LotterySeeded",4654,4654,0,4654,0,1.0000,0.0000,1.0000,5824532.463962135,10436.501568543194,5834968.965530678,5834968.965530678,13730270.0600,0.000338959101,16698.402509669115,2832,12,3,0.0,1
"no_stress","MQT-Set04-7-127-AllOpt-IBMMapped-Extra.csv","LotterySeeded",5852,5852,1198,4654,0,1.0000,0.204716336295,0.795283663705,4618061.728540237,8863.134080656186,4626924.862620892,4626924.862620892,12989583.0600,0.000450514845,14181.014529049893,2897,12,3,0.0,1
"no_stress","MQT-Set01-298-10-27-IBMQ27-Opt3-Extra.csv","LotterySeeded",238,238,238,0,0,1.0000,1.0000,0.0000,30389.301105478422,802.570966386555,31191.872071864975,31191.872071864975,71752.5900,0.003316953437,1284.113546218487,11,12,4,0.0,1
"no_stress","MQT-Set02-10-27-Mapped-AllAlgorithmLeft-Extra.csv","LotterySeeded",906,906,906,0,0,1.0000,1.0000,0.0000,246214.2633393558,1667.593090507727,247881.85642986355,247881.85642986355,808633.6500,0.001120408482,2668.148944812365,67,12,4,0.0,1
"no_stress","MQT-Set03-7-127-AllOpt-IBMMapped-Only127-Extra.csv","LotterySeeded",4654,4654,0,4654,0,1.0000,0.0000,1.0000,5805500.36403974,10355.070429737847,5815855.434469478,5815855.434469478,13922201.620000001,0.000334286209,16568.112687580564,2804,12,4,0.0,1
"no_stress","MQT-Set04-7-127-AllOpt-IBMMapped-Extra.csv","LotterySeeded",5852,5852,1198,4654,0,1.0000,0.204716336295,0.795283663705,4598728.577554321,8869.296520847605,4607597.874075168,4607597.874075168,13391351.1400,0.000436998473,14190.874433356128,2917,12,4,0.0,1
"no_stress","MQT-Set01-298-10-27-IBMQ27-Opt3-Extra.csv","LotterySeeded",238,238,238,0,0,1.0000,1.0000,0.0000,30767.78884978993,807.86949579832,31575.658345588257,31575.658345588257,76986.8600,0.003091436643,1292.59119327731,17,12,5,0.0,1
"no_stress","MQT-Set02-10-27-Mapped-AllAlgorithmLeft-Extra.csv","LotterySeeded",906,906,906,0,0,1.0000,1.0000,0.0000,229771.8732703075,1609.536534216334,231381.4098045238,231381.4098045238,738139.2300,0.001227410715,2575.258454746135,58,12,5,0.0,1
"no_stress","MQT-Set03-7-127-AllOpt-IBMMapped-Only127-Extra.csv","LotterySeeded",4654,4654,0,4654,0,1.0000,0.0000,1.0000,5718464.814516529,10785.767107864156,5729250.581624395,5729250.581624395,13037902.9000,0.000356959247,17257.227372582685,2843,12,5,0.0,1
"no_stress","MQT-Set04-7-127-AllOpt-IBMMapped-Extra.csv","LotterySeeded",5852,5852,1198,4654,0,1.0000,0.204716336295,0.795283663705,4594194.6279605515,9068.684032809275,4603263.311993361,4603263.311993361,13172765.5100,0.000444249918,14509.894452494891,2883,12,5,0.0,1
"no_stress","MQT-Set01-298-10-27-IBMQ27-Opt3-Extra.csv","MCT",238,238,238,0,0,1.0000,1.0000,0.0000,16791.706740896352,749.604201680672,17541.31094257702,17541.31094257702,37614.8600,0.00632728661,1199.366722689076,1,12,1,0.25,12
"no_stress","MQT-Set02-10-27-Mapped-AllAlgorithmLeft-Extra.csv","MCT",906,906,906,0,0,1.0000,1.0000,0.0000,109214.70020120159,1501.467604856512,110716.16780605809,110716.16780605809,354927.4500,0.002552634348,2402.348167770419,47,12,1,0.25,12
"no_stress","MQT-Set03-7-127-AllOpt-IBMMapped-Only127-Extra.csv","MCT",4654,4654,0,4654,0,1.0000,0.0000,1.0000,5377006.732790442,13693.5308530296,5390700.263643473,5390700.263643473,10881625.5000,0.000427693454,21909.64936484751,2819,12,1,0.25,12
"no_stress","MQT-Set04-7-127-AllOpt-IBMMapped-Extra.csv","MCT",5852,5852,1198,4654,0,1.0000,0.204716336295,0.795283663705,4247042.320110565,11284.24419685576,4258326.5643074205,4258326.5643074205,10950592.290000001,0.000534400318,18054.79071496924,2879,12,1,0.25,12
"no_stress","MQT-Set01-298-10-27-IBMQ27-Opt3-Extra.csv","MCT",238,238,238,0,0,1.0000,1.0000,0.0000,17859.38232913165,757.764789915967,18617.147119047622,18617.147119047622,42534.3200,0.005595481484,1212.423663865547,17,12,1,0.5,12
"no_stress","MQT-Set02-10-27-Mapped-AllAlgorithmLeft-Extra.csv","MCT",906,906,906,0,0,1.0000,1.0000,0.0000,113404.76083034083,1504.5937196468,114909.35454998763,114909.35454998763,314158.4200,0.002883895329,2407.349951434878,43,12,1,0.5,12
"no_stress","MQT-Set03-7-127-AllOpt-IBMMapped-Only127-Extra.csv","MCT",4654,4654,0,4654,0,1.0000,0.0000,1.0000,5770255.988952904,14248.52712720239,5784504.516080108,5784504.516080108,12152031.9900,0.000382981217,22797.64340352384,2809,12,1,0.5,12
"no_stress","MQT-Set04-7-127-AllOpt-IBMMapped-Extra.csv","MCT",5852,5852,1198,4654,0,1.0000,0.204716336295,0.795283663705,4531479.734456228,11756.951857484582,4543236.686313713,4543236.686313713,12272893.6800,0.000476823164,18811.122971975474,2909,12,1,0.5,12
"no_stress","MQT-Set01-298-10-27-IBMQ27-Opt3-Extra.csv","FCFS",238,238,238,0,0,1.0000,1.0000,0.0000,76902.17701680673,656.806890756303,77558.98390756303,77558.98390756303,156320.0400,0.001522517522,1050.891025210084,15,13,1,0.0,1
"no_stress","MQT-Set01-298-10-27-IBMQ27-Opt3-Extra.csv","LoadAware",238,238,238,0,0,1.0000,1.0000,0.0000,16218.685917366945,700.893781512605,16919.579698879552,16919.579698879552,43898.369999999995,0.005421613604,1121.430050420169,12,13,1,0.0,1
"no_stress","MQT-Set01-298-10-27-IBMQ27-Opt3-Extra.csv","QCLAR",238,238,238,0,0,1.0000,1.0000,0.0000,16004.307665266111,694.476050420168,16698.78371568628,16698.78371568628,39508.5400,0.006024014049,1111.16168067227,10,13,1,0.0,1
"no_stress","MQT-Set01-298-10-27-IBMQ27-Opt3-Extra.csv","QCLAAR",238,238,238,0,0,1.0000,1.0000,0.0000,16004.307665266111,694.476050420168,16698.78371568628,16698.78371568628,39508.5400,0.006024014049,1111.16168067227,21,13,1,0.0,1
"no_stress","MQT-Set01-298-10-27-IBMQ27-Opt3-Extra.csv","MCT",238,238,238,0,0,1.0000,1.0000,0.0000,15112.966992997195,692.408403361345,15805.37539635854,15805.37539635854,33520.2600,0.00710018359,1107.853445378152,10,13,1,0.0,1
"no_stress","MQT-Set02-10-27-Mapped-AllAlgorithmLeft-Extra.csv","FCFS",906,906,906,0,0,1.0000,1.0000,0.0000,625160.5735838367,1446.797593818985,626607.3711776558,626607.3711776558,1310798.6200,0.000691181686,2314.876150110376,49,13,1,0.0,1
"no_stress","MQT-Set02-10-27-Mapped-AllAlgorithmLeft-Extra.csv","LoadAware",906,906,906,0,0,1.0000,1.0000,0.0000,128459.41510342874,1515.940849889624,129975.35595331837,129975.35595331837,365878.6300,0.002476230984,2425.505359823398,47,13,1,0.0,1
"no_stress","MQT-Set02-10-27-Mapped-AllAlgorithmLeft-Extra.csv","QCLAR",906,906,906,0,0,1.0000,1.0000,0.0000,128245.07759933767,1510.081953642383,129755.15955298004,129755.15955298004,381786.2500,0.002373055604,2416.131125827818,48,13,1,0.0,1
"no_stress","MQT-Set02-10-27-Mapped-AllAlgorithmLeft-Extra.csv","QCLAAR",906,906,906,0,0,1.0000,1.0000,0.0000,128245.07759933767,1510.081953642383,129755.15955298004,129755.15955298004,381786.2500,0.002373055604,2416.131125827818,57,13,1,0.0,1
"no_stress","MQT-Set02-10-27-Mapped-AllAlgorithmLeft-Extra.csv","MCT",906,906,906,0,0,1.0000,1.0000,0.0000,115605.96548013239,1515.20161147903,117121.16709161144,117121.16709161144,357777.2000,0.002532302226,2424.322578366444,31,13,1,0.0,1
"no_stress","MQT-Set03-7-127-AllOpt-IBMMapped-Only127-Extra.csv","FCFS",4654,4654,0,4654,0,1.0000,0.0000,1.0000,92353552.12846144,40268.68203910614,92393820.81050055,92393820.81050055,187410446.20999998,0.000024833194,64429.89126257006,2926,13,1,0.0,1
"no_stress","MQT-Set03-7-127-AllOpt-IBMMapped-Only127-Extra.csv","LoadAware",4654,4654,0,4654,0,1.0000,0.0000,1.0000,7360325.595680062,19338.628010313718,7379664.223690376,7379664.223690376,31158009.930000003,0.000149367691,30941.80481650193,2883,13,1,0.0,1
"no_stress","MQT-Set03-7-127-AllOpt-IBMMapped-Only127-Extra.csv","QCLAR",4654,4654,0,4654,0,1.0000,0.0000,1.0000,5394903.932729319,11215.806388053295,5406119.739117373,5406119.739117373,12943028.110000001,0.000359575824,17945.2902208852,2838,13,1,0.0,1
"no_stress","MQT-Set03-7-127-AllOpt-IBMMapped-Only127-Extra.csv","QCLAAR",4654,4654,0,4654,0,1.0000,0.0000,1.0000,5312879.995646294,11299.775378169297,5324179.771024462,5324179.771024462,12343262.440000001,0.000377047804,18079.640605070912,2876,13,1,0.0,1
"no_stress","MQT-Set03-7-127-AllOpt-IBMMapped-Only127-Extra.csv","MCT",4654,4654,0,4654,0,1.0000,0.0000,1.0000,4940255.876326896,12964.247597765365,4953220.1239246605,4953220.1239246605,10135856.2500,0.000459161997,20742.796156424534,2864,13,1,0.0,1
"no_stress","MQT-Set04-7-127-AllOpt-IBMMapped-Extra.csv","FCFS",5852,5852,1198,4654,0,1.0000,0.204716336295,0.795283663705,79329880.25022334,34490.56122009568,79364370.81144343,79364370.81144343,199398362.0600,0.000029348285,55184.89795215323,2938,13,1,0.0,1
"no_stress","MQT-Set04-7-127-AllOpt-IBMMapped-Extra.csv","LoadAware",5852,5852,1198,4654,0,1.0000,0.204716336295,0.795283663705,6377785.134918523,16891.292421394384,6394676.427339915,6394676.427339915,34292724.1600,0.000170648443,27026.067874231056,2898,13,1,0.0,1
"no_stress","MQT-Set04-7-127-AllOpt-IBMMapped-Extra.csv","QCLAR",5852,5852,1198,4654,0,1.0000,0.204716336295,0.795283663705,4640465.180486436,9876.13619958988,4650341.316686026,4650341.316686026,13150102.5600,0.000445015541,15801.817919343894,2936,13,1,0.0,1
"no_stress","MQT-Set04-7-127-AllOpt-IBMMapped-Extra.csv","QCLAAR",5852,5852,1198,4654,0,1.0000,0.204716336295,0.795283663705,4636146.748535333,9964.086302118887,4646110.834837453,4646110.834837453,13640830.7400,0.00042900613,15942.538083390324,2879,13,1,0.0,1
"no_stress","MQT-Set04-7-127-AllOpt-IBMMapped-Extra.csv","MCT",5852,5852,1198,4654,0,1.0000,0.204716336295,0.795283663705,4284843.175662436,11413.338581681472,4296256.514244118,4296256.514244118,10780432.3100,0.000542835374,18261.34173069044,2885,13,1,0.0,1
"no_stress","MQT-Set01-298-10-27-IBMQ27-Opt3-Extra.csv","LotterySeeded",238,238,238,0,0,1.0000,1.0000,0.0000,30470.981992296904,762.296260504201,31233.278252801105,31233.278252801105,73864.6100,0.003222111374,1219.674016806723,15,13,1,0.0,1
"no_stress","MQT-Set02-10-27-Mapped-AllAlgorithmLeft-Extra.csv","LotterySeeded",906,906,906,0,0,1.0000,1.0000,0.0000,242238.6922304403,1706.307593818985,243944.99982425928,243944.99982425928,720834.2500,0.001256877014,2730.092150110377,48,13,1,0.0,1
"no_stress","MQT-Set03-7-127-AllOpt-IBMMapped-Only127-Extra.csv","LotterySeeded",4654,4654,0,4654,0,1.0000,0.0000,1.0000,5399381.550048732,10399.648532445208,5409781.19858118,5409781.19858118,12456355.3900,0.000373624536,16639.437651912358,2859,13,1,0.0,1
"no_stress","MQT-Set04-7-127-AllOpt-IBMMapped-Extra.csv","LotterySeeded",5852,5852,1198,4654,0,1.0000,0.204716336295,0.795283663705,4701974.579268052,9269.302383800416,4711243.881651852,4711243.881651852,13388295.7300,0.000437098203,14830.88381408067,2881,13,1,0.0,1
"no_stress","MQT-Set01-298-10-27-IBMQ27-Opt3-Extra.csv","LotterySeeded",238,238,238,0,0,1.0000,1.0000,0.0000,27629.91068764462,740.934663865546,28370.84535151017,28370.84535151017,61502.939999999995,0.003869733707,1185.495462184874,10,13,2,0.0,1
"no_stress","MQT-Set02-10-27-Mapped-AllAlgorithmLeft-Extra.csv","LotterySeeded",906,906,906,0,0,1.0000,1.0000,0.0000,243715.57931061462,1682.509845474614,245398.08915608923,245398.08915608923,662189.9800,0.00136818742,2692.015752759382,33,13,2,0.0,1
"no_stress","MQT-Set03-7-127-AllOpt-IBMMapped-Only127-Extra.csv","LotterySeeded",4654,4654,0,4654,0,1.0000,0.0000,1.0000,5453981.7961735325,10076.533317576275,5464058.329491109,5464058.329491109,13041307.370000001,0.000356866062,16122.453308122047,2831,13,2,0.0,1
"no_stress","MQT-Set04-7-127-AllOpt-IBMMapped-Extra.csv","LotterySeeded",5852,5852,1198,4654,0,1.0000,0.204716336295,0.795283663705,4772803.243337652,9107.595517771735,4781910.838855423,4781910.838855423,13714734.9900,0.000426694355,14572.152828434691,2871,13,2,0.0,1
"no_stress","MQT-Set01-298-10-27-IBMQ27-Opt3-Extra.csv","LotterySeeded",238,238,238,0,0,1.0000,1.0000,0.0000,28693.113203781508,744.630672268907,29437.74387605042,29437.74387605042,67026.2800,0.003550846026,1191.409075630252,7,13,3,0.0,1
"no_stress","MQT-Set02-10-27-Mapped-AllAlgorithmLeft-Extra.csv","LotterySeeded",906,906,906,0,0,1.0000,1.0000,0.0000,257697.26786975682,1661.507682119203,259358.77555187602,259358.77555187602,817914.0700,0.001107695824,2658.412291390727,42,13,3,0.0,1
"no_stress","MQT-Set03-7-127-AllOpt-IBMMapped-Only127-Extra.csv","LotterySeeded",4654,4654,0,4654,0,1.0000,0.0000,1.0000,5469237.985338754,10089.2831972497,5479327.268536003,5479327.268536003,13205526.6500,0.000352428201,16142.853115599502,2832,13,3,0.0,1
"no_stress","MQT-Set04-7-127-AllOpt-IBMMapped-Extra.csv","LotterySeeded",5852,5852,1198,4654,0,1.0000,0.204716336295,0.795283663705,4741333.483131858,9218.2653298018,4750551.748461659,4750551.748461659,13375102.3200,0.000437529363,14749.224527682842,2923,13,3,0.0,1
"no_stress","MQT-Set01-298-10-27-IBMQ27-Opt3-Extra.csv","LotterySeeded",238,238,238,0,0,1.0000,1.0000,0.0000,28358.752323965833,735.004159663866,29093.756483629695,29093.756483629695,69801.1400,0.003409686432,1176.006655462186,0,13,4,0.0,1
"no_stress","MQT-Set02-10-27-Mapped-AllAlgorithmLeft-Extra.csv","LotterySeeded",906,906,906,0,0,1.0000,1.0000,0.0000,202969.93758738055,1609.344746136865,204579.2823335173,204579.2823335173,540127.5200,0.001677381667,2574.951593818984,48,13,4,0.0,1
"no_stress","MQT-Set03-7-127-AllOpt-IBMMapped-Only127-Extra.csv","LotterySeeded",4654,4654,0,4654,0,1.0000,0.0000,1.0000,5450093.545474347,10145.977425870222,5460239.522900217,5460239.522900217,13377444.8900,0.000347899022,16233.563881392327,2845,13,4,0.0,1
"no_stress","MQT-Set04-7-127-AllOpt-IBMMapped-Extra.csv","LotterySeeded",5852,5852,1198,4654,0,1.0000,0.204716336295,0.795283663705,4808704.244095846,8955.548853383454,4817659.79294923,4817659.79294923,14026988.0200,0.000417195765,14328.878165413535,2904,13,4,0.0,1
"no_stress","MQT-Set01-298-10-27-IBMQ27-Opt3-Extra.csv","LotterySeeded",238,238,238,0,0,1.0000,1.0000,0.0000,28181.73054621849,739.611344537816,28921.341890756306,28921.341890756306,85025.2100,0.002799169799,1183.378151260504,19,13,5,0.0,1
"no_stress","MQT-Set02-10-27-Mapped-AllAlgorithmLeft-Extra.csv","LotterySeeded",906,906,906,0,0,1.0000,1.0000,0.0000,220183.19516473633,1620.844403973509,221804.03956870985,221804.03956870985,738242.3000,0.001227239349,2593.351046357617,37,13,5,0.0,1
"no_stress","MQT-Set03-7-127-AllOpt-IBMMapped-Only127-Extra.csv","LotterySeeded",4654,4654,0,4654,0,1.0000,0.0000,1.0000,5411752.2772822995,10193.779131929508,5421946.05641423,5421946.05641423,13339101.0000,0.000348899075,16310.046611087264,2874,13,5,0.0,1
"no_stress","MQT-Set04-7-127-AllOpt-IBMMapped-Extra.csv","LotterySeeded",5852,5852,1198,4654,0,1.0000,0.204716336295,0.795283663705,4726093.60355344,9357.48182159943,4735451.08537504,4735451.08537504,13528556.6500,0.00043256647,14971.970914559148,2883,13,5,0.0,1
"no_stress","MQT-Set01-298-10-27-IBMQ27-Opt3-Extra.csv","MCT",238,238,238,0,0,1.0000,1.0000,0.0000,15077.412791316528,692.570210084033,15769.983001400566,15769.983001400566,34164.0700,0.006966383104,1108.112336134453,22,13,1,0.25,13
"no_stress","MQT-Set02-10-27-Mapped-AllAlgorithmLeft-Extra.csv","MCT",906,906,906,0,0,1.0000,1.0000,0.0000,117502.69369205291,1516.858620309052,119019.55231236195,119019.55231236195,350996.5300,0.002581222099,2426.97379249448,41,13,1,0.25,13
"no_stress","MQT-Set03-7-127-AllOpt-IBMMapped-Only127-Extra.csv","MCT",4654,4654,0,4654,0,1.0000,0.0000,1.0000,5076492.51011717,13165.868390631747,5089658.378507802,5089658.378507802,10461206.6300,0.000444881758,21065.389425010784,2830,13,1,0.25,13
"no_stress","MQT-Set04-7-127-AllOpt-IBMMapped-Extra.csv","MCT",5852,5852,1198,4654,0,1.0000,0.204716336295,0.795283663705,4340145.026002427,11497.705572453822,4351642.731574881,4351642.731574881,11071142.8300,0.000528581384,18396.32891592623,2901,13,1,0.25,13
"no_stress","MQT-Set01-298-10-27-IBMQ27-Opt3-Extra.csv","MCT",238,238,238,0,0,1.0000,1.0000,0.0000,15487.028421568632,697.701680672269,16184.7301022409,16184.7301022409,36249.8500,0.006565544409,1116.32268907563,16,13,1,0.5,13
"no_stress","MQT-Set02-10-27-Mapped-AllAlgorithmLeft-Extra.csv","MCT",906,906,906,0,0,1.0000,1.0000,0.0000,120327.81855960267,1519.384061810154,121847.20262141283,121847.20262141283,348718.7000,0.002598082638,2431.014498896249,53,13,1,0.5,13
"no_stress","MQT-Set03-7-127-AllOpt-IBMMapped-Only127-Extra.csv","MCT",4654,4654,0,4654,0,1.0000,0.0000,1.0000,5422449.651823231,13657.445002148675,5436107.09682538,5436107.09682538,11654109.610000001,0.000399344107,21851.912003437905,2833,13,1,0.5,13
"no_stress","MQT-Set04-7-127-AllOpt-IBMMapped-Extra.csv","MCT",5852,5852,1198,4654,0,1.0000,0.204716336295,0.795283663705,4642314.52616824,11894.07068865348,4654208.596856892,4654208.596856892,12246254.4200,0.000477860397,19030.51310184556,2906,13,1,0.5,13
"no_stress","MQT-Set01-298-10-27-IBMQ27-Opt3-Extra.csv","FCFS",238,238,238,0,0,1.0000,1.0000,0.0000,79213.64004201682,647.653277310925,79861.29331932774,79861.29331932774,154141.4800,0.001544036038,1036.245243697479,12,14,1,0.0,1
"no_stress","MQT-Set01-298-10-27-IBMQ27-Opt3-Extra.csv","LoadAware",238,238,238,0,0,1.0000,1.0000,0.0000,16620.293824929973,690.938697478992,17311.23252240897,17311.23252240897,41532.829999999994,0.005730406524,1105.501915966387,11,14,1,0.0,1
"no_stress","MQT-Set01-298-10-27-IBMQ27-Opt3-Extra.csv","QCLAR",238,238,238,0,0,1.0000,1.0000,0.0000,16424.400354808593,686.474075630252,17110.874430438846,17110.874430438846,39802.2900,0.005979555448,1098.358521008403,12,14,1,0.0,1
"no_stress","MQT-Set01-298-10-27-IBMQ27-Opt3-Extra.csv","QCLAAR",238,238,238,0,0,1.0000,1.0000,0.0000,16424.400354808593,686.474075630252,17110.874430438846,17110.874430438846,39802.2900,0.005979555448,1098.358521008403,11,14,1,0.0,1
"no_stress","MQT-Set01-298-10-27-IBMQ27-Opt3-Extra.csv","MCT",238,238,238,0,0,1.0000,1.0000,0.0000,15904.29768557423,683.545126050421,16587.84281162465,16587.84281162465,33003.7100,0.007211310486,1093.672201680672,11,14,1,0.0,1
"no_stress","MQT-Set02-10-27-Mapped-AllAlgorithmLeft-Extra.csv","FCFS",906,906,906,0,0,1.0000,1.0000,0.0000,579276.1646228044,1295.660253863135,580571.8248766675,580571.8248766675,1173868.1900,0.000771807267,2073.056406181015,56,14,1,0.0,1
"no_stress","MQT-Set02-10-27-Mapped-AllAlgorithmLeft-Extra.csv","LoadAware",906,906,906,0,0,1.0000,1.0000,0.0000,124780.92085321296,1403.005927152318,126183.92678036529,126183.92678036529,349552.7600,0.002591883411,2244.809483443711,54,14,1,0.0,1
"no_stress","MQT-Set02-10-27-Mapped-AllAlgorithmLeft-Extra.csv","QCLAR",906,906,906,0,0,1.0000,1.0000,0.0000,124588.04321866583,1401.680198675498,125989.72341734132,125989.72341734132,335201.95999999996,0.002702848158,2242.688317880796,46,14,1,0.0,1
"no_stress","MQT-Set02-10-27-Mapped-AllAlgorithmLeft-Extra.csv","QCLAAR",906,906,906,0,0,1.0000,1.0000,0.0000,124588.04321866583,1401.680198675498,125989.72341734132,125989.72341734132,335201.95999999996,0.002702848158,2242.688317880796,47,14,1,0.0,1
"no_stress","MQT-Set02-10-27-Mapped-AllAlgorithmLeft-Extra.csv","MCT",906,906,906,0,0,1.0000,1.0000,0.0000,108153.88203765023,1360.784370860927,109514.6664085112,109514.6664085112,284825.1700,0.003180898654,2177.254993377482,48,14,1,0.0,1
"no_stress","MQT-Set03-7-127-AllOpt-IBMMapped-Only127-Extra.csv","FCFS",4654,4654,0,4654,0,1.0000,0.0000,1.0000,96807729.15087265,41546.67186935969,96849275.82274202,96849275.82274202,193358210.8800,0.000024069317,66474.67499097568,2882,14,1,0.0,1
"no_stress","MQT-Set03-7-127-AllOpt-IBMMapped-Only127-Extra.csv","LoadAware",4654,4654,0,4654,0,1.0000,0.0000,1.0000,7683820.42480484,19834.133820369476,7703654.558625207,7703654.558625207,31294621.200000003,0.000148715652,31734.614112591276,2803,14,1,0.0,1
"no_stress","MQT-Set03-7-127-AllOpt-IBMMapped-Only127-Extra.csv","QCLAR",4654,4654,0,4654,0,1.0000,0.0000,1.0000,5668616.1417490225,11662.518010313694,5680278.659759335,5680278.659759335,13307608.2200,0.000349724753,18660.028816501886,2822,14,1,0.0,1
"no_stress","MQT-Set03-7-127-AllOpt-IBMMapped-Only127-Extra.csv","QCLAAR",4654,4654,0,4654,0,1.0000,0.0000,1.0000,5594647.619265157,11855.90717447353,5606503.526439631,5606503.526439631,13446396.5800,0.000346115033,18969.451479157702,2817,14,1,0.0,1
"no_stress","MQT-Set03-7-127-AllOpt-IBMMapped-Only127-Extra.csv","MCT",4654,4654,0,4654,0,1.0000,0.0000,1.0000,5177167.234670576,13402.954398366988,5190570.189068943,5190570.189068943,10406404.3300,0.000447224599,21444.72703738721,2816,14,1,0.0,1
"no_stress","MQT-Set04-7-127-AllOpt-IBMMapped-Extra.csv","FCFS",5852,5852,1198,4654,0,1.0000,0.204716336295,0.795283663705,80472535.75134605,34588.49944463429,80507124.2507907,80507124.2507907,200023473.1800,0.000029256566,55341.599111415075,2886,14,1,0.0,1
"no_stress","MQT-Set04-7-127-AllOpt-IBMMapped-Extra.csv","LoadAware",5852,5852,1198,4654,0,1.0000,0.204716336295,0.795283663705,6316571.684296599,16561.828990088805,6333133.513286687,6333133.513286687,32428601.3900,0.000180457983,26498.926384142338,2865,14,1,0.0,1
"no_stress","MQT-Set04-7-127-AllOpt-IBMMapped-Extra.csv","QCLAR",5852,5852,1198,4654,0,1.0000,0.204716336295,0.795283663705,4721701.017778719,9772.168817498334,4731473.186596217,4731473.186596217,12940383.0800,0.000452227725,15635.470107997253,3064,14,1,0.0,1
"no_stress","MQT-Set04-7-127-AllOpt-IBMMapped-Extra.csv","QCLAAR",5852,5852,1198,4654,0,1.0000,0.204716336295,0.795283663705,4674907.953605789,10346.704936773724,4685254.658542564,4685254.658542564,12557153.2500,0.000466029193,16554.727898838024,2876,14,1,0.0,1
"no_stress","MQT-Set04-7-127-AllOpt-IBMMapped-Extra.csv","MCT",5852,5852,1198,4654,0,1.0000,0.204716336295,0.795283663705,4343361.759266238,11451.688407382082,4354813.447673621,4354813.447673621,10772142.8100,0.000543253102,18322.701451811343,2885,14,1,0.0,1
"no_stress","MQT-Set01-298-10-27-IBMQ27-Opt3-Extra.csv","LotterySeeded",238,238,238,0,0,1.0000,1.0000,0.0000,31229.423753196937,752.975756302521,31982.39950949946,31982.39950949946,72641.7600,0.003276352335,1204.761210084033,13,14,1,0.0,1
"no_stress","MQT-Set02-10-27-Mapped-AllAlgorithmLeft-Extra.csv","LotterySeeded",906,906,906,0,0,1.0000,1.0000,0.0000,228397.35757855058,1448.996997792493,229846.3545763431,229846.3545763431,701675.8400,0.001291194521,2318.395196467989,47,14,1,0.0,1
"no_stress","MQT-Set03-7-127-AllOpt-IBMMapped-Only127-Extra.csv","LotterySeeded",4654,4654,0,4654,0,1.0000,0.0000,1.0000,5633493.912682336,10822.226832831948,5644316.139515167,5644316.139515167,12750917.4800,0.000364993343,17315.562932531135,2807,14,1,0.0,1
"no_stress","MQT-Set04-7-127-AllOpt-IBMMapped-Extra.csv","LotterySeeded",5852,5852,1198,4654,0,1.0000,0.204716336295,0.795283663705,4809371.404757127,9166.258586807924,4818537.663343934,4818537.663343934,13630238.4900,0.000429339516,14666.01373889271,2842,14,1,0.0,1
"no_stress","MQT-Set01-298-10-27-IBMQ27-Opt3-Extra.csv","LotterySeeded",238,238,238,0,0,1.0000,1.0000,0.0000,28386.231179819748,734.006638655462,29120.23781847521,29120.23781847521,79911.04000000001,0.002978311883,1174.41062184874,11,14,2,0.0,1
"no_stress","MQT-Set02-10-27-Mapped-AllAlgorithmLeft-Extra.csv","LotterySeeded",906,906,906,0,0,1.0000,1.0000,0.0000,229556.76659345115,1506.984039735098,231063.7506331862,231063.7506331862,592446.7200,0.001529251441,2411.174463576162,47,14,2,0.0,1
"no_stress","MQT-Set03-7-127-AllOpt-IBMMapped-Only127-Extra.csv","LotterySeeded",4654,4654,0,4654,0,1.0000,0.0000,1.0000,5686888.136057939,10546.496923076897,5697434.632981018,5697434.632981018,13421876.3500,0.000346747346,16874.395076923032,2834,14,2,0.0,1
"no_stress","MQT-Set04-7-127-AllOpt-IBMMapped-Extra.csv","LotterySeeded",5852,5852,1198,4654,0,1.0000,0.204716336295,0.795283663705,4796332.783244585,9240.631546479823,4805573.414791064,4805573.414791064,13403607.0600,0.000436598893,14785.010474367738,2916,14,2,0.0,1
"no_stress","MQT-Set01-298-10-27-IBMQ27-Opt3-Extra.csv","LotterySeeded",238,238,238,0,0,1.0000,1.0000,0.0000,31228.570288865547,744.212310924369,31972.78259978992,31972.78259978992,81354.9000,0.002925453783,1190.739697478992,11,14,3,0.0,1
"no_stress","MQT-Set02-10-27-Mapped-AllAlgorithmLeft-Extra.csv","LotterySeeded",906,906,906,0,0,1.0000,1.0000,0.0000,228348.0483714124,1514.06197571744,229862.1103471298,229862.1103471298,631463.4400,0.001434762399,2422.499161147902,46,14,3,0.0,1
"no_stress","MQT-Set03-7-127-AllOpt-IBMMapped-Only127-Extra.csv","LotterySeeded",4654,4654,0,4654,0,1.0000,0.0000,1.0000,5619612.758846356,11064.957503222982,5630677.716349579,5630677.716349579,12114833.0500,0.000384157172,17703.932005156785,2798,14,3,0.0,1
"no_stress","MQT-Set04-7-127-AllOpt-IBMMapped-Extra.csv","LotterySeeded",5852,5852,1198,4654,0,1.0000,0.204716336295,0.795283663705,4832571.044827359,9197.698518455218,4841768.743345814,4841768.743345814,13589296.5800,0.000430633033,14716.317629528474,2878,14,3,0.0,1
"no_stress","MQT-Set01-298-10-27-IBMQ27-Opt3-Extra.csv","LotterySeeded",238,238,238,0,0,1.0000,1.0000,0.0000,29780.13915601023,743.066092436975,30523.205248447208,30523.205248447208,67805.2200,0.003510054241,1188.90574789916,19,14,4,0.0,1
"no_stress","MQT-Set02-10-27-Mapped-AllAlgorithmLeft-Extra.csv","LotterySeeded",906,906,906,0,0,1.0000,1.0000,0.0000,209409.4588451069,1479.417792494482,210888.8766376014,210888.8766376014,484980.8500,0.001868114999,2367.06846799117,47,14,4,0.0,1
"no_stress","MQT-Set03-7-127-AllOpt-IBMMapped-Only127-Extra.csv","LotterySeeded",4654,4654,0,4654,0,1.0000,0.0000,1.0000,5742395.742232481,10465.787629995675,5752861.529862478,5752861.529862478,13827339.1100,0.000336579581,16745.26020799311,2817,14,4,0.0,1
"no_stress","MQT-Set04-7-127-AllOpt-IBMMapped-Extra.csv","LotterySeeded",5852,5852,1198,4654,0,1.0000,0.204716336295,0.795283663705,4807520.735770666,9239.228402255601,4816759.964172922,4816759.964172922,13152500.7500,0.000444934398,14782.76544360903,2863,14,4,0.0,1
"no_stress","MQT-Set01-298-10-27-IBMQ27-Opt3-Extra.csv","LotterySeeded",238,238,238,0,0,1.0000,1.0000,0.0000,27009.221031558278,726.7800,27736.00103155828,27736.00103155828,66041.1100,0.003603815866,1162.848000000001,0,14,5,0.0,1
"no_stress","MQT-Set02-10-27-Mapped-AllAlgorithmLeft-Extra.csv","LotterySeeded",906,906,906,0,0,1.0000,1.0000,0.0000,205387.73609823402,1490.174304635762,206877.9104028698,206877.9104028698,573969.0200,0.001578482407,2384.27888741722,35,14,5,0.0,1
"no_stress","MQT-Set03-7-127-AllOpt-IBMMapped-Only127-Extra.csv","LotterySeeded",4654,4654,0,4654,0,1.0000,0.0000,1.0000,5608305.292161153,10905.161544907578,5619210.4537060615,5619210.4537060615,12727960.1800,0.000365651678,17448.258471852154,2865,14,5,0.0,1
"no_stress","MQT-Set04-7-127-AllOpt-IBMMapped-Extra.csv","LotterySeeded",5852,5852,1198,4654,0,1.0000,0.204716336295,0.795283663705,4804833.020565166,9251.83918147639,4814084.859746643,4814084.859746643,13110264.0000,0.000446367823,14802.942690362208,2842,14,5,0.0,1
"no_stress","MQT-Set01-298-10-27-IBMQ27-Opt3-Extra.csv","MCT",238,238,238,0,0,1.0000,1.0000,0.0000,16068.161435574239,684.930168067227,16753.091603641467,16753.091603641467,35123.3100,0.006776126737,1095.888268907563,7,14,1,0.25,14
"no_stress","MQT-Set02-10-27-Mapped-AllAlgorithmLeft-Extra.csv","MCT",906,906,906,0,0,1.0000,1.0000,0.0000,109852.88644162368,1362.600761589403,111215.48720321312,111215.48720321312,262376.1800,0.003453057362,2180.161218543045,47,14,1,0.25,14
"no_stress","MQT-Set03-7-127-AllOpt-IBMMapped-Only127-Extra.csv","MCT",4654,4654,0,4654,0,1.0000,0.0000,1.0000,5340148.255978828,13631.399020197647,5353779.654999026,5353779.654999026,10982275.1700,0.000423773756,21810.23843231625,2856,14,1,0.25,14
"no_stress","MQT-Set04-7-127-AllOpt-IBMMapped-Extra.csv","MCT",5852,5852,1198,4654,0,1.0000,0.204716336295,0.795283663705,4483483.947158128,11651.18827580313,4495135.13543393,4495135.13543393,11360858.8900,0.0005151019,18641.90124128511,2816,14,1,0.25,14
"no_stress","MQT-Set01-298-10-27-IBMQ27-Opt3-Extra.csv","MCT",238,238,238,0,0,1.0000,1.0000,0.0000,16387.059838935573,686.492773109244,17073.552612044816,17073.552612044816,35650.0000,0.00667601683,1098.38843697479,12,14,1,0.5,14
"no_stress","MQT-Set02-10-27-Mapped-AllAlgorithmLeft-Extra.csv","MCT",906,906,906,0,0,1.0000,1.0000,0.0000,113997.53981910717,1366.459646799116,115363.99946590625,115363.99946590625,278632.5500,0.003251594259,2186.335434878588,48,14,1,0.5,14
"no_stress","MQT-Set03-7-127-AllOpt-IBMMapped-Only127-Extra.csv","MCT",4654,4654,0,4654,0,1.0000,0.0000,1.0000,5758226.471078631,14242.819750752018,5772469.290829385,5772469.290829385,12263270.2200,0.000379507253,22788.511601203296,2828,14,1,0.5,14
"no_stress","MQT-Set04-7-127-AllOpt-IBMMapped-Extra.csv","MCT",5852,5852,1198,4654,0,1.0000,0.204716336295,0.795283663705,4784102.873371008,12118.224468557777,4796221.097839566,4796221.097839566,12717244.6900,0.00046016257,19389.159149692357,2842,14,1,0.5,14
"no_stress","MQT-Set01-298-10-27-IBMQ27-Opt3-Extra.csv","FCFS",238,238,238,0,0,1.0000,1.0000,0.0000,79302.55521008406,684.544789915966,79987.10000000002,79987.10000000002,162921.6600,0.001460824791,1095.271663865546,11,15,1,0.0,1
"no_stress","MQT-Set01-298-10-27-IBMQ27-Opt3-Extra.csv","LoadAware",238,238,238,0,0,1.0000,1.0000,0.0000,16370.54600140056,721.309831932773,17091.85583333333,17091.85583333333,42704.689999999995,0.005573158358,1154.095731092437,8,15,1,0.0,1
"no_stress","MQT-Set01-298-10-27-IBMQ27-Opt3-Extra.csv","QCLAR",238,238,238,0,0,1.0000,1.0000,0.0000,16202.585816526604,711.915420168067,16914.501236694672,16914.501236694672,40925.3500,0.005815466453,1139.064672268908,9,15,1,0.0,1
"no_stress","MQT-Set01-298-10-27-IBMQ27-Opt3-Extra.csv","QCLAAR",238,238,238,0,0,1.0000,1.0000,0.0000,16202.585816526604,711.915420168067,16914.501236694672,16914.501236694672,40925.3500,0.005815466453,1139.064672268908,15,15,1,0.0,1
"no_stress","MQT-Set01-298-10-27-IBMQ27-Opt3-Extra.csv","MCT",238,238,238,0,0,1.0000,1.0000,0.0000,15681.810984593843,721.805798319328,16403.616782913174,16403.616782913174,34714.4900,0.006855926733,1154.889277310925,11,15,1,0.0,1
"no_stress","MQT-Set02-10-27-Mapped-AllAlgorithmLeft-Extra.csv","FCFS",906,906,906,0,0,1.0000,1.0000,0.0000,623292.3023265188,1503.795894039735,624796.0982205586,624796.0982205586,1362439.0800,0.000664983861,2406.073430463576,47,15,1,0.0,1
"no_stress","MQT-Set02-10-27-Mapped-AllAlgorithmLeft-Extra.csv","LoadAware",906,906,906,0,0,1.0000,1.0000,0.0000,132978.28989826277,1574.085927152315,134552.37582541507,134552.37582541507,410761.8000,0.002205657878,2518.537483443711,49,15,1,0.0,1
"no_stress","MQT-Set02-10-27-Mapped-AllAlgorithmLeft-Extra.csv","QCLAR",906,906,906,0,0,1.0000,1.0000,0.0000,136739.9919172305,1605.862649006622,138345.85456623713,138345.85456623713,456401.8100,0.001985092916,2569.380238410598,47,15,1,0.0,1
"no_stress","MQT-Set02-10-27-Mapped-AllAlgorithmLeft-Extra.csv","QCLAAR",906,906,906,0,0,1.0000,1.0000,0.0000,136739.9919172305,1605.862649006622,138345.85456623713,138345.85456623713,456401.8100,0.001985092916,2569.380238410598,50,15,1,0.0,1
"no_stress","MQT-Set02-10-27-Mapped-AllAlgorithmLeft-Extra.csv","MCT",906,906,906,0,0,1.0000,1.0000,0.0000,114532.21006292586,1571.609514348787,116103.81957727465,116103.81957727465,358069.3700,0.002530235971,2514.575222958056,50,15,1,0.0,1
"no_stress","MQT-Set03-7-127-AllOpt-IBMMapped-Only127-Extra.csv","FCFS",4654,4654,0,4654,0,1.0000,0.0000,1.0000,96836515.0215407,41959.01799527289,96878474.03953597,96878474.03953597,195277269.7500,0.000023832779,67134.42879243691,2874,15,1,0.0,1
"no_stress","MQT-Set03-7-127-AllOpt-IBMMapped-Only127-Extra.csv","LoadAware",4654,4654,0,4654,0,1.0000,0.0000,1.0000,7713397.449791789,20386.713914911892,7733784.163706704,7733784.163706704,34675952.78999999,0.000134214048,32618.74226385901,2800,15,1,0.0,1
"no_stress","MQT-Set03-7-127-AllOpt-IBMMapped-Only127-Extra.csv","QCLAR",4654,4654,0,4654,0,1.0000,0.0000,1.0000,5603036.292247426,11760.274187795414,5614796.566435221,5614796.566435221,12802081.2200,0.000363534641,18816.438700472674,2803,15,1,0.0,1
"no_stress","MQT-Set03-7-127-AllOpt-IBMMapped-Only127-Extra.csv","QCLAAR",4654,4654,0,4654,0,1.0000,0.0000,1.0000,5581087.2716178605,11927.450466265595,5593014.7220841255,5593014.7220841255,13214018.4600,0.000352201718,19083.920746024934,2936,15,1,0.0,1
"no_stress","MQT-Set03-7-127-AllOpt-IBMMapped-Only127-Extra.csv","MCT",4654,4654,0,4654,0,1.0000,0.0000,1.0000,5178432.755571259,13517.933876235475,5191950.689447495,5191950.689447495,10555794.6300,0.000440895277,21628.69420197676,2869,15,1,0.0,1
"no_stress","MQT-Set04-7-127-AllOpt-IBMMapped-Extra.csv","FCFS",5852,5852,1198,4654,0,1.0000,0.204716336295,0.795283663705,78913988.64705049,33968.95002221456,78947957.5970727,78947957.5970727,196540140.6500,0.000029775088,54350.320035543395,2930,15,1,0.0,1
"no_stress","MQT-Set04-7-127-AllOpt-IBMMapped-Extra.csv","LoadAware",5852,5852,1198,4654,0,1.0000,0.204716336295,0.795283663705,6475463.402355425,16943.52666780589,6492406.929023233,6492406.929023233,33921449.5800,0.000172516212,27109.64266848949,2882,15,1,0.0,1
"no_stress","MQT-Set04-7-127-AllOpt-IBMMapped-Extra.csv","QCLAR",5852,5852,1198,4654,0,1.0000,0.204716336295,0.795283663705,4616179.793169768,9751.743323650047,4625931.536493417,4625931.536493417,13545080.620000001,0.000432038772,15602.789317840108,2886,15,1,0.0,1
"no_stress","MQT-Set04-7-127-AllOpt-IBMMapped-Extra.csv","QCLAAR",5852,5852,1198,4654,0,1.0000,0.204716336295,0.795283663705,4595309.643285966,9975.270495557068,4605284.913781521,4605284.913781521,13299518.2700,0.000440015938,15960.432792891306,2933,15,1,0.0,1
"no_stress","MQT-Set04-7-127-AllOpt-IBMMapped-Extra.csv","MCT",5852,5852,1198,4654,0,1.0000,0.204716336295,0.795283663705,4258387.931753113,11222.709495898816,4269610.641249012,4269610.641249012,10619364.1300,0.000551068777,17956.335193438237,2922,15,1,0.0,1
"no_stress","MQT-Set01-298-10-27-IBMQ27-Opt3-Extra.csv","LotterySeeded",238,238,238,0,0,1.0000,1.0000,0.0000,30136.369730392147,790.646302521008,30927.016032913154,30927.016032913154,78818.9200,0.003019579563,1265.034084033613,19,15,1,0.0,1
"no_stress","MQT-Set02-10-27-Mapped-AllAlgorithmLeft-Extra.csv","LotterySeeded",906,906,906,0,0,1.0000,1.0000,0.0000,223335.2391215303,1689.803189845474,225025.04231137576,225025.04231137576,807236.0400,0.001122348303,2703.685103752756,48,15,1,0.0,1
"no_stress","MQT-Set03-7-127-AllOpt-IBMMapped-Only127-Extra.csv","LotterySeeded",4654,4654,0,4654,0,1.0000,0.0000,1.0000,5681194.038053636,10870.800994843159,5692064.839048478,5692064.839048478,13279067.8500,0.000350476408,17393.281591748986,2879,15,1,0.0,1
"no_stress","MQT-Set04-7-127-AllOpt-IBMMapped-Extra.csv","LotterySeeded",5852,5852,1198,4654,0,1.0000,0.204716336295,0.795283663705,4685973.077694915,9073.359800068307,4695046.437494982,4695046.437494982,13316338.7300,0.000439460134,14517.375680109373,2893,15,1,0.0,1
"no_stress","MQT-Set01-298-10-27-IBMQ27-Opt3-Extra.csv","LotterySeeded",238,238,238,0,0,1.0000,1.0000,0.0000,30126.0799190872,799.059789915966,30925.139709003168,30925.139709003168,85522.2200,0.002782902502,1278.495663865547,10,15,2,0.0,1
"no_stress","MQT-Set02-10-27-Mapped-AllAlgorithmLeft-Extra.csv","LotterySeeded",906,906,906,0,0,1.0000,1.0000,0.0000,256163.05386685766,1720.960629139076,257884.0144959968,257884.0144959968,647266.4800,0.001399732611,2753.537006622515,50,15,2,0.0,1
"no_stress","MQT-Set03-7-127-AllOpt-IBMMapped-Only127-Extra.csv","LotterySeeded",4654,4654,0,4654,0,1.0000,0.0000,1.0000,5685599.917775137,10733.848889127661,5696333.766664265,5696333.766664265,13029010.8200,0.000357202866,17174.158222604212,2856,15,2,0.0,1
"no_stress","MQT-Set04-7-127-AllOpt-IBMMapped-Extra.csv","LotterySeeded",5852,5852,1198,4654,0,1.0000,0.204716336295,0.795283663705,4687227.58595369,9003.693523581664,4696231.279477271,4696231.279477271,13009492.700000001,0.00044982538,14405.909637730716,2937,15,2,0.0,1
"no_stress","MQT-Set01-298-10-27-IBMQ27-Opt3-Extra.csv","LotterySeeded",238,238,238,0,0,1.0000,1.0000,0.0000,31075.847839635848,805.138781512605,31880.98662114845,31880.98662114845,98058.5300,0.002427121842,1288.222050420169,10,15,3,0.0,1
"no_stress","MQT-Set02-10-27-Mapped-AllAlgorithmLeft-Extra.csv","LotterySeeded",906,906,906,0,0,1.0000,1.0000,0.0000,251932.44893682195,1761.167980132449,253693.61691695437,253693.61691695437,726683.7500,0.001246759681,2817.868768211919,47,15,3,0.0,1
"no_stress","MQT-Set03-7-127-AllOpt-IBMMapped-Only127-Extra.csv","LotterySeeded",4654,4654,0,4654,0,1.0000,0.0000,1.0000,5690941.372307904,10638.767281908029,5701580.139589812,5701580.139589812,12607511.0000,0.000369145028,17022.02765105287,2872,15,3,0.0,1
"no_stress","MQT-Set04-7-127-AllOpt-IBMMapped-Extra.csv","LotterySeeded",5852,5852,1198,4654,0,1.0000,0.204716336295,0.795283663705,4672041.182090529,9061.590382775117,4681102.772473304,4681102.772473304,12804829.5500,0.000457015064,14498.544612440193,2923,15,3,0.0,1
"no_stress","MQT-Set01-298-10-27-IBMQ27-Opt3-Extra.csv","LotterySeeded",238,238,238,0,0,1.0000,1.0000,0.0000,29735.98237648684,777.344159663866,30513.326536150707,30513.326536150707,68723.0600,0.003463175243,1243.750655462185,11,15,4,0.0,1
"no_stress","MQT-Set02-10-27-Mapped-AllAlgorithmLeft-Extra.csv","LotterySeeded",906,906,906,0,0,1.0000,1.0000,0.0000,239218.50399194987,1754.829856512141,240973.33384846197,240973.33384846197,658233.4300,0.001376411405,2807.727770419428,67,15,4,0.0,1
"no_stress","MQT-Set03-7-127-AllOpt-IBMMapped-Only127-Extra.csv","LotterySeeded",4654,4654,0,4654,0,1.0000,0.0000,1.0000,5696288.166373921,10618.762580575833,5706906.928954497,5706906.928954497,13091057.040000001,0.000355509871,16990.020128921322,2854,15,4,0.0,1
"no_stress","MQT-Set04-7-127-AllOpt-IBMMapped-Extra.csv","LotterySeeded",5852,5852,1198,4654,0,1.0000,0.204716336295,0.795283663705,4686700.645886966,9183.405473342467,4695884.051360309,4695884.051360309,13072887.1500,0.000447644039,14693.448757347915,2889,15,4,0.0,1
"no_stress","MQT-Set01-298-10-27-IBMQ27-Opt3-Extra.csv","LotterySeeded",238,238,238,0,0,1.0000,1.0000,0.0000,30261.471874999992,774.469369747899,31035.94124474789,31035.94124474789,82263.09000000001,0.002893156578,1239.150991596639,0,15,5,0.0,1
"no_stress","MQT-Set02-10-27-Mapped-AllAlgorithmLeft-Extra.csv","LotterySeeded",906,906,906,0,0,1.0000,1.0000,0.0000,220093.54977581,1733.61449227373,221827.1642680837,221827.1642680837,720753.4600,0.001257017899,2773.783187637967,47,15,5,0.0,1
"no_stress","MQT-Set03-7-127-AllOpt-IBMMapped-Only127-Extra.csv","LotterySeeded",4654,4654,0,4654,0,1.0000,0.0000,1.0000,5634282.956165582,10959.757889987088,5645242.714055568,5645242.714055568,12922086.1100,0.000360158566,17535.61262397934,2865,15,5,0.0,1
"no_stress","MQT-Set04-7-127-AllOpt-IBMMapped-Extra.csv","LotterySeeded",5852,5852,1198,4654,0,1.0000,0.204716336295,0.795283663705,4708266.349527149,9098.972074504443,4717365.321601653,4717365.321601653,12737247.1600,0.000459439934,14558.355319207041,3049,15,5,0.0,1
"no_stress","MQT-Set01-298-10-27-IBMQ27-Opt3-Extra.csv","MCT",238,238,238,0,0,1.0000,1.0000,0.0000,15651.769387955184,721.518949579831,16373.288337535017,16373.288337535017,36268.2800,0.006562208078,1154.430319327731,5,15,1,0.25,15
"no_stress","MQT-Set02-10-27-Mapped-AllAlgorithmLeft-Extra.csv","MCT",906,906,906,0,0,1.0000,1.0000,0.0000,113645.27298787069,1568.833454746138,115214.10644261682,115214.10644261682,353736.9500,0.002561225227,2510.133527593819,50,15,1,0.25,15
"no_stress","MQT-Set03-7-127-AllOpt-IBMMapped-Only127-Extra.csv","MCT",4654,4654,0,4654,0,1.0000,0.0000,1.0000,5310172.55510715,13651.464825956135,5323824.019933106,5323824.019933106,10829614.3400,0.000429747529,21842.34372152987,2877,15,1,0.25,15
"no_stress","MQT-Set04-7-127-AllOpt-IBMMapped-Extra.csv","MCT",5852,5852,1198,4654,0,1.0000,0.204716336295,0.795283663705,4360669.680594554,11353.144029391675,4372022.824623947,4372022.824623947,10984254.7800,0.000532762588,18165.030447026693,2940,15,1,0.25,15
"no_stress","MQT-Set01-298-10-27-IBMQ27-Opt3-Extra.csv","MCT",238,238,238,0,0,1.0000,1.0000,0.0000,15638.718043417366,723.284243697479,16362.002287114845,16362.002287114845,39343.9900,0.006049208532,1157.254789915967,14,15,1,0.5,15
"no_stress","MQT-Set02-10-27-Mapped-AllAlgorithmLeft-Extra.csv","MCT",906,906,906,0,0,1.0000,1.0000,0.0000,113551.41869427246,1566.991677704193,115118.41037197664,115118.41037197664,347385.02999999997,0.002608057117,2507.186684326712,55,15,1,0.5,15
"no_stress","MQT-Set03-7-127-AllOpt-IBMMapped-Only127-Extra.csv","MCT",4654,4654,0,4654,0,1.0000,0.0000,1.0000,5680558.720197395,14192.483081220451,5694751.203278616,5694751.203278616,12032934.030000001,0.000386771837,22707.97292995273,2806,15,1,0.5,15
"no_stress","MQT-Set04-7-127-AllOpt-IBMMapped-Extra.csv","MCT",5852,5852,1198,4654,0,1.0000,0.204716336295,0.795283663705,4677028.138008935,11777.886877990433,4688806.024886925,4688806.024886925,12056954.9000,0.000485363016,18844.619004784672,2896,15,1,0.5,15
"no_stress","MQT-Set01-298-10-27-IBMQ27-Opt3-Extra.csv","FCFS",238,238,238,0,0,1.0000,1.0000,0.0000,79440.44133540371,674.013109243698,80114.45444464742,80114.45444464742,160415.1200,0.001483650668,1078.420974789915,11,16,1,0.0,1
"no_stress","MQT-Set01-298-10-27-IBMQ27-Opt3-Extra.csv","LoadAware",238,238,238,0,0,1.0000,1.0000,0.0000,16391.37916453538,705.667731092437,17097.04689562782,17097.04689562782,46115.2200,0.005160985896,1129.068369747899,11,16,1,0.0,1
"no_stress","MQT-Set01-298-10-27-IBMQ27-Opt3-Extra.csv","QCLAR",238,238,238,0,0,1.0000,1.0000,0.0000,16362.993581932777,704.643487394958,17067.637069327735,17067.637069327735,46115.2200,0.005160985896,1127.429579831933,8,16,1,0.0,1
"no_stress","MQT-Set01-298-10-27-IBMQ27-Opt3-Extra.csv","QCLAAR",238,238,238,0,0,1.0000,1.0000,0.0000,16362.993581932777,704.643487394958,17067.637069327735,17067.637069327735,46115.2200,0.005160985896,1127.429579831933,17,16,1,0.0,1
"no_stress","MQT-Set01-298-10-27-IBMQ27-Opt3-Extra.csv","MCT",238,238,238,0,0,1.0000,1.0000,0.0000,15749.018390522871,710.726050420168,16459.74444094304,16459.74444094304,34590.3500,0.006880531709,1137.161680672269,11,16,1,0.0,1
"no_stress","MQT-Set02-10-27-Mapped-AllAlgorithmLeft-Extra.csv","FCFS",906,906,906,0,0,1.0000,1.0000,0.0000,723112.591101353,1572.159161147903,724684.750262501,724684.750262501,1424376.2000,0.000636067915,2515.454657836646,38,16,1,0.0,1
"no_stress","MQT-Set02-10-27-Mapped-AllAlgorithmLeft-Extra.csv","LoadAware",906,906,906,0,0,1.0000,1.0000,0.0000,156757.49779837296,1683.271644591613,158440.76944296458,158440.76944296458,406208.3600,0.002230382457,2693.234631346577,52,16,1,0.0,1
"no_stress","MQT-Set02-10-27-Mapped-AllAlgorithmLeft-Extra.csv","QCLAR",906,906,906,0,0,1.0000,1.0000,0.0000,155280.02548051235,1683.242262693157,156963.26774320542,156963.26774320542,423869.5400,0.002137450122,2693.187620309051,43,16,1,0.0,1
"no_stress","MQT-Set02-10-27-Mapped-AllAlgorithmLeft-Extra.csv","QCLAAR",906,906,906,0,0,1.0000,1.0000,0.0000,155280.02548051235,1683.242262693157,156963.26774320542,156963.26774320542,423869.5400,0.002137450122,2693.187620309051,49,16,1,0.0,1
"no_stress","MQT-Set02-10-27-Mapped-AllAlgorithmLeft-Extra.csv","MCT",906,906,906,0,0,1.0000,1.0000,0.0000,133625.16303018117,1645.027328918322,135270.19035909948,135270.19035909948,388602.4000,0.002331431818,2632.043726269314,48,16,1,0.0,1
"no_stress","MQT-Set03-7-127-AllOpt-IBMMapped-Only127-Extra.csv","FCFS",4654,4654,0,4654,0,1.0000,0.0000,1.0000,96142023.3690738,41766.207831972504,96183789.57690577,96183789.57690577,194379931.2500,0.000023942801,66825.93253115617,2935,16,1,0.0,1
"no_stress","MQT-Set03-7-127-AllOpt-IBMMapped-Only127-Extra.csv","LoadAware",4654,4654,0,4654,0,1.0000,0.0000,1.0000,8036305.237923293,21014.98909110436,8057320.227014398,8057320.227014398,38724677.879999995,0.000120181761,33623.98254576714,2840,16,1,0.0,1
"no_stress","MQT-Set03-7-127-AllOpt-IBMMapped-Only127-Extra.csv","QCLAR",4654,4654,0,4654,0,1.0000,0.0000,1.0000,5628237.271039886,11433.094071766249,5639670.365111652,5639670.365111652,14308618.280000001,0.00032525852,18292.95051482592,2850,16,1,0.0,1
"no_stress","MQT-Set03-7-127-AllOpt-IBMMapped-Only127-Extra.csv","QCLAAR",4654,4654,0,4654,0,1.0000,0.0000,1.0000,5553091.820287619,12051.659538031783,5565143.479825651,5565143.479825651,13790238.0000,0.000337485111,19282.65526085086,3004,16,1,0.0,1
"no_stress","MQT-Set03-7-127-AllOpt-IBMMapped-Only127-Extra.csv","MCT",4654,4654,0,4654,0,1.0000,0.0000,1.0000,5141660.711541757,13453.767481736117,5155114.479023494,5155114.479023494,10505420.5700,0.000443009394,21526.02797077779,2852,16,1,0.0,1
"no_stress","MQT-Set04-7-127-AllOpt-IBMMapped-Extra.csv","FCFS",5852,5852,1198,4654,0,1.0000,0.204716336295,0.795283663705,77843574.98990172,33897.48222317151,77877472.47212489,77877472.47212489,196333330.4900,0.000029806452,54235.971557074576,2971,16,1,0.0,1
"no_stress","MQT-Set04-7-127-AllOpt-IBMMapped-Extra.csv","LoadAware",5852,5852,1198,4654,0,1.0000,0.204716336295,0.795283663705,6130689.754086346,16146.9773069036,6146836.73139325,6146836.73139325,30738267.0800,0.000190381585,25835.163691045775,2930,16,1,0.0,1
"no_stress","MQT-Set04-7-127-AllOpt-IBMMapped-Extra.csv","QCLAR",5852,5852,1198,4654,0,1.0000,0.204716336295,0.795283663705,4570135.434792678,9642.617694805158,4579778.052487484,4579778.052487484,12989961.2800,0.000450501728,15428.188311688378,2912,16,1,0.0,1
"no_stress","MQT-Set04-7-127-AllOpt-IBMMapped-Extra.csv","QCLAAR",5852,5852,1198,4654,0,1.0000,0.204716336295,0.795283663705,4531903.54858626,10041.266375598078,4541944.814961857,4541944.814961857,13314186.2600,0.00043953118,16066.026200956965,2936,16,1,0.0,1
"no_stress","MQT-Set04-7-127-AllOpt-IBMMapped-Extra.csv","MCT",5852,5852,1198,4654,0,1.0000,0.204716336295,0.795283663705,4198905.947422817,11173.491671223526,4210079.439094041,4210079.439094041,10615662.4400,0.000551260935,17877.586673957594,2866,16,1,0.0,1
"no_stress","MQT-Set01-298-10-27-IBMQ27-Opt3-Extra.csv","LotterySeeded",238,238,238,0,0,1.0000,1.0000,0.0000,31032.83852327163,790.263571428572,31823.102094700196,31823.102094700196,90016.5200,0.002643959131,1264.421714285714,7,16,1,0.0,1
"no_stress","MQT-Set02-10-27-Mapped-AllAlgorithmLeft-Extra.csv","LotterySeeded",906,906,906,0,0,1.0000,1.0000,0.0000,270820.3986219661,1774.531192052976,272594.929814019,272594.929814019,546582.9300,0.001657570975,2839.249907284766,47,16,1,0.0,1
"no_stress","MQT-Set03-7-127-AllOpt-IBMMapped-Only127-Extra.csv","LotterySeeded",4654,4654,0,4654,0,1.0000,0.0000,1.0000,5574952.085953418,10875.608515255686,5585827.694468673,5585827.694468673,12300056.370000001,0.00037837225,17400.97362440911,2901,16,1,0.0,1
"no_stress","MQT-Set04-7-127-AllOpt-IBMMapped-Extra.csv","LotterySeeded",5852,5852,1198,4654,0,1.0000,0.204716336295,0.795283663705,4649479.572349065,8892.316481544754,4658371.88883061,4658371.88883061,13587913.5500,0.000430676864,14227.706370471706,2907,16,1,0.0,1
"no_stress","MQT-Set01-298-10-27-IBMQ27-Opt3-Extra.csv","LotterySeeded",238,238,238,0,0,1.0000,1.0000,0.0000,28680.743128501425,755.718655462184,29436.461783963605,29436.461783963605,69614.6100,0.003418822572,1209.149848739496,10,16,2,0.0,1
"no_stress","MQT-Set02-10-27-Mapped-AllAlgorithmLeft-Extra.csv","LotterySeeded",906,906,906,0,0,1.0000,1.0000,0.0000,290378.8121572369,1783.969646799114,292162.781804036,292162.781804036,630388.5000,0.001437208959,2854.351434878589,50,16,2,0.0,1
"no_stress","MQT-Set03-7-127-AllOpt-IBMMapped-Only127-Extra.csv","LotterySeeded",4654,4654,0,4654,0,1.0000,0.0000,1.0000,5639504.226108772,10736.588678556063,5650240.814787327,5650240.814787327,13204411.6600,0.00035245796,17178.541885689785,2841,16,2,0.0,1
"no_stress","MQT-Set04-7-127-AllOpt-IBMMapped-Extra.csv","LotterySeeded",5852,5852,1198,4654,0,1.0000,0.204716336295,0.795283663705,4714185.14709998,8749.66025632263,4722934.807356304,4722934.807356304,13653168.6500,0.000428618451,13999.456410116174,2922,16,2,0.0,1
"no_stress","MQT-Set01-298-10-27-IBMQ27-Opt3-Extra.csv","LotterySeeded",238,238,238,0,0,1.0000,1.0000,0.0000,28571.686673669465,764.443361344538,29336.130035014005,29336.130035014005,62842.939999999995,0.003787219376,1223.109378151261,14,16,3,0.0,1
"no_stress","MQT-Set02-10-27-Mapped-AllAlgorithmLeft-Extra.csv","LotterySeeded",906,906,906,0,0,1.0000,1.0000,0.0000,255317.7901992394,1805.636037527593,257123.42623676697,257123.42623676697,821601.0300,0.001102725005,2889.017660044153,45,16,3,0.0,1
"no_stress","MQT-Set03-7-127-AllOpt-IBMMapped-Only127-Extra.csv","LotterySeeded",4654,4654,0,4654,0,1.0000,0.0000,1.0000,5702435.477376678,10430.666314997814,5712866.143691676,5712866.143691676,13964032.5800,0.000333284814,16689.06610399653,2951,16,3,0.0,1
"no_stress","MQT-Set04-7-127-AllOpt-IBMMapped-Extra.csv","LotterySeeded",5852,5852,1198,4654,0,1.0000,0.204716336295,0.795283663705,4635486.103333937,9002.009489063557,4644488.112822999,4644488.112822999,13124936.8100,0.000445868813,14403.21518250168,2876,16,3,0.0,1
"no_stress","MQT-Set01-298-10-27-IBMQ27-Opt3-Extra.csv","LotterySeeded",238,238,238,0,0,1.0000,1.0000,0.0000,29101.847708333342,763.961176470588,29865.808884803926,29865.808884803926,62371.9300,0.003815819071,1222.337882352941,11,16,4,0.0,1
"no_stress","MQT-Set02-10-27-Mapped-AllAlgorithmLeft-Extra.csv","LotterySeeded",906,906,906,0,0,1.0000,1.0000,0.0000,252025.45692517262,1728.554503311255,253754.01142848388,253754.01142848388,710970.2900,0.001274314852,2765.687205298016,50,16,4,0.0,1
"no_stress","MQT-Set03-7-127-AllOpt-IBMMapped-Only127-Extra.csv","LotterySeeded",4654,4654,0,4654,0,1.0000,0.0000,1.0000,5713441.431732441,10328.299944134045,5723769.731676576,5723769.731676576,14007536.6500,0.000332249711,16525.279910614478,2840,16,4,0.0,1
"no_stress","MQT-Set04-7-127-AllOpt-IBMMapped-Extra.csv","LotterySeeded",5852,5852,1198,4654,0,1.0000,0.204716336295,0.795283663705,4613089.469791909,9079.159328434722,4622168.629120344,4622168.629120344,13059760.9100,0.000448093961,14526.6549254956,2838,16,4,0.0,1
"no_stress","MQT-Set01-298-10-27-IBMQ27-Opt3-Extra.csv","LotterySeeded",238,238,238,0,0,1.0000,1.0000,0.0000,29517.859438070882,753.66974789916,30271.52918597005,30271.52918597005,84386.5700,0.002820353997,1205.871596638656,10,16,5,0.0,1
"no_stress","MQT-Set02-10-27-Mapped-AllAlgorithmLeft-Extra.csv","LotterySeeded",906,906,906,0,0,1.0000,1.0000,0.0000,265940.00731782085,1825.82459161148,267765.8319094323,267765.8319094323,774023.9800,0.001170506371,2921.319346578365,56,16,5,0.0,1
"no_stress","MQT-Set03-7-127-AllOpt-IBMMapped-Only127-Extra.csv","LotterySeeded",4654,4654,0,4654,0,1.0000,0.0000,1.0000,5527520.022237766,11340.49607219595,5538860.518309962,5538860.518309962,12274723.8000,0.000379153134,18144.79371551354,2908,16,5,0.0,1
"no_stress","MQT-Set04-7-127-AllOpt-IBMMapped-Extra.csv","LotterySeeded",5852,5852,1198,4654,0,1.0000,0.204716336295,0.795283663705,4653265.570228722,8946.807797334259,4662212.378026055,4662212.378026055,13507765.0100,0.000433232292,14314.8924757348,2869,16,5,0.0,1
"no_stress","MQT-Set01-298-10-27-IBMQ27-Opt3-Extra.csv","MCT",238,238,238,0,0,1.0000,1.0000,0.0000,15780.83573179272,710.856848739496,16491.692580532217,16491.692580532217,35810.439999999995,0.006646106554,1137.370957983193,11,16,1,0.25,16
"no_stress","MQT-Set02-10-27-Mapped-AllAlgorithmLeft-Extra.csv","MCT",906,906,906,0,0,1.0000,1.0000,0.0000,131564.1556350377,1642.138090507723,133206.29372554546,133206.29372554546,384929.2900,0.002353679035,2627.420944812361,50,16,1,0.25,16
"no_stress","MQT-Set03-7-127-AllOpt-IBMMapped-Only127-Extra.csv","MCT",4654,4654,0,4654,0,1.0000,0.0000,1.0000,5259118.137175609,13622.563925655331,5272740.701101268,5272740.701101268,10802646.7500,0.000430820345,21796.102281048486,2818,16,1,0.25,16
"no_stress","MQT-Set04-7-127-AllOpt-IBMMapped-Extra.csv","MCT",5852,5852,1198,4654,0,1.0000,0.204716336295,0.795283663705,4290544.362321988,11305.55749316469,4301849.919815153,4301849.919815153,10938099.6800,0.000535010666,18088.891989063595,2858,16,1,0.25,16
"no_stress","MQT-Set01-298-10-27-IBMQ27-Opt3-Extra.csv","MCT",238,238,238,0,0,1.0000,1.0000,0.0000,15929.021397058827,713.742773109244,16642.76417016807,16642.76417016807,36168.5700,0.006580298862,1141.98843697479,9,16,1,0.5,16
"no_stress","MQT-Set02-10-27-Mapped-AllAlgorithmLeft-Extra.csv","MCT",906,906,906,0,0,1.0000,1.0000,0.0000,131303.87593305102,1640.600938189845,132944.47687124085,132944.47687124085,418331.0000,0.002165749132,2624.961501103752,51,16,1,0.5,16
"no_stress","MQT-Set03-7-127-AllOpt-IBMMapped-Only127-Extra.csv","MCT",4654,4654,0,4654,0,1.0000,0.0000,1.0000,5603453.400084955,14184.97751826385,5617638.377603219,5617638.377603219,11947303.4600,0.000389543968,22695.964029222152,2903,16,1,0.5,16
"no_stress","MQT-Set04-7-127-AllOpt-IBMMapped-Extra.csv","MCT",5852,5852,1198,4654,0,1.0000,0.204716336295,0.795283663705,4575995.255928955,11723.787983595292,4587719.043912552,4587719.043912552,12126790.0600,0.000482567932,18758.0607737526,2907,16,1,0.5,16
"no_stress","MQT-Set01-298-10-27-IBMQ27-Opt3-Extra.csv","FCFS",238,238,238,0,0,1.0000,1.0000,0.0000,75106.92449579829,609.70012605042,75716.6246218487,75716.6246218487,145108.6300,0.001640150555,975.520201680672,12,17,1,0.0,1
"no_stress","MQT-Set01-298-10-27-IBMQ27-Opt3-Extra.csv","LoadAware",238,238,238,0,0,1.0000,1.0000,0.0000,15674.987934173663,649.365294117647,16324.353228291315,16324.353228291315,40497.1400,0.005876958225,1038.984470588235,15,17,1,0.0,1
"no_stress","MQT-Set01-298-10-27-IBMQ27-Opt3-Extra.csv","QCLAR",238,238,238,0,0,1.0000,1.0000,0.0000,15445.117707282914,643.256932773109,16088.374640056027,16088.374640056027,36447.4900,0.006529942117,1029.211092436974,9,17,1,0.0,1
"no_stress","MQT-Set01-298-10-27-IBMQ27-Opt3-Extra.csv","QCLAAR",238,238,238,0,0,1.0000,1.0000,0.0000,15445.117707282914,643.256932773109,16088.374640056027,16088.374640056027,36447.4900,0.006529942117,1029.211092436974,12,17,1,0.0,1
"no_stress","MQT-Set01-298-10-27-IBMQ27-Opt3-Extra.csv","MCT",238,238,238,0,0,1.0000,1.0000,0.0000,15060.81686694677,642.911008403361,15703.727875350132,15703.727875350132,30963.7600,0.00768640501,1028.657613445379,8,17,1,0.0,1
"no_stress","MQT-Set02-10-27-Mapped-AllAlgorithmLeft-Extra.csv","FCFS",906,906,906,0,0,1.0000,1.0000,0.0000,760083.7129225458,1744.48848785872,761828.2014104046,761828.2014104046,1580506.5700,0.000573233935,2791.181580573951,50,17,1,0.0,1
"no_stress","MQT-Set02-10-27-Mapped-AllAlgorithmLeft-Extra.csv","LoadAware",906,906,906,0,0,1.0000,1.0000,0.0000,163266.5112209266,1835.672516556293,165102.18373748288,165102.18373748288,420541.9600,0.002154362908,2937.076026490068,48,17,1,0.0,1
"no_stress","MQT-Set02-10-27-Mapped-AllAlgorithmLeft-Extra.csv","QCLAR",906,906,906,0,0,1.0000,1.0000,0.0000,163341.0607113807,1832.31485651214,165173.3755678929,165173.3755678929,403019.4300,0.002248030573,2931.703770419428,51,17,1,0.0,1
"no_stress","MQT-Set02-10-27-Mapped-AllAlgorithmLeft-Extra.csv","QCLAAR",906,906,906,0,0,1.0000,1.0000,0.0000,163341.0607113807,1832.31485651214,165173.3755678929,165173.3755678929,403019.4300,0.002248030573,2931.703770419428,53,17,1,0.0,1
"no_stress","MQT-Set02-10-27-Mapped-AllAlgorithmLeft-Extra.csv","MCT",906,906,906,0,0,1.0000,1.0000,0.0000,140584.8551153543,1826.933333333332,142411.78844868764,142411.78844868764,396760.2900,0.002283494651,2923.093333333331,54,17,1,0.0,1
"no_stress","MQT-Set03-7-127-AllOpt-IBMMapped-Only127-Extra.csv","FCFS",4654,4654,0,4654,0,1.0000,0.0000,1.0000,97524120.6562762,42211.358244520845,97566332.01452073,97566332.01452073,196451661.26999998,0.000023690306,67538.17319123344,2911,17,1,0.0,1
"no_stress","MQT-Set03-7-127-AllOpt-IBMMapped-Only127-Extra.csv","LoadAware",4654,4654,0,4654,0,1.0000,0.0000,1.0000,7885205.910202343,20619.505023635575,7905825.415225979,7905825.415225979,36067639.4100,0.000129035337,32991.2080378169,2841,17,1,0.0,1
"no_stress","MQT-Set03-7-127-AllOpt-IBMMapped-Only127-Extra.csv","QCLAR",4654,4654,0,4654,0,1.0000,0.0000,1.0000,5682967.955726169,11588.347728835419,5694556.303455004,5694556.303455004,12826220.690000001,0.000362850454,18541.356366136628,2846,17,1,0.0,1
"no_stress","MQT-Set03-7-127-AllOpt-IBMMapped-Only127-Extra.csv","QCLAAR",4654,4654,0,4654,0,1.0000,0.0000,1.0000,5635368.714471342,12020.977688010309,5647389.692159354,5647389.692159354,12746278.2400,0.000365126189,19233.564300816488,2829,17,1,0.0,1
"no_stress","MQT-Set03-7-127-AllOpt-IBMMapped-Only127-Extra.csv","MCT",4654,4654,0,4654,0,1.0000,0.0000,1.0000,5215041.3649612395,13599.712713794577,5228641.077675035,5228641.077675035,10601416.9100,0.000438997923,21759.540342071352,2953,17,1,0.0,1
"no_stress","MQT-Set04-7-127-AllOpt-IBMMapped-Extra.csv","FCFS",5852,5852,1198,4654,0,1.0000,0.204716336295,0.795283663705,79293692.92151947,34362.35469583046,79328055.2762153,79328055.2762153,198828999.6900,0.000029432326,54979.76751332895,3023,17,1,0.0,1
"no_stress","MQT-Set04-7-127-AllOpt-IBMMapped-Extra.csv","LoadAware",5852,5852,1198,4654,0,1.0000,0.204716336295,0.795283663705,6127242.442472911,16274.494482228192,6143516.936955141,6143516.936955141,29665746.4200,0.000197264546,26039.191171565253,2947,17,1,0.0,1
"no_stress","MQT-Set04-7-127-AllOpt-IBMMapped-Extra.csv","QCLAR",5852,5852,1198,4654,0,1.0000,0.204716336295,0.795283663705,4661659.105351075,9622.825213602175,4671281.930564676,4671281.930564676,13198826.040000001,0.000443372765,15396.520341763478,2882,17,1,0.0,1
"no_stress","MQT-Set04-7-127-AllOpt-IBMMapped-Extra.csv","QCLAAR",5852,5852,1198,4654,0,1.0000,0.204716336295,0.795283663705,4618044.62516312,9939.623940533103,4627984.249103652,4627984.249103652,13439145.4800,0.000435444352,15903.398304853046,3003,17,1,0.0,1
"no_stress","MQT-Set04-7-127-AllOpt-IBMMapped-Extra.csv","MCT",5852,5852,1198,4654,0,1.0000,0.204716336295,0.795283663705,4280528.312638336,11369.115013670526,4291897.427652007,4291897.427652007,10702085.3900,0.000546809317,18190.584021872877,2953,17,1,0.0,1
"no_stress","MQT-Set01-298-10-27-IBMQ27-Opt3-Extra.csv","LotterySeeded",238,238,238,0,0,1.0000,1.0000,0.0000,29190.411789215686,705.043991596639,29895.45578081232,29895.45578081232,73683.6900,0.003230022818,1128.070386554622,7,17,1,0.0,1
"no_stress","MQT-Set02-10-27-Mapped-AllAlgorithmLeft-Extra.csv","LotterySeeded",906,906,906,0,0,1.0000,1.0000,0.0000,291450.81027881516,1952.287119205299,293403.0973980205,293403.0973980205,857721.7500,0.00105628661,3123.659390728476,51,17,1,0.0,1
"no_stress","MQT-Set03-7-127-AllOpt-IBMMapped-Only127-Extra.csv","LotterySeeded",4654,4654,0,4654,0,1.0000,0.0000,1.0000,5700444.595712829,10881.968313278854,5711326.564026109,5711326.564026109,13359507.8100,0.000348366127,17411.14930124618,2850,17,1,0.0,1
"no_stress","MQT-Set04-7-127-AllOpt-IBMMapped-Extra.csv","LotterySeeded",5852,5852,1198,4654,0,1.0000,0.204716336295,0.795283663705,4782228.444517369,8913.689232740922,4791142.133750112,4791142.133750112,13916080.2400,0.000420520714,14261.902772385552,2936,17,1,0.0,1
"no_stress","MQT-Set01-298-10-27-IBMQ27-Opt3-Extra.csv","LotterySeeded",238,238,238,0,0,1.0000,1.0000,0.0000,28229.803413484948,710.763025210084,28940.56643869503,28940.56643869503,70785.5500,0.003362268147,1137.220840336134,18,17,2,0.0,1
"no_stress","MQT-Set02-10-27-Mapped-AllAlgorithmLeft-Extra.csv","LotterySeeded",906,906,906,0,0,1.0000,1.0000,0.0000,300923.0117883995,1999.435838852099,302922.4476272515,302922.4476272515,712855.9500,0.00127094401,3199.097342163356,48,17,2,0.0,1
"no_stress","MQT-Set03-7-127-AllOpt-IBMMapped-Only127-Extra.csv","LotterySeeded",4654,4654,0,4654,0,1.0000,0.0000,1.0000,5819813.054791146,10249.392870648862,5830062.447661793,5830062.447661793,14255147.6400,0.000326478555,16399.02859303827,2872,17,2,0.0,1
"no_stress","MQT-Set04-7-127-AllOpt-IBMMapped-Extra.csv","LotterySeeded",5852,5852,1198,4654,0,1.0000,0.204716336295,0.795283663705,4741256.386375708,9061.87187115514,4750318.258246863,4750318.258246863,13419330.5000,0.000436087329,14498.994993848295,2903,17,2,0.0,1
"no_stress","MQT-Set01-298-10-27-IBMQ27-Opt3-Extra.csv","LotterySeeded",238,238,238,0,0,1.0000,1.0000,0.0000,29395.845201330536,705.705546218487,30101.550747549023,30101.550747549023,69158.43000000001,0.003441373669,1129.12887394958,12,17,3,0.0,1
"no_stress","MQT-Set02-10-27-Mapped-AllAlgorithmLeft-Extra.csv","LotterySeeded",906,906,906,0,0,1.0000,1.0000,0.0000,316978.46400718624,2044.521401766002,319022.9854089523,319022.9854089523,949638.5700,0.00095404718,3271.234242825611,46,17,3,0.0,1
"no_stress","MQT-Set03-7-127-AllOpt-IBMMapped-Only127-Extra.csv","LotterySeeded",4654,4654,0,4654,0,1.0000,0.0000,1.0000,5733463.78008612,10788.882920068725,5744252.663006188,5744252.663006188,13606964.7700,0.000342030723,17262.212672109952,2903,17,3,0.0,1
"no_stress","MQT-Set04-7-127-AllOpt-IBMMapped-Extra.csv","LotterySeeded",5852,5852,1198,4654,0,1.0000,0.204716336295,0.795283663705,4761706.765056191,9031.42264695828,4770738.187703149,4770738.187703149,13617159.7200,0.000429751881,14450.276235133348,3021,17,3,0.0,1
"no_stress","MQT-Set01-298-10-27-IBMQ27-Opt3-Extra.csv","LotterySeeded",238,238,238,0,0,1.0000,1.0000,0.0000,27347.14250253725,687.116092436975,28034.25859497422,28034.25859497422,65974.8600,0.003607434711,1099.38574789916,16,17,4,0.0,1
"no_stress","MQT-Set02-10-27-Mapped-AllAlgorithmLeft-Extra.csv","LotterySeeded",906,906,906,0,0,1.0000,1.0000,0.0000,284139.9650391351,1993.11219646799,286133.07723560306,286133.07723560306,935008.2600,0.000968975397,3188.97951434879,43,17,4,0.0,1
"no_stress","MQT-Set03-7-127-AllOpt-IBMMapped-Only127-Extra.csv","LotterySeeded",4654,4654,0,4654,0,1.0000,0.0000,1.0000,5787300.705318941,10649.62363773095,5797950.328956671,5797950.328956671,13803060.5600,0.000337171599,17039.397820369566,2823,17,4,0.0,1
"no_stress","MQT-Set04-7-127-AllOpt-IBMMapped-Extra.csv","LotterySeeded",5852,5852,1198,4654,0,1.0000,0.204716336295,0.795283663705,4724878.456981237,9027.443222829777,4733905.900204068,4733905.900204068,14066926.7200,0.000416011266,14443.909156527663,2908,17,4,0.0,1
"no_stress","MQT-Set01-298-10-27-IBMQ27-Opt3-Extra.csv","LotterySeeded",238,238,238,0,0,1.0000,1.0000,0.0000,27922.09230917366,681.748151260504,28603.84046043416,28603.84046043416,64766.729999999996,0.003674726206,1090.797042016807,10,17,5,0.0,1
"no_stress","MQT-Set02-10-27-Mapped-AllAlgorithmLeft-Extra.csv","LotterySeeded",906,906,906,0,0,1.0000,1.0000,0.0000,276806.23381278565,1995.129006622515,278801.3628194082,278801.3628194082,725684.4700,0.00124847649,3192.206410596027,50,17,5,0.0,1
"no_stress","MQT-Set03-7-127-AllOpt-IBMMapped-Only127-Extra.csv","LotterySeeded",4654,4654,0,4654,0,1.0000,0.0000,1.0000,5676694.629238185,10848.376772668662,5687543.006010851,5687543.006010851,13157718.9600,0.000353708725,17357.402836269866,2824,17,5,0.0,1
"no_stress","MQT-Set04-7-127-AllOpt-IBMMapped-Extra.csv","LotterySeeded",5852,5852,1198,4654,0,1.0000,0.204716336295,0.795283663705,4736031.548288005,9159.071315789439,4745190.619603795,4745190.619603795,13381122.4100,0.000437332521,14654.514105263175,2897,17,5,0.0,1
"no_stress","MQT-Set01-298-10-27-IBMQ27-Opt3-Extra.csv","MCT",238,238,238,0,0,1.0000,1.0000,0.0000,15190.565228291316,644.82743697479,15835.392665266101,15835.392665266101,31709.1100,0.007505729426,1031.723899159663,10,17,1,0.25,17
"no_stress","MQT-Set02-10-27-Mapped-AllAlgorithmLeft-Extra.csv","MCT",906,906,906,0,0,1.0000,1.0000,0.0000,142630.41170475827,1838.496821192054,144468.90852595033,144468.90852595033,396844.9200,0.00228300768,2941.594913907282,72,17,1,0.25,17
"no_stress","MQT-Set03-7-127-AllOpt-IBMMapped-Only127-Extra.csv","MCT",4654,4654,0,4654,0,1.0000,0.0000,1.0000,5285176.709936995,13682.62145466266,5298859.331391659,5298859.331391659,10739710.9100,0.000433344998,21892.19432746026,2906,17,1,0.25,17
"no_stress","MQT-Set04-7-127-AllOpt-IBMMapped-Extra.csv","MCT",5852,5852,1198,4654,0,1.0000,0.204716336295,0.795283663705,4372751.962760517,11491.594687286397,4384243.557447804,4384243.557447804,11082751.0100,0.000528027743,18386.551499658224,2912,17,1,0.25,17
"no_stress","MQT-Set01-298-10-27-IBMQ27-Opt3-Extra.csv","MCT",238,238,238,0,0,1.0000,1.0000,0.0000,16031.550984593843,649.793445378151,16681.344429971992,16681.344429971992,37070.0000,0.006420285946,1039.669512605042,7,17,1,0.5,17
"no_stress","MQT-Set02-10-27-Mapped-AllAlgorithmLeft-Extra.csv","MCT",906,906,906,0,0,1.0000,1.0000,0.0000,151756.87955244016,1841.835441501105,153598.71499394125,153598.71499394125,362598.4700,0.002498631613,2946.936706401767,47,17,1,0.5,17
"no_stress","MQT-Set03-7-127-AllOpt-IBMMapped-Only127-Extra.csv","MCT",4654,4654,0,4654,0,1.0000,0.0000,1.0000,5585428.464393387,14184.431880103153,5599612.89627349,5599612.89627349,11768300.200000001,0.000395469177,22695.09100816503,2825,17,1,0.5,17
"no_stress","MQT-Set04-7-127-AllOpt-IBMMapped-Extra.csv","MCT",5852,5852,1198,4654,0,1.0000,0.204716336295,0.795283663705,4693538.656188415,11903.078287764874,4705441.73447618,4705441.73447618,12434596.2300,0.000470622439,19044.9252604237,2909,17,1,0.5,17
"no_stress","MQT-Set01-298-10-27-IBMQ27-Opt3-Extra.csv","FCFS",238,238,238,0,0,1.0000,1.0000,0.0000,78148.92710084032,654.059663865546,78802.98676470586,78802.98676470586,155666.2000,0.001528912506,1046.495462184874,3,18,1,0.0,1
"no_stress","MQT-Set01-298-10-27-IBMQ27-Opt3-Extra.csv","LoadAware",238,238,238,0,0,1.0000,1.0000,0.0000,16482.21208683473,698.555756302521,17180.767843137255,17180.767843137255,48845.3400,0.004872522128,1117.689210084033,12,18,1,0.0,1
"no_stress","MQT-Set01-298-10-27-IBMQ27-Opt3-Extra.csv","QCLAR",238,238,238,0,0,1.0000,1.0000,0.0000,16712.98136889538,708.134369747899,17421.11573864328,17421.11573864328,54272.5600,0.004385273147,1133.014991596638,16,18,1,0.0,1
"no_stress","MQT-Set01-298-10-27-IBMQ27-Opt3-Extra.csv","QCLAAR",238,238,238,0,0,1.0000,1.0000,0.0000,16712.98136889538,708.134369747899,17421.11573864328,17421.11573864328,54272.5600,0.004385273147,1133.014991596638,13,18,1,0.0,1
"no_stress","MQT-Set01-298-10-27-IBMQ27-Opt3-Extra.csv","MCT",238,238,238,0,0,1.0000,1.0000,0.0000,15437.844317074656,688.845630252102,16126.689947326755,16126.689947326755,33997.7600,0.007000461207,1102.153008403361,12,18,1,0.0,1
"no_stress","MQT-Set02-10-27-Mapped-AllAlgorithmLeft-Extra.csv","FCFS",906,906,906,0,0,1.0000,1.0000,0.0000,660722.3442249735,1563.861114790287,662286.2053397638,662286.2053397638,1416858.1700,0.000639442973,2502.177783664457,38,18,1,0.0,1
"no_stress","MQT-Set02-10-27-Mapped-AllAlgorithmLeft-Extra.csv","LoadAware",906,906,906,0,0,1.0000,1.0000,0.0000,138586.54025974186,1642.951589403974,140229.4918491458,140229.4918491458,394977.3100,0.002293802649,2628.722543046359,51,18,1,0.0,1
"no_stress","MQT-Set02-10-27-Mapped-AllAlgorithmLeft-Extra.csv","QCLAR",906,906,906,0,0,1.0000,1.0000,0.0000,136537.735370137,1620.528973509936,138158.26434364694,138158.26434364694,378519.9400,0.002393533086,2592.846357615894,47,18,1,0.0,1
"no_stress","MQT-Set02-10-27-Mapped-AllAlgorithmLeft-Extra.csv","QCLAAR",906,906,906,0,0,1.0000,1.0000,0.0000,136537.735370137,1620.528973509936,138158.26434364694,138158.26434364694,378519.9400,0.002393533086,2592.846357615894,45,18,1,0.0,1
"no_stress","MQT-Set02-10-27-Mapped-AllAlgorithmLeft-Extra.csv","MCT",906,906,906,0,0,1.0000,1.0000,0.0000,120235.32540462921,1635.715982339957,121871.04138696915,121871.04138696915,365390.8800,0.002479536435,2617.14557174393,44,18,1,0.0,1
"no_stress","MQT-Set03-7-127-AllOpt-IBMMapped-Only127-Extra.csv","FCFS",4654,4654,0,4654,0,1.0000,0.0000,1.0000,97078088.3045079,41675.13571336484,97119763.44022126,97119763.44022126,193956081.60999998,0.000023995123,66680.21714138395,2867,18,1,0.0,1
"no_stress","MQT-Set03-7-127-AllOpt-IBMMapped-Only127-Extra.csv","LoadAware",4654,4654,0,4654,0,1.0000,0.0000,1.0000,7884561.347481112,20219.34155779969,7904780.689038912,7904780.689038912,33376709.7300,0.00013943855,32350.946492479557,2843,18,1,0.0,1
"no_stress","MQT-Set03-7-127-AllOpt-IBMMapped-Only127-Extra.csv","QCLAR",4654,4654,0,4654,0,1.0000,0.0000,1.0000,5616349.01643697,11429.783012462423,5627778.799449433,5627778.799449433,12502599.610000001,0.000372242585,18287.65281993976,2873,18,1,0.0,1
"no_stress","MQT-Set03-7-127-AllOpt-IBMMapped-Only127-Extra.csv","QCLAAR",4654,4654,0,4654,0,1.0000,0.0000,1.0000,5611120.832438238,11586.911510528584,5622707.743948768,5622707.743948768,12959889.4200,0.000359108002,18539.058416845655,2821,18,1,0.0,1
"no_stress","MQT-Set03-7-127-AllOpt-IBMMapped-Only127-Extra.csv","MCT",4654,4654,0,4654,0,1.0000,0.0000,1.0000,5191245.751392561,13427.707183068313,5204673.458575631,5204673.458575631,10482018.8800,0.000443998437,21484.33149290931,2854,18,1,0.0,1
"no_stress","MQT-Set04-7-127-AllOpt-IBMMapped-Extra.csv","FCFS",5852,5852,1198,4654,0,1.0000,0.204716336295,0.795283663705,77642057.95445517,33338.35151913868,77675396.30597432,77675396.30597432,192668224.9600,0.000030373457,53341.36243062201,2947,18,1,0.0,1
"no_stress","MQT-Set04-7-127-AllOpt-IBMMapped-Extra.csv","LoadAware",5852,5852,1198,4654,0,1.0000,0.204716336295,0.795283663705,6140468.699066065,16179.69731032121,6156648.396376386,6156648.396376386,32183227.6500,0.000181833844,25887.51569651401,2929,18,1,0.0,1
"no_stress","MQT-Set04-7-127-AllOpt-IBMMapped-Extra.csv","QCLAR",5852,5852,1198,4654,0,1.0000,0.204716336295,0.795283663705,4558550.356232675,9424.620856117548,4567974.977088792,4567974.977088792,13513243.3400,0.000433056658,15079.393369788086,2921,18,1,0.0,1
"no_stress","MQT-Set04-7-127-AllOpt-IBMMapped-Extra.csv","QCLAAR",5852,5852,1198,4654,0,1.0000,0.204716336295,0.795283663705,4535169.76845584,9814.343889268588,4544984.11234511,4544984.11234511,13525306.8200,0.000432670407,15702.95022282978,2952,18,1,0.0,1
"no_stress","MQT-Set04-7-127-AllOpt-IBMMapped-Extra.csv","MCT",5852,5852,1198,4654,0,1.0000,0.204716336295,0.795283663705,4197193.946876515,11041.404338687631,4208235.351215201,4208235.351215201,10411839.4700,0.000562052461,17666.246941900263,2960,18,1,0.0,1
"no_stress","MQT-Set01-298-10-27-IBMQ27-Opt3-Extra.csv","LotterySeeded",238,238,238,0,0,1.0000,1.0000,0.0000,31304.562158029887,759.135420168067,32063.697578197956,32063.697578197956,80590.87000000001,0.002953188122,1214.616672268908,11,18,1,0.0,1
"no_stress","MQT-Set02-10-27-Mapped-AllAlgorithmLeft-Extra.csv","LotterySeeded",906,906,906,0,0,1.0000,1.0000,0.0000,227081.9802444823,1741.780540838851,228823.7607853212,228823.7607853212,594921.7500,0.001522889355,2786.84886534216,49,18,1,0.0,1
"no_stress","MQT-Set03-7-127-AllOpt-IBMMapped-Only127-Extra.csv","LotterySeeded",4654,4654,0,4654,0,1.0000,0.0000,1.0000,5629254.080336221,10862.01871938114,5640116.099055601,5640116.099055601,12717269.3900,0.000365959064,17379.22995100983,2907,18,1,0.0,1
"no_stress","MQT-Set04-7-127-AllOpt-IBMMapped-Extra.csv","LotterySeeded",5852,5852,1198,4654,0,1.0000,0.204716336295,0.795283663705,4601805.391013953,9093.520798017758,4610898.911811971,4610898.911811971,12073201.9600,0.000484709857,14549.63327682845,3087,18,1,0.0,1
"no_stress","MQT-Set01-298-10-27-IBMQ27-Opt3-Extra.csv","LotterySeeded",238,238,238,0,0,1.0000,1.0000,0.0000,29288.564273459382,754.724999999999,30043.28927345938,30043.28927345938,74348.26000000001,0.003201150908,1207.5600,12,18,2,0.0,1
"no_stress","MQT-Set02-10-27-Mapped-AllAlgorithmLeft-Extra.csv","LotterySeeded",906,906,906,0,0,1.0000,1.0000,0.0000,207064.7442571264,1717.329779249448,208782.0740363759,208782.0740363759,596323.5800,0.001519309366,2747.727646799118,55,18,2,0.0,1
"no_stress","MQT-Set03-7-127-AllOpt-IBMMapped-Only127-Extra.csv","LotterySeeded",4654,4654,0,4654,0,1.0000,0.0000,1.0000,5756147.2988259755,10339.701203266004,5766487.000029243,5766487.000029243,13879786.3100,0.000335307756,16543.52192522554,2824,18,2,0.0,1
"no_stress","MQT-Set04-7-127-AllOpt-IBMMapped-Extra.csv","LotterySeeded",5852,5852,1198,4654,0,1.0000,0.204716336295,0.795283663705,4690650.24021995,8767.199904306242,4699417.440124257,4699417.440124257,13384586.5000,0.000437219334,14027.519846889949,2963,18,2,0.0,1
"no_stress","MQT-Set01-298-10-27-IBMQ27-Opt3-Extra.csv","LotterySeeded",238,238,238,0,0,1.0000,1.0000,0.0000,29874.721130800153,745.146008403361,30619.86713920351,30619.86713920351,69404.7600,0.003429159614,1192.233613445379,13,18,3,0.0,1
"no_stress","MQT-Set02-10-27-Mapped-AllAlgorithmLeft-Extra.csv","LotterySeeded",906,906,906,0,0,1.0000,1.0000,0.0000,267989.82596938283,1826.046931567327,269815.8729009502,269815.8729009502,792593.6100,0.001143082645,2921.675090507727,55,18,3,0.0,1
"no_stress","MQT-Set03-7-127-AllOpt-IBMMapped-Only127-Extra.csv","LotterySeeded",4654,4654,0,4654,0,1.0000,0.0000,1.0000,5622459.0031456165,11077.153388483013,5633536.156534097,5633536.156534097,12312751.8000,0.000377982118,17723.44542157281,3004,18,3,0.0,1
"no_stress","MQT-Set04-7-127-AllOpt-IBMMapped-Extra.csv","LotterySeeded",5852,5852,1198,4654,0,1.0000,0.204716336295,0.795283663705,4679376.161660188,8698.876725905684,4688075.038386093,4688075.038386093,13301907.2400,0.000439936912,13918.202761449083,2873,18,3,0.0,1
"no_stress","MQT-Set01-298-10-27-IBMQ27-Opt3-Extra.csv","LotterySeeded",238,238,238,0,0,1.0000,1.0000,0.0000,29169.37899159662,742.753865546219,29912.132857142842,29912.132857142842,82918.6400,0.002870283449,1188.40618487395,11,18,4,0.0,1
"no_stress","MQT-Set02-10-27-Mapped-AllAlgorithmLeft-Extra.csv","LotterySeeded",906,906,906,0,0,1.0000,1.0000,0.0000,256899.65339454362,1858.210662251656,258757.8640567953,258757.8640567953,798571.5900,0.00113452571,2973.13705960265,57,18,4,0.0,1
"no_stress","MQT-Set03-7-127-AllOpt-IBMMapped-Only127-Extra.csv","LotterySeeded",4654,4654,0,4654,0,1.0000,0.0000,1.0000,5757034.178645611,10446.738083369104,5767480.91672898,5767480.91672898,13649381.7400,0.000340967825,16714.780933390608,3188,18,4,0.0,1
"no_stress","MQT-Set04-7-127-AllOpt-IBMMapped-Extra.csv","LotterySeeded",5852,5852,1198,4654,0,1.0000,0.204716336295,0.795283663705,4689627.860782748,8733.106961722482,4698360.967744471,4698360.967744471,13721790.7700,0.000426474948,13972.971138756035,2898,18,4,0.0,1
"no_stress","MQT-Set01-298-10-27-IBMQ27-Opt3-Extra.csv","LotterySeeded",238,238,238,0,0,1.0000,1.0000,0.0000,29008.065481792713,732.704369747899,29740.769851540615,29740.769851540615,72938.2100,0.003263035931,1172.326991596638,15,18,5,0.0,1
"no_stress","MQT-Set02-10-27-Mapped-AllAlgorithmLeft-Extra.csv","LotterySeeded",906,906,906,0,0,1.0000,1.0000,0.0000,230016.87128627172,1779.529801324504,231796.40108759623,231796.40108759623,656094.2200,0.001380899225,2847.247682119205,52,18,5,0.0,1
"no_stress","MQT-Set03-7-127-AllOpt-IBMMapped-Only127-Extra.csv","LotterySeeded",4654,4654,0,4654,0,1.0000,0.0000,1.0000,5683313.361878543,10702.380926085081,5694015.742804628,5694015.742804628,13268330.190000001,0.000350760038,17123.809481736123,2829,18,5,0.0,1
"no_stress","MQT-Set04-7-127-AllOpt-IBMMapped-Extra.csv","LotterySeeded",5852,5852,1198,4654,0,1.0000,0.204716336295,0.795283663705,4647382.430384791,8890.341317498282,4656272.771702291,4656272.771702291,12978372.1600,0.000450904006,14224.546107997243,4810,18,5,0.0,1
"no_stress","MQT-Set01-298-10-27-IBMQ27-Opt3-Extra.csv","MCT",238,238,238,0,0,1.0000,1.0000,0.0000,15408.262802135343,690.239243697479,16098.502045832822,16098.502045832822,34266.5900,0.006945540831,1104.382789915966,19,18,1,0.25,18
"no_stress","MQT-Set02-10-27-Mapped-AllAlgorithmLeft-Extra.csv","MCT",906,906,906,0,0,1.0000,1.0000,0.0000,122096.70698299575,1635.078112582781,123731.78509557854,123731.78509557854,366784.0900,0.002470118047,2616.12498013245,98,18,1,0.25,18
"no_stress","MQT-Set03-7-127-AllOpt-IBMMapped-Only127-Extra.csv","MCT",4654,4654,0,4654,0,1.0000,0.0000,1.0000,5367904.3955329,13683.885371723252,5381588.280904623,5381588.280904623,11052963.3000,0.000421063553,21894.216594757192,5061,18,1,0.25,18
"no_stress","MQT-Set04-7-127-AllOpt-IBMMapped-Extra.csv","MCT",5852,5852,1198,4654,0,1.0000,0.204716336295,0.795283663705,4303846.933779259,11192.165630553673,4315039.099409815,4315039.099409815,10800482.0900,0.000541827666,17907.465008885894,5264,18,1,0.25,18
"no_stress","MQT-Set01-298-10-27-IBMQ27-Opt3-Extra.csv","MCT",238,238,238,0,0,1.0000,1.0000,0.0000,15765.70767608492,691.066470588236,16456.774146673157,16456.774146673157,33622.369999999995,0.007078620573,1105.706352941176,17,18,1,0.5,18
"no_stress","MQT-Set02-10-27-Mapped-AllAlgorithmLeft-Extra.csv","MCT",906,906,906,0,0,1.0000,1.0000,0.0000,124693.72935606429,1636.881048565123,126330.61040462943,126330.61040462943,361587.7000,0.002505616203,2619.009677704195,92,18,1,0.5,18
"no_stress","MQT-Set03-7-127-AllOpt-IBMMapped-Only127-Extra.csv","MCT",4654,4654,0,4654,0,1.0000,0.0000,1.0000,5792383.9495402,14267.622539750742,5806651.572079951,5806651.572079951,12282309.4100,0.000378918967,22828.19606360121,4906,18,1,0.5,18
"no_stress","MQT-Set04-7-127-AllOpt-IBMMapped-Extra.csv","MCT",5852,5852,1198,4654,0,1.0000,0.204716336295,0.795283663705,4621442.9238612875,11612.772108680741,4633055.695969968,4633055.695969968,11978480.6100,0.000488542762,18580.4353738893,4881,18,1,0.5,18
"no_stress","MQT-Set01-298-10-27-IBMQ27-Opt3-Extra.csv","FCFS",238,238,238,0,0,1.0000,1.0000,0.0000,74979.827815126,615.149117647059,75594.97693277305,75594.97693277305,146405.4900,0.001625622099,984.238588235294,23,19,1,0.0,1
"no_stress","MQT-Set01-298-10-27-IBMQ27-Opt3-Extra.csv","LoadAware",238,238,238,0,0,1.0000,1.0000,0.0000,15659.019026610635,661.299075630252,16320.31810224089,16320.31810224089,44700.8500,0.005324283543,1058.078521008404,17,19,1,0.0,1
"no_stress","MQT-Set01-298-10-27-IBMQ27-Opt3-Extra.csv","QCLAR",238,238,238,0,0,1.0000,1.0000,0.0000,15575.482035014,655.322478991597,16230.804514005593,16230.804514005593,40230.7700,0.005915869868,1048.515966386555,21,19,1,0.0,1
"no_stress","MQT-Set01-298-10-27-IBMQ27-Opt3-Extra.csv","QCLAAR",238,238,238,0,0,1.0000,1.0000,0.0000,15575.482035014,655.322478991597,16230.804514005593,16230.804514005593,40230.7700,0.005915869868,1048.515966386555,16,19,1,0.0,1
"no_stress","MQT-Set01-298-10-27-IBMQ27-Opt3-Extra.csv","MCT",238,238,238,0,0,1.0000,1.0000,0.0000,15115.211404761902,648.38768907563,15763.59909383753,15763.59909383753,31386.7400,0.007582820006,1037.420302521009,15,19,1,0.0,1
"no_stress","MQT-Set02-10-27-Mapped-AllAlgorithmLeft-Extra.csv","FCFS",906,906,906,0,0,1.0000,1.0000,0.0000,641223.3920836938,1539.866335540839,642763.2584192347,642763.2584192347,1395118.9000,0.000649407015,2463.786136865343,90,19,1,0.0,1
"no_stress","MQT-Set02-10-27-Mapped-AllAlgorithmLeft-Extra.csv","LoadAware",906,906,906,0,0,1.0000,1.0000,0.0000,137663.1619714783,1632.043620309052,139295.20559178738,139295.20559178738,334621.0600,0.002707540285,2611.269792494486,67,19,1,0.0,1
"no_stress","MQT-Set02-10-27-Mapped-AllAlgorithmLeft-Extra.csv","QCLAR",906,906,906,0,0,1.0000,1.0000,0.0000,138467.8360425065,1645.39109271523,140113.22713522168,140113.22713522168,371800.9900,0.002436787487,2632.625748344372,83,19,1,0.0,1
"no_stress","MQT-Set02-10-27-Mapped-AllAlgorithmLeft-Extra.csv","QCLAAR",906,906,906,0,0,1.0000,1.0000,0.0000,138467.8360425065,1645.39109271523,140113.22713522168,140113.22713522168,371800.9900,0.002436787487,2632.625748344372,89,19,1,0.0,1
"no_stress","MQT-Set02-10-27-Mapped-AllAlgorithmLeft-Extra.csv","MCT",906,906,906,0,0,1.0000,1.0000,0.0000,117957.98368047556,1618.315121412804,119576.29880188835,119576.29880188835,361401.4200,0.002506907693,2589.304194260485,79,19,1,0.0,1
"no_stress","MQT-Set03-7-127-AllOpt-IBMMapped-Only127-Extra.csv","FCFS",4654,4654,0,4654,0,1.0000,0.0000,1.0000,98597377.45772876,42407.87385689729,98639785.33158566,98639785.33158566,197366244.92999998,0.000023580527,67852.59817103599,4821,19,1,0.0,1
"no_stress","MQT-Set03-7-127-AllOpt-IBMMapped-Only127-Extra.csv","LoadAware",4654,4654,0,4654,0,1.0000,0.0000,1.0000,7792418.00494677,20048.621970348082,7812466.626917115,7812466.626917115,30274961.650000002,0.00015372439,32077.79515255687,4986,19,1,0.0,1
"no_stress","MQT-Set03-7-127-AllOpt-IBMMapped-Only127-Extra.csv","QCLAR",4654,4654,0,4654,0,1.0000,0.0000,1.0000,5727884.481290493,11658.273792436612,5739542.75508293,5739542.75508293,13983619.700000001,0.000332817976,18653.238067898543,5082,19,1,0.0,1
"no_stress","MQT-Set03-7-127-AllOpt-IBMMapped-Only127-Extra.csv","QCLAAR",4654,4654,0,4654,0,1.0000,0.0000,1.0000,5710928.8315999005,12224.01160292225,5723152.843202825,5723152.843202825,14073309.4000,0.000330696915,19558.418564675543,5272,19,1,0.0,1
"no_stress","MQT-Set03-7-127-AllOpt-IBMMapped-Only127-Extra.csv","MCT",4654,4654,0,4654,0,1.0000,0.0000,1.0000,5271822.793666956,13661.018652771789,5285483.812319729,5285483.812319729,10678362.5700,0.000435834611,21857.629844434876,5131,19,1,0.0,1
"no_stress","MQT-Set04-7-127-AllOpt-IBMMapped-Extra.csv","FCFS",5852,5852,1198,4654,0,1.0000,0.204716336295,0.795283663705,80498049.89972095,34893.431402939124,80532943.33112389,80532943.33112389,201862744.5000,0.000028989995,55829.49024470277,5292,19,1,0.0,1
"no_stress","MQT-Set04-7-127-AllOpt-IBMMapped-Extra.csv","LoadAware",5852,5852,1198,4654,0,1.0000,0.204716336295,0.795283663705,6438234.955773384,16671.297822966462,6454906.253596351,6454906.253596351,30928302.9400,0.000189211804,26674.076516746307,5175,19,1,0.0,1
"no_stress","MQT-Set04-7-127-AllOpt-IBMMapped-Extra.csv","QCLAR",5852,5852,1198,4654,0,1.0000,0.204716336295,0.795283663705,4718702.780081441,9988.505471633662,4728691.285553075,4728691.285553075,14183172.3900,0.000412601627,15981.608754613771,5347,19,1,0.0,1
"no_stress","MQT-Set04-7-127-AllOpt-IBMMapped-Extra.csv","QCLAAR",5852,5852,1198,4654,0,1.0000,0.204716336295,0.795283663705,4702364.41906811,10503.235324675328,4712867.654392785,4712867.654392785,13947741.9600,0.000419566122,16805.176519480494,5083,19,1,0.0,1
"no_stress","MQT-Set04-7-127-AllOpt-IBMMapped-Extra.csv","MCT",5852,5852,1198,4654,0,1.0000,0.204716336295,0.795283663705,4344498.166895652,11534.57750341764,4356032.744399071,4356032.744399071,10895566.3200,0.000537099204,18455.324005468206,5209,19,1,0.0,1
"no_stress","MQT-Set01-298-10-27-IBMQ27-Opt3-Extra.csv","LotterySeeded",238,238,238,0,0,1.0000,1.0000,0.0000,30206.159332983196,720.021092436975,30926.180425420167,30926.180425420167,76657.8700,0.003104704057,1152.03374789916,17,19,1,0.0,1
"no_stress","MQT-Set02-10-27-Mapped-AllAlgorithmLeft-Extra.csv","LotterySeeded",906,906,906,0,0,1.0000,1.0000,0.0000,236508.04384973086,1724.725805739513,238232.76965547042,238232.76965547042,576459.0900,0.001571664001,2759.561289183223,77,19,1,0.0,1
"no_stress","MQT-Set03-7-127-AllOpt-IBMMapped-Only127-Extra.csv","LotterySeeded",4654,4654,0,4654,0,1.0000,0.0000,1.0000,5821383.634511823,10540.324230769224,5831923.958742593,5831923.958742593,14433694.3200,0.000322439973,16864.518769230737,5132,19,1,0.0,1
"no_stress","MQT-Set04-7-127-AllOpt-IBMMapped-Extra.csv","LotterySeeded",5852,5852,1198,4654,0,1.0000,0.204716336295,0.795283663705,4771035.940102418,9358.46591592616,4780394.406018345,4780394.406018345,13475858.5200,0.000434258047,14973.54546548191,5278,19,1,0.0,1
"no_stress","MQT-Set01-298-10-27-IBMQ27-Opt3-Extra.csv","LotterySeeded",238,238,238,0,0,1.0000,1.0000,0.0000,27768.968329451338,708.091176470588,28477.059505921916,28477.059505921916,70103.54000000001,0.003394978342,1132.945882352942,17,19,2,0.0,1
"no_stress","MQT-Set02-10-27-Mapped-AllAlgorithmLeft-Extra.csv","LotterySeeded",906,906,906,0,0,1.0000,1.0000,0.0000,240848.0880577152,1756.007207505519,242604.0952652207,242604.0952652207,612940.5500,0.001478120513,2809.611532008832,85,19,2,0.0,1
"no_stress","MQT-Set03-7-127-AllOpt-IBMMapped-Only127-Extra.csv","LotterySeeded",4654,4654,0,4654,0,1.0000,0.0000,1.0000,5841714.16555122,10620.308773098452,5852334.474324318,5852334.474324318,14018030.3200,0.000332000994,16992.494036957465,5241,19,2,0.0,1
"no_stress","MQT-Set04-7-127-AllOpt-IBMMapped-Extra.csv","LotterySeeded",5852,5852,1198,4654,0,1.0000,0.204716336295,0.795283663705,4816856.036779099,9323.33696001368,4826179.373739112,4826179.373739112,13538576.1400,0.000432246341,14917.33913602189,5106,19,2,0.0,1
"no_stress","MQT-Set01-298-10-27-IBMQ27-Opt3-Extra.csv","LotterySeeded",238,238,238,0,0,1.0000,1.0000,0.0000,29099.61708333334,716.529243697479,29816.146327030827,29816.146327030827,74835.65000000001,0.003180302436,1146.446789915966,23,19,3,0.0,1
"no_stress","MQT-Set02-10-27-Mapped-AllAlgorithmLeft-Extra.csv","LotterySeeded",906,906,906,0,0,1.0000,1.0000,0.0000,219636.71911894117,1745.000397350996,221381.7195162922,221381.7195162922,634844.9700,0.001427120073,2792.000635761591,74,19,3,0.0,1
"no_stress","MQT-Set03-7-127-AllOpt-IBMMapped-Only127-Extra.csv","LotterySeeded",4654,4654,0,4654,0,1.0000,0.0000,1.0000,5831533.321599917,10555.266549204965,5842088.588149123,5842088.588149123,13554588.1800,0.000343352372,16888.426478727935,5013,19,3,0.0,1
"no_stress","MQT-Set04-7-127-AllOpt-IBMMapped-Extra.csv","LotterySeeded",5852,5852,1198,4654,0,1.0000,0.204716336295,0.795283663705,4812613.155399582,9146.6593147642,4821759.814714347,4821759.814714347,14401245.1900,0.000406353751,14634.65490362268,5173,19,3,0.0,1
"no_stress","MQT-Set01-298-10-27-IBMQ27-Opt3-Extra.csv","LotterySeeded",238,238,238,0,0,1.0000,1.0000,0.0000,28057.195013041455,709.074705882353,28766.26971892381,28766.26971892381,66429.20000000001,0.003582761798,1134.519529411765,20,19,4,0.0,1
"no_stress","MQT-Set02-10-27-Mapped-AllAlgorithmLeft-Extra.csv","LotterySeeded",906,906,906,0,0,1.0000,1.0000,0.0000,231649.74072484192,1707.603940397351,233357.34466523924,233357.34466523924,562633.1900,0.00161028538,2732.166304635764,88,19,4,0.0,1
"no_stress","MQT-Set03-7-127-AllOpt-IBMMapped-Only127-Extra.csv","LotterySeeded",4654,4654,0,4654,0,1.0000,0.0000,1.0000,5746127.1258049,11029.39957026211,5757156.525375161,5757156.525375161,13325096.7300,0.000349265757,17647.039312419456,5142,19,4,0.0,1
"no_stress","MQT-Set04-7-127-AllOpt-IBMMapped-Extra.csv","LotterySeeded",5852,5852,1198,4654,0,1.0000,0.204716336295,0.795283663705,4833614.785997615,9314.341247436741,4842929.127245053,4842929.127245053,13965807.6600,0.000419023385,14902.945995898903,5048,19,4,0.0,1
"no_stress","MQT-Set01-298-10-27-IBMQ27-Opt3-Extra.csv","LotterySeeded",238,238,238,0,0,1.0000,1.0000,0.0000,27520.04943802522,692.998067226891,28213.047505252107,28213.047505252107,66927.0800,0.003556109127,1108.796907563025,17,19,5,0.0,1
"no_stress","MQT-Set02-10-27-Mapped-AllAlgorithmLeft-Extra.csv","LotterySeeded",906,906,906,0,0,1.0000,1.0000,0.0000,223104.36376403697,1757.23073951435,224861.5945035513,224861.5945035513,830714.5900,0.001090627288,2811.56918322296,84,19,5,0.0,1
"no_stress","MQT-Set03-7-127-AllOpt-IBMMapped-Only127-Extra.csv","LotterySeeded",4654,4654,0,4654,0,1.0000,0.0000,1.0000,5715537.294318226,11182.912958745173,5726720.207276972,5726720.207276972,12692400.9000,0.000366676095,17892.660733992256,5337,19,5,0.0,1
"no_stress","MQT-Set04-7-127-AllOpt-IBMMapped-Extra.csv","LotterySeeded",5852,5852,1198,4654,0,1.0000,0.204716336295,0.795283663705,4848962.741395988,9088.68963943949,4858051.431035427,4858051.431035427,13410877.0300,0.000436362215,14541.903423103084,5564,19,5,0.0,1
"no_stress","MQT-Set01-298-10-27-IBMQ27-Opt3-Extra.csv","MCT",238,238,238,0,0,1.0000,1.0000,0.0000,15243.213421568626,650.687731092437,15893.90115266106,15893.90115266106,33340.8600,0.007138388152,1041.100369747899,28,19,1,0.25,19
"no_stress","MQT-Set02-10-27-Mapped-AllAlgorithmLeft-Extra.csv","MCT",906,906,906,0,0,1.0000,1.0000,0.0000,115284.33195862138,1611.53848785872,116895.87044648008,116895.87044648008,361897.8800,0.002503468658,2578.461580573947,73,19,1,0.25,19
"no_stress","MQT-Set03-7-127-AllOpt-IBMMapped-Only127-Extra.csv","MCT",4654,4654,0,4654,0,1.0000,0.0000,1.0000,5438247.451142243,13880.680107434464,5452128.131249675,5452128.131249675,11032959.620000001,0.000421826977,22209.088171895095,5530,19,1,0.25,19
"no_stress","MQT-Set04-7-127-AllOpt-IBMMapped-Extra.csv","MCT",5852,5852,1198,4654,0,1.0000,0.204716336295,0.795283663705,4410375.35865922,11640.497932330807,4422015.856591551,4422015.856591551,11103731.7900,0.000527030021,18624.79669172936,5411,19,1,0.25,19
"no_stress","MQT-Set01-298-10-27-IBMQ27-Opt3-Extra.csv","MCT",238,238,238,0,0,1.0000,1.0000,0.0000,15410.373715686272,650.69974789916,16061.073463585428,16061.073463585428,32333.5700,0.007360770864,1041.119596638655,22,19,1,0.5,19
"no_stress","MQT-Set02-10-27-Mapped-AllAlgorithmLeft-Extra.csv","MCT",906,906,906,0,0,1.0000,1.0000,0.0000,116771.56357147997,1623.506412803532,118395.0699842835,118395.0699842835,365334.5500,0.002479918748,2597.610260485651,89,19,1,0.5,19
"no_stress","MQT-Set03-7-127-AllOpt-IBMMapped-Only127-Extra.csv","MCT",4654,4654,0,4654,0,1.0000,0.0000,1.0000,5882785.741779822,14533.24124194242,5897318.983021763,5897318.983021763,12651518.2700,0.000367860987,23253.185987107827,5582,19,1,0.5,19
"no_stress","MQT-Set04-7-127-AllOpt-IBMMapped-Extra.csv","MCT",5852,5852,1198,4654,0,1.0000,0.204716336295,0.795283663705,4704164.008800528,12040.92533151059,4716204.93413204,4716204.93413204,12482133.1600,0.000468830121,19265.480530416993,5666,19,1,0.5,19
"no_stress","MQT-Set01-298-10-27-IBMQ27-Opt3-Extra.csv","FCFS",238,238,238,0,0,1.0000,1.0000,0.0000,79315.3957142857,661.833487394958,79977.22920168066,79977.22920168066,157516.3700,0.001510954068,1058.933579831933,26,20,1,0.0,1
"no_stress","MQT-Set01-298-10-27-IBMQ27-Opt3-Extra.csv","LoadAware",238,238,238,0,0,1.0000,1.0000,0.0000,16476.586330532213,702.406596638655,17178.992927170868,17178.992927170868,40093.7500,0.005936087295,1123.850554621848,25,20,1,0.0,1
"no_stress","MQT-Set01-298-10-27-IBMQ27-Opt3-Extra.csv","QCLAR",238,238,238,0,0,1.0000,1.0000,0.0000,16497.96090671052,702.062016806723,17200.02292351724,17200.02292351724,41836.9800,0.005688747132,1123.299226890756,21,20,1,0.0,1
"no_stress","MQT-Set01-298-10-27-IBMQ27-Opt3-Extra.csv","QCLAAR",238,238,238,0,0,1.0000,1.0000,0.0000,16497.96090671052,702.062016806723,17200.02292351724,17200.02292351724,41836.9800,0.005688747132,1123.299226890756,23,20,1,0.0,1
"no_stress","MQT-Set01-298-10-27-IBMQ27-Opt3-Extra.csv","MCT",238,238,238,0,0,1.0000,1.0000,0.0000,15642.829653209099,697.161722689076,16339.991375898177,16339.991375898177,34310.409999999996,0.006936670241,1115.458756302521,23,20,1,0.0,1
"no_stress","MQT-Set02-10-27-Mapped-AllAlgorithmLeft-Extra.csv","FCFS",906,906,906,0,0,1.0000,1.0000,0.0000,745397.306432479,1676.406390728477,747073.7128232075,747073.7128232075,1518824.1900,0.000596514071,2682.250225165562,90,20,1,0.0,1
"no_stress","MQT-Set02-10-27-Mapped-AllAlgorithmLeft-Extra.csv","LoadAware",906,906,906,0,0,1.0000,1.0000,0.0000,161863.66197055855,1808.633465783664,163672.29543634216,163672.29543634216,421659.9200,0.002148650979,2893.813545253863,101,20,1,0.0,1
"no_stress","MQT-Set02-10-27-Mapped-AllAlgorithmLeft-Extra.csv","QCLAR",906,906,906,0,0,1.0000,1.0000,0.0000,158370.40827300693,1808.177384105959,160178.58565711297,160178.58565711297,416834.9900,0.002173521949,2893.083814569536,80,20,1,0.0,1
"no_stress","MQT-Set02-10-27-Mapped-AllAlgorithmLeft-Extra.csv","QCLAAR",906,906,906,0,0,1.0000,1.0000,0.0000,158370.40827300693,1808.177384105959,160178.58565711297,160178.58565711297,416834.9900,0.002173521949,2893.083814569536,90,20,1,0.0,1
"no_stress","MQT-Set02-10-27-Mapped-AllAlgorithmLeft-Extra.csv","MCT",906,906,906,0,0,1.0000,1.0000,0.0000,136975.25329508193,1762.561754966887,138737.8150500488,138737.8150500488,384042.2700,0.002359115313,2820.098807947023,92,20,1,0.0,1
"no_stress","MQT-Set03-7-127-AllOpt-IBMMapped-Only127-Extra.csv","FCFS",4654,4654,0,4654,0,1.0000,0.0000,1.0000,96785830.6235639,41033.42409325312,96826864.04765715,96826864.04765715,190969555.7300,0.000024370377,65653.47854920491,5351,20,1,0.0,1
"no_stress","MQT-Set03-7-127-AllOpt-IBMMapped-Only127-Extra.csv","LoadAware",4654,4654,0,4654,0,1.0000,0.0000,1.0000,7579703.482969796,19178.766198968613,7598882.249168765,7598882.249168765,30606648.200000003,0.000152058467,30686.0259183498,5260,20,1,0.0,1
"no_stress","MQT-Set03-7-127-AllOpt-IBMMapped-Only127-Extra.csv","QCLAR",4654,4654,0,4654,0,1.0000,0.0000,1.0000,5675535.273826809,11368.444548775251,5686903.718375584,5686903.718375584,13502740.9000,0.000344670762,18189.511278040347,5482,20,1,0.0,1
"no_stress","MQT-Set03-7-127-AllOpt-IBMMapped-Only127-Extra.csv","QCLAAR",4654,4654,0,4654,0,1.0000,0.0000,1.0000,5598800.380676372,11330.22926299955,5610130.609939373,5610130.609939373,14332634.2400,0.000324713512,18128.36682079931,4903,20,1,0.0,1
"no_stress","MQT-Set03-7-127-AllOpt-IBMMapped-Only127-Extra.csv","MCT",4654,4654,0,4654,0,1.0000,0.0000,1.0000,5178120.0877949875,13213.851209712067,5191333.939004698,5191333.939004698,10343077.6600,0.000449962782,21142.161935539305,2870,20,1,0.0,1
"no_stress","MQT-Set04-7-127-AllOpt-IBMMapped-Extra.csv","FCFS",5852,5852,1198,4654,0,1.0000,0.204716336295,0.795283663705,77049934.8474556,33673.753246753244,77083608.60070236,77083608.60070236,194510185.54000002,0.000030085828,53878.00519480545,4483,20,1,0.0,1
"no_stress","MQT-Set04-7-127-AllOpt-IBMMapped-Extra.csv","LoadAware",5852,5852,1198,4654,0,1.0000,0.204716336295,0.795283663705,6273450.112805668,16683.5819668489,6290133.694772517,6290133.694772517,33872284.5900,0.000172766616,26693.731146958304,5395,20,1,0.0,1
"no_stress","MQT-Set04-7-127-AllOpt-IBMMapped-Extra.csv","QCLAR",5852,5852,1198,4654,0,1.0000,0.204716336295,0.795283663705,4539538.288529185,9512.601833561162,4549050.890362745,4549050.890362745,13072442.1800,0.000447659276,15220.162933697837,5741,20,1,0.0,1
"no_stress","MQT-Set04-7-127-AllOpt-IBMMapped-Extra.csv","QCLAAR",5852,5852,1198,4654,0,1.0000,0.204716336295,0.795283663705,4513088.565808752,10194.423016062923,4523282.988824815,4523282.988824815,14385828.0500,0.000406789236,16311.076825700618,4979,20,1,0.0,1
"no_stress","MQT-Set04-7-127-AllOpt-IBMMapped-Extra.csv","MCT",5852,5852,1198,4654,0,1.0000,0.204716336295,0.795283663705,4163908.929730541,11181.535411825032,4175090.465142366,4175090.465142366,10481342.6000,0.000558325419,17890.45665892,2877,20,1,0.0,1
"no_stress","MQT-Set01-298-10-27-IBMQ27-Opt3-Extra.csv","LotterySeeded",238,238,238,0,0,1.0000,1.0000,0.0000,30963.86148576098,760.298361344537,31724.159847105522,31724.159847105522,69564.5300,0.003421283807,1216.477378151261,10,20,1,0.0,1
"no_stress","MQT-Set02-10-27-Mapped-AllAlgorithmLeft-Extra.csv","LotterySeeded",906,906,906,0,0,1.0000,1.0000,0.0000,271658.9217139695,1861.992395143487,273520.914109113,273520.914109113,612126.0000,0.001480087433,2979.187832229582,49,20,1,0.0,1
"no_stress","MQT-Set03-7-127-AllOpt-IBMMapped-Only127-Extra.csv","LotterySeeded",4654,4654,0,4654,0,1.0000,0.0000,1.0000,5659707.235313844,10466.912612806158,5670174.14792665,5670174.14792665,12732091.0700,0.000365533044,16747.060180489883,3026,20,1,0.0,1
"no_stress","MQT-Set04-7-127-AllOpt-IBMMapped-Extra.csv","LotterySeeded",5852,5852,1198,4654,0,1.0000,0.204716336295,0.795283663705,4558696.840115764,9180.055423786718,4567876.895539551,4567876.895539551,12762917.2200,0.000458515863,14688.088678058817,2938,20,1,0.0,1
"no_stress","MQT-Set01-298-10-27-IBMQ27-Opt3-Extra.csv","LotterySeeded",238,238,238,0,0,1.0000,1.0000,0.0000,29833.043753501413,766.012731092437,30599.05648459385,30599.05648459385,73058.1700,0.003257678094,1225.620369747899,12,20,2,0.0,1
"no_stress","MQT-Set02-10-27-Mapped-AllAlgorithmLeft-Extra.csv","LotterySeeded",906,906,906,0,0,1.0000,1.0000,0.0000,260341.23438129853,1894.499779249451,262235.73416054796,262235.73416054796,733799.9700,0.001234668898,3031.199646799119,49,20,2,0.0,1
"no_stress","MQT-Set03-7-127-AllOpt-IBMMapped-Only127-Extra.csv","LotterySeeded",4654,4654,0,4654,0,1.0000,0.0000,1.0000,5660796.433473542,10571.685085947604,5671368.118559489,5671368.118559489,12106148.0600,0.000384432767,16914.696137516057,2855,20,2,0.0,1
"no_stress","MQT-Set04-7-127-AllOpt-IBMMapped-Extra.csv","LotterySeeded",5852,5852,1198,4654,0,1.0000,0.204716336295,0.795283663705,4636028.5800085375,8890.919837662355,4644919.4998461995,4644919.4998461995,13321491.5600,0.000439290148,14225.471740259662,2920,20,2,0.0,1
"no_stress","MQT-Set01-298-10-27-IBMQ27-Opt3-Extra.csv","LotterySeeded",238,238,238,0,0,1.0000,1.0000,0.0000,31255.98336469371,763.002352941176,32018.985717634885,32018.985717634885,92237.4800,0.002580295992,1220.803764705882,0,20,3,0.0,1
"no_stress","MQT-Set02-10-27-Mapped-AllAlgorithmLeft-Extra.csv","LotterySeeded",906,906,906,0,0,1.0000,1.0000,0.0000,273671.20826104935,1928.228035320088,275599.4362963695,275599.4362963695,682293.8000,0.001327873711,3085.164856512143,53,20,3,0.0,1
"no_stress","MQT-Set03-7-127-AllOpt-IBMMapped-Only127-Extra.csv","LotterySeeded",4654,4654,0,4654,0,1.0000,0.0000,1.0000,5679588.555284346,10608.545676837106,5690197.100961185,5690197.100961185,12566256.5700,0.000370356914,16973.673082939455,2892,20,3,0.0,1
"no_stress","MQT-Set04-7-127-AllOpt-IBMMapped-Extra.csv","LotterySeeded",5852,5852,1198,4654,0,1.0000,0.204716336295,0.795283663705,4645594.693410416,8885.623971291861,4654480.317381708,4654480.317381708,13256298.0800,0.000441450544,14216.99835406704,4778,20,3,0.0,1
"no_stress","MQT-Set01-298-10-27-IBMQ27-Opt3-Extra.csv","LotterySeeded",238,238,238,0,0,1.0000,1.0000,0.0000,29466.73512605043,748.049117647059,30214.784243697493,30214.784243697493,66006.5800,0.003605701129,1196.878588235294,25,20,4,0.0,1
"no_stress","MQT-Set02-10-27-Mapped-AllAlgorithmLeft-Extra.csv","LotterySeeded",906,906,906,0,0,1.0000,1.0000,0.0000,282977.8429271044,1927.213112582778,284905.05603968713,284905.05603968713,663261.7000,0.001365976657,3083.54098013245,86,20,4,0.0,1
"no_stress","MQT-Set03-7-127-AllOpt-IBMMapped-Only127-Extra.csv","LotterySeeded",4654,4654,0,4654,0,1.0000,0.0000,1.0000,5686374.489705882,10489.818491620117,5696864.308197504,5696864.308197504,12862923.290000001,0.00036181511,16783.709586592136,5325,20,4,0.0,1
"no_stress","MQT-Set04-7-127-AllOpt-IBMMapped-Extra.csv","LotterySeeded",5852,5852,1198,4654,0,1.0000,0.204716336295,0.795283663705,4640715.940550621,8799.889772727285,4649515.830323349,4649515.830323349,13349208.1000,0.000438378064,14079.823636363657,5516,20,4,0.0,1
"no_stress","MQT-Set01-298-10-27-IBMQ27-Opt3-Extra.csv","LotterySeeded",238,238,238,0,0,1.0000,1.0000,0.0000,29359.46773319327,769.151134453781,30128.618867647056,30128.618867647056,80015.45000000001,0.002974425564,1230.641815126051,24,20,5,0.0,1
"no_stress","MQT-Set02-10-27-Mapped-AllAlgorithmLeft-Extra.csv","LotterySeeded",906,906,906,0,0,1.0000,1.0000,0.0000,235801.23010923574,1880.140088300222,237681.37019753593,237681.37019753593,698199.5300,0.001297623331,3008.224141280352,100,20,5,0.0,1
"no_stress","MQT-Set03-7-127-AllOpt-IBMMapped-Only127-Extra.csv","LotterySeeded",4654,4654,0,4654,0,1.0000,0.0000,1.0000,5594122.474780358,10809.70810700472,5604932.182887364,5604932.182887364,12929883.5200,0.000359941371,17295.532971207525,5162,20,5,0.0,1
"no_stress","MQT-Set04-7-127-AllOpt-IBMMapped-Extra.csv","LotterySeeded",5852,5852,1198,4654,0,1.0000,0.204716336295,0.795283663705,4635116.404150041,8927.714943608999,4644044.119093649,4644044.119093649,13310840.5300,0.000439641658,14284.34390977436,5324,20,5,0.0,1
"no_stress","MQT-Set01-298-10-27-IBMQ27-Opt3-Extra.csv","MCT",238,238,238,0,0,1.0000,1.0000,0.0000,15578.576712032633,696.596176470588,16275.17288850322,16275.17288850322,33768.6700,0.007047953029,1114.553882352942,19,20,1,0.25,20
"no_stress","MQT-Set02-10-27-Mapped-AllAlgorithmLeft-Extra.csv","MCT",906,906,906,0,0,1.0000,1.0000,0.0000,139565.03351583247,1761.558090507725,141326.5916063402,141326.5916063402,387100.5800,0.002340476989,2818.492944812361,86,20,1,0.25,20
"no_stress","MQT-Set03-7-127-AllOpt-IBMMapped-Only127-Extra.csv","MCT",4654,4654,0,4654,0,1.0000,0.0000,1.0000,5291064.436217841,13350.108113450822,5304414.544331291,5304414.544331291,10554760.6900,0.000440938467,21360.172981521282,5206,20,1,0.25,20
"no_stress","MQT-Set04-7-127-AllOpt-IBMMapped-Extra.csv","MCT",5852,5852,1198,4654,0,1.0000,0.204716336295,0.795283663705,4220266.181560693,11300.905765550215,4231567.0873262435,4231567.0873262435,10900174.0000,0.000536872164,18081.449224880394,5153,20,1,0.25,20
"no_stress","MQT-Set01-298-10-27-IBMQ27-Opt3-Extra.csv","MCT",238,238,238,0,0,1.0000,1.0000,0.0000,15451.88322230341,694.982268907563,16146.865491210972,16146.865491210972,35577.9000,0.006689546038,1111.971630252101,24,20,1,0.5,20
"no_stress","MQT-Set02-10-27-Mapped-AllAlgorithmLeft-Extra.csv","MCT",906,906,906,0,0,1.0000,1.0000,0.0000,146085.40161875737,1777.970993377485,147863.37261213487,147863.37261213487,372421.8500,0.002432725148,2844.753589403974,90,20,1,0.5,20
"no_stress","MQT-Set03-7-127-AllOpt-IBMMapped-Only127-Extra.csv","MCT",4654,4654,0,4654,0,1.0000,0.0000,1.0000,5638796.549660042,13855.81865062317,5652652.368310664,5652652.368310664,11728473.5900,0.00039681208,22169.30984099697,5202,20,1,0.5,20
"no_stress","MQT-Set04-7-127-AllOpt-IBMMapped-Extra.csv","MCT",5852,5852,1198,4654,0,1.0000,0.204716336295,0.795283663705,4473330.020470472,11742.59314935066,4485072.61361982,4485072.61361982,11931332.1700,0.000490473311,18788.149038961074,5349,20,1,0.5,20
"stress","MQT-Set01-298-10-27-IBMQ27-Opt3-Extra.csv","FCFS",238,238,238,0,0,1.0000,1.0000,0.0000,159126.9450840335,1308.271092436975,160435.2161764705,160435.2161764705,311368.5200,0.000764367573,2093.233747899159,15,11,1,0.0,1
"stress","MQT-Set01-298-10-27-IBMQ27-Opt3-Extra.csv","LoadAware",238,238,238,0,0,1.0000,1.0000,0.0000,33217.4331267507,1393.232731092437,34610.66585784314,34610.66585784314,80942.20000000001,0.002940369795,2229.1723697479,16,11,1,0.0,1
"stress","MQT-Set01-298-10-27-IBMQ27-Opt3-Extra.csv","QCLAR",238,238,238,0,0,1.0000,1.0000,0.0000,33555.77978291317,1406.506050420169,34962.285833333335,34962.285833333335,89935.7200,0.002646334515,2250.409680672269,22,11,1,0.0,1
"stress","MQT-Set01-298-10-27-IBMQ27-Opt3-Extra.csv","QCLAAR",238,238,238,0,0,1.0000,1.0000,0.0000,33555.77978291317,1406.506050420169,34962.285833333335,34962.285833333335,89935.7200,0.002646334515,2250.409680672269,18,11,1,0.0,1
"stress","MQT-Set01-298-10-27-IBMQ27-Opt3-Extra.csv","MCT",238,238,238,0,0,1.0000,1.0000,0.0000,28785.033719654533,1378.983907563025,30164.017627217563,30164.017627217563,69038.59000000001,0.003447347346,2206.37425210084,19,11,1,0.0,1
"stress","MQT-Set02-10-27-Mapped-AllAlgorithmLeft-Extra.csv","FCFS",906,906,906,0,0,1.0000,1.0000,0.0000,2497801.807283807,4552.166688741721,2502353.973972549,2502353.973972549,4124263.0200,0.000219675611,7283.466701986767,47,11,1,0.0,1
"stress","MQT-Set02-10-27-Mapped-AllAlgorithmLeft-Extra.csv","LoadAware",906,906,906,0,0,1.0000,1.0000,0.0000,537855.3042264134,4897.326953642387,542752.6311800557,542752.6311800557,1698876.3500,0.000533293668,7835.723125827814,50,11,1,0.0,1
"stress","MQT-Set02-10-27-Mapped-AllAlgorithmLeft-Extra.csv","QCLAR",906,906,906,0,0,1.0000,1.0000,0.0000,539504.99406181,4874.114569536425,544379.1086313464,544379.1086313464,1698876.3400,0.000533293671,7798.583311258289,49,11,1,0.0,1
"stress","MQT-Set02-10-27-Mapped-AllAlgorithmLeft-Extra.csv","QCLAAR",906,906,906,0,0,1.0000,1.0000,0.0000,539504.99406181,4874.114569536425,544379.1086313464,544379.1086313464,1698876.3400,0.000533293671,7798.583311258289,50,11,1,0.0,1
"stress","MQT-Set02-10-27-Mapped-AllAlgorithmLeft-Extra.csv","MCT",906,906,906,0,0,1.0000,1.0000,0.0000,349433.9716090263,4747.442814569535,354181.4144235957,354181.4144235957,1102412.7800,0.000821833724,7595.908503311259,58,11,1,0.0,1
"stress","MQT-Set03-7-127-AllOpt-IBMMapped-Only127-Extra.csv","FCFS",4654,4654,0,4654,0,1.0000,0.0000,1.0000,212688465.40223,90306.85639235067,212778772.25862235,212778772.25862235,420288109.65000004,0.000011073356,144490.9702277609,5121,11,1,0.0,1
"stress","MQT-Set03-7-127-AllOpt-IBMMapped-Only127-Extra.csv","LoadAware",4654,4654,0,4654,0,1.0000,0.0000,1.0000,16144849.948318996,42158.975685431906,16187008.924004434,16187008.924004434,68884498.41000001,0.00006756237,67454.36109669111,5173,11,1,0.0,1
"stress","MQT-Set03-7-127-AllOpt-IBMMapped-Only127-Extra.csv","QCLAR",4654,4654,0,4654,0,1.0000,0.0000,1.0000,12560634.639327966,24764.8097314138,12585399.44905938,12585399.44905938,32479105.9700,0.000143292122,39623.69557026222,5184,11,1,0.0,1
"stress","MQT-Set03-7-127-AllOpt-IBMMapped-Only127-Extra.csv","QCLAAR",4654,4654,0,4654,0,1.0000,0.0000,1.0000,12251091.447426394,24343.97328104855,12275435.420707442,12275435.420707442,28586341.0100,0.000162805026,38950.35724967771,5035,11,1,0.0,1
"stress","MQT-Set03-7-127-AllOpt-IBMMapped-Only127-Extra.csv","MCT",4654,4654,0,4654,0,1.0000,0.0000,1.0000,11259268.184910998,29065.391807047778,11288333.576718045,11288333.576718045,22786017.520000003,0.000204248066,46504.626891276326,4974,11,1,0.0,1
"stress","MQT-Set04-7-127-AllOpt-IBMMapped-Extra.csv","FCFS",5852,5852,1198,4654,0,1.0000,0.204716336295,0.795283663705,169300676.84267408,73431.43149521545,169374108.27416927,169374108.27416927,425219557.59000003,0.000013762302,117490.29039234418,5128,11,1,0.0,1
"stress","MQT-Set04-7-127-AllOpt-IBMMapped-Extra.csv","LoadAware",5852,5852,1198,4654,0,1.0000,0.204716336295,0.795283663705,13189254.63826172,34543.23623205744,13223797.87449378,13223797.87449378,65739015.7000,0.000089018674,55269.17797129169,4997,11,1,0.0,1
"stress","MQT-Set04-7-127-AllOpt-IBMMapped-Extra.csv","QCLAR",5852,5852,1198,4654,0,1.0000,0.204716336295,0.795283663705,9934982.493960563,20238.917862269187,9955221.411822833,9955221.411822833,29466930.0900,0.00019859551,32382.26857963087,5212,11,1,0.0,1
"stress","MQT-Set04-7-127-AllOpt-IBMMapped-Extra.csv","QCLAAR",5852,5852,1198,4654,0,1.0000,0.204716336295,0.795283663705,9816353.546463976,21205.838482569972,9837559.384946546,9837559.384946546,30870230.9300,0.000189567743,33929.34157211188,5418,11,1,0.0,1
"stress","MQT-Set04-7-127-AllOpt-IBMMapped-Extra.csv","MCT",5852,5852,1198,4654,0,1.0000,0.204716336295,0.795283663705,9018871.43548652,24154.296257689548,9043025.731744207,9043025.731744207,23130163.3300,0.000253002969,38646.87401230351,5264,11,1,0.0,1
"stress","MQT-Set01-298-10-27-IBMQ27-Opt3-Extra.csv","LotterySeeded",238,238,238,0,0,1.0000,1.0000,0.0000,67074.41874989854,1541.68743697479,68616.10618687334,68616.10618687334,161327.4700,0.001475260227,2466.699899159665,31,11,1,0.0,1
"stress","MQT-Set02-10-27-Mapped-AllAlgorithmLeft-Extra.csv","LotterySeeded",906,906,906,0,0,1.0000,1.0000,0.0000,1019130.250689534,5119.337052980135,1024249.5877425142,1024249.5877425142,2986817.0100000002,0.000303332945,8190.939284768219,65,11,1,0.0,1
"stress","MQT-Set03-7-127-AllOpt-IBMMapped-Only127-Extra.csv","LotterySeeded",4654,4654,0,4654,0,1.0000,0.0000,1.0000,12392784.069182154,23164.907417275434,12415948.976599433,12415948.976599433,29112367.930000003,0.000159863327,37063.85186764081,5087,11,1,0.0,1
"stress","MQT-Set04-7-127-AllOpt-IBMMapped-Extra.csv","LotterySeeded",5852,5852,1198,4654,0,1.0000,0.204716336295,0.795283663705,10287397.301747717,18281.9763602186,10305679.278107936,10305679.278107936,31968447.7000,0.000183055494,29251.162176349884,5210,11,1,0.0,1
"stress","MQT-Set01-298-10-27-IBMQ27-Opt3-Extra.csv","LotterySeeded",238,238,238,0,0,1.0000,1.0000,0.0000,53725.02313550419,1442.975546218487,55167.99868172267,55167.99868172267,130175.2900,0.001828303974,2308.760873949579,18,11,2,0.0,1
"stress","MQT-Set02-10-27-Mapped-AllAlgorithmLeft-Extra.csv","LotterySeeded",906,906,906,0,0,1.0000,1.0000,0.0000,1121576.4629368107,5140.452538631344,1126716.9154754418,1126716.9154754418,2988202.1200,0.000303192342,8224.72406181016,89,11,2,0.0,1
"stress","MQT-Set03-7-127-AllOpt-IBMMapped-Only127-Extra.csv","LotterySeeded",4654,4654,0,4654,0,1.0000,0.0000,1.0000,12181891.860299494,23565.052567683633,12205456.912867177,12205456.912867177,27483108.220000003,0.00016934038,37704.08410829395,5055,11,2,0.0,1
"stress","MQT-Set04-7-127-AllOpt-IBMMapped-Extra.csv","LotterySeeded",5852,5852,1198,4654,0,1.0000,0.204716336295,0.795283663705,10171750.925801763,18896.887860560444,10190647.813662324,10190647.813662324,30936807.7400,0.000189159788,30235.02057689668,5401,11,2,0.0,1
"stress","MQT-Set01-298-10-27-IBMQ27-Opt3-Extra.csv","LotterySeeded",238,238,238,0,0,1.0000,1.0000,0.0000,61526.05174719888,1486.260966386555,63012.31271358542,63012.31271358542,190656.4100,0.0012483189,2378.017546218487,19,11,3,0.0,1
"stress","MQT-Set02-10-27-Mapped-AllAlgorithmLeft-Extra.csv","LotterySeeded",906,906,906,0,0,1.0000,1.0000,0.0000,1042934.8740493023,5397.447527593828,1048332.321576896,1048332.321576896,2279847.4200000004,0.000397395015,8635.91604415011,79,11,3,0.0,1
"stress","MQT-Set03-7-127-AllOpt-IBMMapped-Only127-Extra.csv","LotterySeeded",4654,4654,0,4654,0,1.0000,0.0000,1.0000,12246880.886190945,23790.067997421564,12270670.954188367,12270670.954188367,26973923.6400,0.000172537005,38064.108795874534,5101,11,3,0.0,1
"stress","MQT-Set04-7-127-AllOpt-IBMMapped-Extra.csv","LotterySeeded",5852,5852,1198,4654,0,1.0000,0.204716336295,0.795283663705,10114943.551066602,19301.972725563915,10134245.523792163,10134245.523792163,28729424.919999998,0.0002036936,30883.156360902212,5352,11,3,0.0,1
"stress","MQT-Set01-298-10-27-IBMQ27-Opt3-Extra.csv","LotterySeeded",238,238,238,0,0,1.0000,1.0000,0.0000,57504.92843487396,1510.739915966387,59015.668350840344,59015.668350840344,159750.4900,0.001489823286,2417.183865546218,27,11,4,0.0,1
"stress","MQT-Set02-10-27-Mapped-AllAlgorithmLeft-Extra.csv","LotterySeeded",906,906,906,0,0,1.0000,1.0000,0.0000,983117.8875987851,5161.68144591612,988279.5690447013,988279.5690447013,2309124.3500,0.000392356523,8258.690313465793,73,11,4,0.0,1
"stress","MQT-Set03-7-127-AllOpt-IBMMapped-Only127-Extra.csv","LotterySeeded",4654,4654,0,4654,0,1.0000,0.0000,1.0000,12795915.000944741,22321.29000859478,12818236.290953338,12818236.290953338,32772503.8700,0.00014200929,35714.06401375176,3310,11,4,0.0,1
"stress","MQT-Set04-7-127-AllOpt-IBMMapped-Extra.csv","LotterySeeded",5852,5852,1198,4654,0,1.0000,0.204716336295,0.795283663705,10085258.082042094,19048.054051606247,10104306.1360937,10104306.1360937,29885274.4300,0.000195815502,30476.88648257001,2993,11,4,0.0,1
"stress","MQT-Set01-298-10-27-IBMQ27-Opt3-Extra.csv","LotterySeeded",238,238,238,0,0,1.0000,1.0000,0.0000,55282.92055837191,1449.00680672269,56731.9273650946,56731.9273650946,138705.1100,0.001715870454,2318.410890756304,25,11,5,0.0,1
"stress","MQT-Set02-10-27-Mapped-AllAlgorithmLeft-Extra.csv","LotterySeeded",906,906,906,0,0,1.0000,1.0000,0.0000,792775.1347353389,5136.099061810152,797911.2337971492,797911.2337971492,2153528.3200000003,0.000420704939,8217.758498896252,43,11,5,0.0,1
"stress","MQT-Set03-7-127-AllOpt-IBMMapped-Only127-Extra.csv","LotterySeeded",4654,4654,0,4654,0,1.0000,0.0000,1.0000,12622042.237338817,23026.57098409968,12645068.808322914,12645068.808322914,27810378.6700,0.000167347595,36842.51357455943,2880,11,5,0.0,1
"stress","MQT-Set04-7-127-AllOpt-IBMMapped-Extra.csv","LotterySeeded",5852,5852,1198,4654,0,1.0000,0.204716336295,0.795283663705,10068956.838306421,19259.733755980844,10088216.572062401,10088216.572062401,31219159.279999997,0.000187448994,30815.574009569293,2953,11,5,0.0,1
"stress","MQT-Set01-298-10-27-IBMQ27-Opt3-Extra.csv","MCT",238,238,238,0,0,1.0000,1.0000,0.0000,29306.70052637724,1389.898907563025,30696.599433940268,30696.599433940268,76141.5500,0.003125757225,2223.83825210084,7,11,1,0.25,11
"stress","MQT-Set02-10-27-Mapped-AllAlgorithmLeft-Extra.csv","MCT",906,906,906,0,0,1.0000,1.0000,0.0000,365758.3057149862,4751.43396247241,370509.7396774587,370509.7396774587,1131504.7000,0.0008007037,7602.294339955854,45,11,1,0.25,11
"stress","MQT-Set03-7-127-AllOpt-IBMMapped-Only127-Extra.csv","MCT",4654,4654,0,4654,0,1.0000,0.0000,1.0000,11344198.083699588,29224.738669961345,11373422.822369553,11373422.822369553,22969199.3900,0.000202619165,46759.581871938244,2836,11,1,0.25,11
"stress","MQT-Set04-7-127-AllOpt-IBMMapped-Extra.csv","MCT",5852,5852,1198,4654,0,1.0000,0.204716336295,0.795283663705,9122548.921580508,24299.16861927536,9146848.090199783,9146848.090199783,23476652.4700,0.000249268928,38878.66979084075,2881,11,1,0.25,11
"stress","MQT-Set01-298-10-27-IBMQ27-Opt3-Extra.csv","MCT",238,238,238,0,0,1.0000,1.0000,0.0000,32350.89124066293,1397.886932773109,33748.77817343604,33748.77817343604,76094.5800,0.003127686624,2236.619092436975,13,11,1,0.5,11
"stress","MQT-Set02-10-27-Mapped-AllAlgorithmLeft-Extra.csv","MCT",906,906,906,0,0,1.0000,1.0000,0.0000,376757.0690342159,4759.833156732896,381516.90219094884,381516.90219094884,1212703.1900,0.000747091298,7615.733050772626,47,11,1,0.5,11
"stress","MQT-Set03-7-127-AllOpt-IBMMapped-Only127-Extra.csv","MCT",4654,4654,0,4654,0,1.0000,0.0000,1.0000,11979045.351886071,30238.548626987616,12009283.900513059,12009283.900513059,25817927.900000002,0.000180262336,48381.67780318015,2887,11,1,0.5,11
"stress","MQT-Set04-7-127-AllOpt-IBMMapped-Extra.csv","MCT",5852,5852,1198,4654,0,1.0000,0.204716336295,0.795283663705,9631660.349367293,24956.95006664384,9656617.299433937,9656617.299433937,25092838.3800,0.000233213952,39931.120106630224,2825,11,1,0.5,11
"stress","MQT-Set01-298-10-27-IBMQ27-Opt3-Extra.csv","FCFS",238,238,238,0,0,1.0000,1.0000,0.0000,221744.7568487394,1615.292731092437,223360.04957983186,223360.04957983186,384439.6700,0.000619082833,2584.468369747899,14,12,1,0.0,1
"stress","MQT-Set01-298-10-27-IBMQ27-Opt3-Extra.csv","LoadAware",238,238,238,0,0,1.0000,1.0000,0.0000,46507.55216736692,1698.058235294119,48205.61040266104,48205.61040266104,135631.4100,0.001754755775,2716.893176470589,10,12,1,0.0,1
"stress","MQT-Set01-298-10-27-IBMQ27-Opt3-Extra.csv","QCLAR",238,238,238,0,0,1.0000,1.0000,0.0000,48163.263109243715,1747.040420168067,49910.30352941178,49910.30352941178,150701.5300,0.001579280582,2795.264672268907,20,12,1,0.0,1
"stress","MQT-Set01-298-10-27-IBMQ27-Opt3-Extra.csv","QCLAAR",238,238,238,0,0,1.0000,1.0000,0.0000,48163.263109243715,1747.040420168067,49910.30352941178,49910.30352941178,150701.5300,0.001579280582,2795.264672268907,16,12,1,0.0,1
"stress","MQT-Set01-298-10-27-IBMQ27-Opt3-Extra.csv","MCT",238,238,238,0,0,1.0000,1.0000,0.0000,36887.59680672268,1702.350126050419,38589.9469327731,38589.9469327731,83444.59000000001,0.002852192095,2723.760201680672,12,12,1,0.0,1
"stress","MQT-Set02-10-27-Mapped-AllAlgorithmLeft-Extra.csv","FCFS",906,906,906,0,0,1.0000,1.0000,0.0000,1726343.5510034538,3491.542251655628,1729835.0932551094,1729835.0932551094,3163337.2800,0.000286406387,5586.46760264901,47,12,1,0.0,1
"stress","MQT-Set02-10-27-Mapped-AllAlgorithmLeft-Extra.csv","LoadAware",906,906,906,0,0,1.0000,1.0000,0.0000,371352.94180919474,3755.260761589404,375108.2025707841,375108.2025707841,1348414.9000,0.000671900021,6008.417218543047,60,12,1,0.0,1
"stress","MQT-Set02-10-27-Mapped-AllAlgorithmLeft-Extra.csv","QCLAR",906,906,906,0,0,1.0000,1.0000,0.0000,360544.94051631074,3661.128642384098,364206.0691586948,364206.0691586948,1348414.9000,0.000671900021,5857.805827814572,47,12,1,0.0,1
"stress","MQT-Set02-10-27-Mapped-AllAlgorithmLeft-Extra.csv","QCLAAR",906,906,906,0,0,1.0000,1.0000,0.0000,360544.94051631074,3661.128642384098,364206.0691586948,364206.0691586948,1348414.9000,0.000671900021,5857.805827814572,43,12,1,0.0,1
"stress","MQT-Set02-10-27-Mapped-AllAlgorithmLeft-Extra.csv","MCT",906,906,906,0,0,1.0000,1.0000,0.0000,220575.5824448123,3618.256434878585,224193.83887969088,224193.83887969088,908213.2300,0.000997563094,5789.210295805739,47,12,1,0.0,1
"stress","MQT-Set03-7-127-AllOpt-IBMMapped-Only127-Extra.csv","FCFS",4654,4654,0,4654,0,1.0000,0.0000,1.0000,211611563.5913324,91187.2232896433,211702750.81462204,211702750.81462204,424385337.1900,0.000010966449,145899.55726342942,2838,12,1,0.0,1
"stress","MQT-Set03-7-127-AllOpt-IBMMapped-Only127-Extra.csv","LoadAware",4654,4654,0,4654,0,1.0000,0.0000,1.0000,16476093.940273097,43195.95473141376,16519289.89500451,16519289.89500451,61640233.599999994,0.000075502634,69113.52757026217,2842,12,1,0.0,1
"stress","MQT-Set03-7-127-AllOpt-IBMMapped-Only127-Extra.csv","QCLAR",4654,4654,0,4654,0,1.0000,0.0000,1.0000,12302640.12411065,24597.51432316287,12327237.638433812,12327237.638433812,29852699.650000002,0.000155898798,39356.0229170605,2838,12,1,0.0,1
"stress","MQT-Set03-7-127-AllOpt-IBMMapped-Only127-Extra.csv","QCLAAR",4654,4654,0,4654,0,1.0000,0.0000,1.0000,12261241.149119202,25845.200455522052,12287086.349574722,12287086.349574722,31296088.4200,0.00014870868,41352.320728835446,2805,12,1,0.0,1
"stress","MQT-Set03-7-127-AllOpt-IBMMapped-Only127-Extra.csv","MCT",4654,4654,0,4654,0,1.0000,0.0000,1.0000,11214403.356719937,29339.32516759783,11243742.681887537,11243742.681887537,23016994.6600,0.000202198422,46942.92026815648,2821,12,1,0.0,1
"stress","MQT-Set04-7-127-AllOpt-IBMMapped-Extra.csv","FCFS",5852,5852,1198,4654,0,1.0000,0.204716336295,0.795283663705,168893382.68094423,72848.27419514707,168966230.95513937,168966230.95513937,422183299.9800,0.000013861278,116557.23871223514,2883,12,1,0.0,1
"stress","MQT-Set04-7-127-AllOpt-IBMMapped-Extra.csv","LoadAware",5852,5852,1198,4654,0,1.0000,0.204716336295,0.795283663705,14195237.894384451,37449.3174812028,14232687.211865652,14232687.211865652,78743236.0200,0.000074317494,59918.90796992475,2869,12,1,0.0,1
"stress","MQT-Set04-7-127-AllOpt-IBMMapped-Extra.csv","QCLAR",5852,5852,1198,4654,0,1.0000,0.204716336295,0.795283663705,9801784.143530386,20530.115734791492,9822314.259265177,9822314.259265177,30788671.7700,0.000190069908,32848.185175666375,3466,12,1,0.0,1
"stress","MQT-Set04-7-127-AllOpt-IBMMapped-Extra.csv","QCLAAR",5852,5852,1198,4654,0,1.0000,0.204716336295,0.795283663705,9850022.43228976,21380.18515891992,9871402.617448678,9871402.617448678,32860682.529999997,0.000178085163,34208.296254272114,4180,12,1,0.0,1
"stress","MQT-Set04-7-127-AllOpt-IBMMapped-Extra.csv","MCT",5852,5852,1198,4654,0,1.0000,0.204716336295,0.795283663705,8991060.186110904,23918.29895762135,9014978.485068526,9014978.485068526,22926465.5100,0.000255250858,38269.27833219398,4940,12,1,0.0,1
"stress","MQT-Set01-298-10-27-IBMQ27-Opt3-Extra.csv","LotterySeeded",238,238,238,0,0,1.0000,1.0000,0.0000,92849.68062208222,1901.72693277311,94751.40755485531,94751.40755485531,200313.9400,0.001188134985,3042.763092436973,26,12,1,0.0,1
"stress","MQT-Set02-10-27-Mapped-AllAlgorithmLeft-Extra.csv","LotterySeeded",906,906,906,0,0,1.0000,1.0000,0.0000,652852.7675613544,3891.49058498896,656744.2581463433,656744.2581463433,1861030.9100,0.000486826949,6226.384935982344,65,12,1,0.0,1
"stress","MQT-Set03-7-127-AllOpt-IBMMapped-Only127-Extra.csv","LotterySeeded",4654,4654,0,4654,0,1.0000,0.0000,1.0000,12365619.35687437,23295.102737430047,12388914.4596118,12388914.4596118,30036461.8200,0.000154945014,37272.16437988843,3602,12,1,0.0,1
"stress","MQT-Set04-7-127-AllOpt-IBMMapped-Extra.csv","LotterySeeded",5852,5852,1198,4654,0,1.0000,0.204716336295,0.795283663705,9866344.650526673,19903.457277853635,9886248.10780453,9886248.10780453,29171234.669999998,0.000200608581,31845.53164456601,4095,12,1,0.0,1
"stress","MQT-Set01-298-10-27-IBMQ27-Opt3-Extra.csv","LotterySeeded",238,238,238,0,0,1.0000,1.0000,0.0000,75894.171144958,1802.296008403362,77696.46715336134,77696.46715336134,158952.6600,0.001497301146,2883.673613445378,17,12,2,0.0,1
"stress","MQT-Set02-10-27-Mapped-AllAlgorithmLeft-Extra.csv","LotterySeeded",906,906,906,0,0,1.0000,1.0000,0.0000,532637.9590502207,3809.609216335543,536447.5682665562,536447.5682665562,1576629.9300,0.00057464341,6095.374746136865,50,12,2,0.0,1
"stress","MQT-Set03-7-127-AllOpt-IBMMapped-Only127-Extra.csv","LotterySeeded",4654,4654,0,4654,0,1.0000,0.0000,1.0000,12300836.445606122,23420.732412978057,12324257.178019103,12324257.178019103,30876046.900000002,0.000150731731,37473.17186076498,3915,12,2,0.0,1
"stress","MQT-Set04-7-127-AllOpt-IBMMapped-Extra.csv","LotterySeeded",5852,5852,1198,4654,0,1.0000,0.204716336295,0.795283663705,10053943.316094141,19364.271821599355,10073307.587915743,10073307.587915743,31197488.1500,0.000187579204,30982.834914559116,3983,12,2,0.0,1
"stress","MQT-Set01-298-10-27-IBMQ27-Opt3-Extra.csv","LotterySeeded",238,238,238,0,0,1.0000,1.0000,0.0000,78187.51598739497,1799.451554621849,79986.96754201684,79986.96754201684,196021.5300,0.001214152343,2879.122487394958,16,12,3,0.0,1
"stress","MQT-Set02-10-27-Mapped-AllAlgorithmLeft-Extra.csv","LotterySeeded",906,906,906,0,0,1.0000,1.0000,0.0000,607979.4531851544,3912.995783664458,611892.4489688189,611892.4489688189,1717191.5300,0.000527605677,6260.793253863143,76,12,3,0.0,1
"stress","MQT-Set03-7-127-AllOpt-IBMMapped-Only127-Extra.csv","LotterySeeded",4654,4654,0,4654,0,1.0000,0.0000,1.0000,12602389.603990141,22311.94452943699,12624701.54851958,12624701.54851958,28320716.240000002,0.000164332002,35699.11124709923,3952,12,3,0.0,1
"stress","MQT-Set04-7-127-AllOpt-IBMMapped-Extra.csv","LotterySeeded",5852,5852,1198,4654,0,1.0000,0.204716336295,0.795283663705,10092982.206919093,19215.94835611759,10112198.155275209,10112198.155275209,27175951.7400,0.000215337445,30745.517369788107,3977,12,3,0.0,1
"stress","MQT-Set01-298-10-27-IBMQ27-Opt3-Extra.csv","LotterySeeded",238,238,238,0,0,1.0000,1.0000,0.0000,79053.77961134451,1870.813193277311,80924.59280462182,80924.59280462182,223121.0300,0.001066685646,2993.301109243697,17,12,4,0.0,1
"stress","MQT-Set02-10-27-Mapped-AllAlgorithmLeft-Extra.csv","LotterySeeded",906,906,906,0,0,1.0000,1.0000,0.0000,721662.3064867544,4159.538885209717,725821.8453719645,725821.8453719645,1883552.7000,0.00048100592,6655.262216335541,63,12,4,0.0,1
"stress","MQT-Set03-7-127-AllOpt-IBMMapped-Only127-Extra.csv","LotterySeeded",4654,4654,0,4654,0,1.0000,0.0000,1.0000,12592848.29220568,22541.34558874087,12615389.63779442,12615389.63779442,30388752.7000,0.000153148767,36066.15294198552,3983,12,4,0.0,1
"stress","MQT-Set04-7-127-AllOpt-IBMMapped-Extra.csv","LotterySeeded",5852,5852,1198,4654,0,1.0000,0.204716336295,0.795283663705,10032704.488925636,19175.70823137382,10051880.197157009,10051880.197157009,28756692.4800,0.000203500455,30681.133170198154,3954,12,4,0.0,1
"stress","MQT-Set01-298-10-27-IBMQ27-Opt3-Extra.csv","LotterySeeded",238,238,238,0,0,1.0000,1.0000,0.0000,75213.34739729228,1802.102268907563,77015.44966619984,77015.44966619984,153371.2800,0.001551789879,2883.363630252099,17,12,5,0.0,1
"stress","MQT-Set02-10-27-Mapped-AllAlgorithmLeft-Extra.csv","LotterySeeded",906,906,906,0,0,1.0000,1.0000,0.0000,678415.2692120158,3983.165805739517,682398.4350177554,682398.4350177554,1437489.3600,0.000630265535,6373.065289183233,66,12,5,0.0,1
"stress","MQT-Set03-7-127-AllOpt-IBMMapped-Only127-Extra.csv","LotterySeeded",4654,4654,0,4654,0,1.0000,0.0000,1.0000,12276888.37006678,23985.72171465403,12300874.091781432,12300874.091781432,28817499.6100,0.000161499091,38377.15474344646,3951,12,5,0.0,1
"stress","MQT-Set04-7-127-AllOpt-IBMMapped-Extra.csv","LotterySeeded",5852,5852,1198,4654,0,1.0000,0.204716336295,0.795283663705,9898982.275696691,19854.021785714263,9918836.297482405,9918836.297482405,28750960.279999997,0.000203541028,31766.43485714295,4110,12,5,0.0,1
"stress","MQT-Set01-298-10-27-IBMQ27-Opt3-Extra.csv","MCT",238,238,238,0,0,1.0000,1.0000,0.0000,38174.46348739497,1704.873571428571,39879.337058823534,39879.337058823534,86125.7200,0.002763402152,2727.797714285713,28,12,1,0.25,12
"stress","MQT-Set02-10-27-Mapped-AllAlgorithmLeft-Extra.csv","MCT",906,906,906,0,0,1.0000,1.0000,0.0000,225530.76889072865,3606.846225165561,229137.6151158942,229137.6151158942,845944.0599999999,0.001070992803,5770.953960264904,77,12,1,0.25,12
"stress","MQT-Set03-7-127-AllOpt-IBMMapped-Only127-Extra.csv","MCT",4654,4654,0,4654,0,1.0000,0.0000,1.0000,11372189.551674798,29722.610547915658,11401912.162222711,11401912.162222711,23571882.9600,0.000197438618,47556.17687666523,3945,12,1,0.25,12
"stress","MQT-Set04-7-127-AllOpt-IBMMapped-Extra.csv","MCT",5852,5852,1198,4654,0,1.0000,0.204716336295,0.795283663705,9265730.357949926,24263.15653110046,9289993.514481027,9289993.514481027,23446983.6800,0.000249584342,38821.05044976081,4016,12,1,0.25,12
"stress","MQT-Set01-298-10-27-IBMQ27-Opt3-Extra.csv","MCT",238,238,238,0,0,1.0000,1.0000,0.0000,40128.5249159664,1708.835966386555,41837.36088235295,41837.36088235295,92538.68000000001,0.002571897503,2734.137546218488,17,12,1,0.5,12
"stress","MQT-Set02-10-27-Mapped-AllAlgorithmLeft-Extra.csv","MCT",906,906,906,0,0,1.0000,1.0000,0.0000,231341.96519315674,3595.522461368656,234937.4876545254,234937.4876545254,867680.6500,0.001044162965,5752.835938189847,99,12,1,0.5,12
"stress","MQT-Set03-7-127-AllOpt-IBMMapped-Only127-Extra.csv","MCT",4654,4654,0,4654,0,1.0000,0.0000,1.0000,11932205.942479786,30627.56237859905,11962833.50485838,11962833.50485838,25714938.560000002,0.000180984294,49004.09980575864,3961,12,1,0.5,12
"stress","MQT-Set04-7-127-AllOpt-IBMMapped-Extra.csv","MCT",5852,5852,1198,4654,0,1.0000,0.204716336295,0.795283663705,9699422.989914712,24939.83398837997,9724362.823903097,9724362.823903097,25103626.3600,0.000233113731,39903.734381407965,4445,12,1,0.5,12
"stress","MQT-Set01-298-10-27-IBMQ27-Opt3-Extra.csv","FCFS",238,238,238,0,0,1.0000,1.0000,0.0000,187535.21462184878,1439.652899159664,188974.86752100842,188974.86752100842,342637.3900,0.000694611875,2303.444638655461,12,13,1,0.0,1
"stress","MQT-Set01-298-10-27-IBMQ27-Opt3-Extra.csv","LoadAware",238,238,238,0,0,1.0000,1.0000,0.0000,38656.45540266106,1524.52974789916,40180.98515056023,40180.98515056023,102600.4100,0.002319678839,2439.247596638655,8,13,1,0.0,1
"stress","MQT-Set01-298-10-27-IBMQ27-Opt3-Extra.csv","QCLAR",238,238,238,0,0,1.0000,1.0000,0.0000,39111.061386554604,1538.568109243696,40649.629495798305,40649.629495798305,108333.6400,0.002196916858,2461.708974789915,18,13,1,0.0,1
"stress","MQT-Set01-298-10-27-IBMQ27-Opt3-Extra.csv","QCLAAR",238,238,238,0,0,1.0000,1.0000,0.0000,39111.061386554604,1538.568109243696,40649.629495798305,40649.629495798305,108333.6400,0.002196916858,2461.708974789915,16,13,1,0.0,1
"stress","MQT-Set01-298-10-27-IBMQ27-Opt3-Extra.csv","MCT",238,238,238,0,0,1.0000,1.0000,0.0000,29784.136302521016,1515.448319327731,31299.58462184875,31299.58462184875,74864.9800,0.003179056483,2424.717310924369,17,13,1,0.0,1
"stress","MQT-Set02-10-27-Mapped-AllAlgorithmLeft-Extra.csv","FCFS",906,906,906,0,0,1.0000,1.0000,0.0000,1904693.424039734,3758.609359823399,1908452.0333995575,1908452.0333995575,3405300.0800,0.000266055848,6013.77497571744,63,13,1,0.0,1
"stress","MQT-Set02-10-27-Mapped-AllAlgorithmLeft-Extra.csv","LoadAware",906,906,906,0,0,1.0000,1.0000,0.0000,385368.2549172181,3963.001909492276,389331.2568267104,389331.2568267104,943581.5600,0.000960171371,6340.803055187634,69,13,1,0.0,1
"stress","MQT-Set02-10-27-Mapped-AllAlgorithmLeft-Extra.csv","QCLAR",906,906,906,0,0,1.0000,1.0000,0.0000,382461.00220198656,3883.097935982338,386344.10013796884,386344.10013796884,904265.7500,0.001001917854,6212.956697571747,59,13,1,0.0,1
"stress","MQT-Set02-10-27-Mapped-AllAlgorithmLeft-Extra.csv","QCLAAR",906,906,906,0,0,1.0000,1.0000,0.0000,382461.00220198656,3883.097935982338,386344.10013796884,386344.10013796884,904265.7500,0.001001917854,6212.956697571747,66,13,1,0.0,1
"stress","MQT-Set02-10-27-Mapped-AllAlgorithmLeft-Extra.csv","MCT",906,906,906,0,0,1.0000,1.0000,0.0000,258211.10749999998,3902.821688741722,262113.92918874172,262113.92918874172,974782.9000,0.000929437724,6244.514701986756,67,13,1,0.0,1
"stress","MQT-Set03-7-127-AllOpt-IBMMapped-Only127-Extra.csv","FCFS",4654,4654,0,4654,0,1.0000,0.0000,1.0000,196636300.97240657,86096.53225827245,196722397.50466484,196722397.50466484,400693261.1300,0.00001161487,137754.45161323601,4039,13,1,0.0,1
"stress","MQT-Set03-7-127-AllOpt-IBMMapped-Only127-Extra.csv","LoadAware",4654,4654,0,4654,0,1.0000,0.0000,1.0000,15305792.464263761,41108.87521701755,15346901.339480778,15346901.339480778,70455657.21000001,0.000066055732,65774.20034722825,3853,13,1,0.0,1
"stress","MQT-Set03-7-127-AllOpt-IBMMapped-Only127-Extra.csv","QCLAR",4654,4654,0,4654,0,1.0000,0.0000,1.0000,11543440.92916514,24202.20642243227,11567643.13558757,11567643.13558757,31207062.6000,0.000149132908,38723.530275891724,3956,13,1,0.0,1
"stress","MQT-Set03-7-127-AllOpt-IBMMapped-Only127-Extra.csv","QCLAAR",4654,4654,0,4654,0,1.0000,0.0000,1.0000,11344917.711146226,23666.076626557777,11368583.787772784,11368583.787772784,25584318.240000002,0.000181908306,37865.7226024926,3951,13,1,0.0,1
"stress","MQT-Set03-7-127-AllOpt-IBMMapped-Only127-Extra.csv","MCT",4654,4654,0,4654,0,1.0000,0.0000,1.0000,10416398.160480462,27672.711792006892,10444070.87227247,10444070.87227247,21686513.8400,0.000214603418,44276.33886721107,3931,13,1,0.0,1
"stress","MQT-Set04-7-127-AllOpt-IBMMapped-Extra.csv","FCFS",5852,5852,1198,4654,0,1.0000,0.204716336295,0.795283663705,163225821.5021045,70836.35766917303,163296657.85977364,163296657.85977364,409861673.3300,0.000014277988,113338.17227067672,4065,13,1,0.0,1
"stress","MQT-Set04-7-127-AllOpt-IBMMapped-Extra.csv","LoadAware",5852,5852,1198,4654,0,1.0000,0.204716336295,0.795283663705,12752823.461441869,32674.73203007528,12785498.19347194,12785498.19347194,58725915.730000004,0.000099649361,52279.571248120345,3947,13,1,0.0,1
"stress","MQT-Set04-7-127-AllOpt-IBMMapped-Extra.csv","QCLAR",5852,5852,1198,4654,0,1.0000,0.204716336295,0.795283663705,9503739.808709327,19886.96911825009,9523626.777827576,9523626.777827576,26814785.1500,0.00021823781,31819.15058920019,4061,13,1,0.0,1
"stress","MQT-Set04-7-127-AllOpt-IBMMapped-Extra.csv","QCLAAR",5852,5852,1198,4654,0,1.0000,0.204716336295,0.795283663705,9504970.411846733,19999.153573137326,9524969.56541987,9524969.56541987,27497722.7400,0.000212817623,31998.64571701977,4283,13,1,0.0,1
"stress","MQT-Set04-7-127-AllOpt-IBMMapped-Extra.csv","MCT",5852,5852,1198,4654,0,1.0000,0.204716336295,0.795283663705,8702748.84405391,23305.63899008884,8726054.483043997,8726054.483043997,22291168.7800,0.00026252549,37289.022384142,4000,13,1,0.0,1
"stress","MQT-Set01-298-10-27-IBMQ27-Opt3-Extra.csv","LotterySeeded",238,238,238,0,0,1.0000,1.0000,0.0000,79449.1014895161,1679.067605042017,81128.16909455812,81128.16909455812,209938.44999999998,0.001133665605,2686.508168067225,23,13,1,0.0,1
"stress","MQT-Set02-10-27-Mapped-AllAlgorithmLeft-Extra.csv","LotterySeeded",906,906,906,0,0,1.0000,1.0000,0.0000,794122.4389389582,4360.162384105954,798482.6013230642,798482.6013230642,2565143.7800000003,0.000353196576,6976.259814569531,58,13,1,0.0,1
"stress","MQT-Set03-7-127-AllOpt-IBMMapped-Only127-Extra.csv","LotterySeeded",4654,4654,0,4654,0,1.0000,0.0000,1.0000,11525267.313714797,21955.15727116457,11547222.470985958,11547222.470985958,27765755.840000004,0.000167616543,35128.25163386344,3995,13,1,0.0,1
"stress","MQT-Set04-7-127-AllOpt-IBMMapped-Extra.csv","LotterySeeded",5852,5852,1198,4654,0,1.0000,0.204716336295,0.795283663705,9653149.211994566,18676.616069719777,9671825.828064287,9671825.828064287,30370550.3100,0.000192686663,29882.58571155163,3987,13,1,0.0,1
"stress","MQT-Set01-298-10-27-IBMQ27-Opt3-Extra.csv","LotterySeeded",238,238,238,0,0,1.0000,1.0000,0.0000,61657.480472689094,1600.254159663865,63257.73463235295,63257.73463235295,135724.0100,0.001753558563,2560.406655462186,17,13,2,0.0,1
"stress","MQT-Set02-10-27-Mapped-AllAlgorithmLeft-Extra.csv","LotterySeeded",906,906,906,0,0,1.0000,1.0000,0.0000,638230.1940953829,4256.036258278146,642486.2303536611,642486.2303536611,1608029.7600,0.000563422408,6809.658013245034,67,13,2,0.0,1
"stress","MQT-Set03-7-127-AllOpt-IBMMapped-Only127-Extra.csv","LotterySeeded",4654,4654,0,4654,0,1.0000,0.0000,1.0000,11493226.270489281,22102.66185431878,11515328.932343598,11515328.932343598,26380876.3400,0.000176415671,35364.25896691021,3907,13,2,0.0,1
"stress","MQT-Set04-7-127-AllOpt-IBMMapped-Extra.csv","LotterySeeded",5852,5852,1198,4654,0,1.0000,0.204716336295,0.795283663705,9805098.565487785,18463.66215994524,9823562.227647731,9823562.227647731,27267382.799999997,0.00021461539,29541.859455912538,4194,13,2,0.0,1
"stress","MQT-Set01-298-10-27-IBMQ27-Opt3-Extra.csv","LotterySeeded",238,238,238,0,0,1.0000,1.0000,0.0000,61617.097275910375,1620.075126050419,63237.17240196081,63237.17240196081,131622.0600,0.00180820753,2592.12020168067,10,13,3,0.0,1
"stress","MQT-Set02-10-27-Mapped-AllAlgorithmLeft-Extra.csv","LotterySeeded",906,906,906,0,0,1.0000,1.0000,0.0000,814585.8072130245,4270.08815673289,818855.8953697573,818855.8953697573,2364501.0000,0.000383167527,6832.141050772638,77,13,3,0.0,1
"stress","MQT-Set03-7-127-AllOpt-IBMMapped-Only127-Extra.csv","LotterySeeded",4654,4654,0,4654,0,1.0000,0.0000,1.0000,11509904.67913153,21989.17976579282,11531893.85889732,11531893.85889732,27382311.380000003,0.000169963738,35182.687625268576,3673,13,3,0.0,1
"stress","MQT-Set04-7-127-AllOpt-IBMMapped-Extra.csv","LotterySeeded",5852,5852,1198,4654,0,1.0000,0.204716336295,0.795283663705,9594925.28608583,19482.374449760773,9614407.660535589,9614407.660535589,25208046.049999997,0.0002321481,31171.79911961731,4303,13,3,0.0,1
"stress","MQT-Set01-298-10-27-IBMQ27-Opt3-Extra.csv","LotterySeeded",238,238,238,0,0,1.0000,1.0000,0.0000,65405.68721638653,1569.159453781512,66974.84667016804,66974.84667016804,175088.5500,0.001359312188,2510.655126050421,18,13,4,0.0,1
"stress","MQT-Set02-10-27-Mapped-AllAlgorithmLeft-Extra.csv","LotterySeeded",906,906,906,0,0,1.0000,1.0000,0.0000,504228.18466427486,4028.579293598227,508256.76395787316,508256.76395787316,1516355.6600,0.000597485157,6445.726869757174,82,13,4,0.0,1
"stress","MQT-Set03-7-127-AllOpt-IBMMapped-Only127-Extra.csv","LotterySeeded",4654,4654,0,4654,0,1.0000,0.0000,1.0000,11358501.736530703,23014.709705629553,11381516.446236333,11381516.446236333,25812351.4600,0.00018030128,36823.53552900721,3835,13,4,0.0,1
"stress","MQT-Set04-7-127-AllOpt-IBMMapped-Extra.csv","LotterySeeded",5852,5852,1198,4654,0,1.0000,0.204716336295,0.795283663705,9919948.312218258,17948.077732399168,9937896.389950657,9937896.389950657,30208554.6700,0.00019371996,28716.9243718388,4244,13,4,0.0,1
"stress","MQT-Set01-298-10-27-IBMQ27-Opt3-Extra.csv","LotterySeeded",238,238,238,0,0,1.0000,1.0000,0.0000,64542.27353783543,1562.184789915965,66104.45832775139,66104.45832775139,163608.97999999998,0.001454687878,2499.495663865546,17,13,5,0.0,1
"stress","MQT-Set02-10-27-Mapped-AllAlgorithmLeft-Extra.csv","LotterySeeded",906,906,906,0,0,1.0000,1.0000,0.0000,674577.5179966292,4065.110772626932,678642.6287692562,678642.6287692562,1722286.7600,0.000526044803,6504.177236203095,73,13,5,0.0,1
"stress","MQT-Set03-7-127-AllOpt-IBMMapped-Only127-Extra.csv","LotterySeeded",4654,4654,0,4654,0,1.0000,0.0000,1.0000,11509293.363354528,22273.034441340722,11531566.397795865,11531566.397795865,27976740.5200,0.000166352474,35636.85510614532,4058,13,5,0.0,1
"stress","MQT-Set04-7-127-AllOpt-IBMMapped-Extra.csv","LotterySeeded",5852,5852,1198,4654,0,1.0000,0.204716336295,0.795283663705,9670065.253241023,18809.213911483268,9688874.467152506,9688874.467152506,28053704.1600,0.000208599904,30094.74225837305,3952,13,5,0.0,1
"stress","MQT-Set01-298-10-27-IBMQ27-Opt3-Extra.csv","MCT",238,238,238,0,0,1.0000,1.0000,0.0000,29872.844537815137,1516.219033613445,31389.063571428578,31389.063571428578,75765.9100,0.003141254424,2425.950453781513,15,13,1,0.25,13
"stress","MQT-Set02-10-27-Mapped-AllAlgorithmLeft-Extra.csv","MCT",906,906,906,0,0,1.0000,1.0000,0.0000,264255.34720241604,3913.913333333333,268169.2605357494,268169.2605357494,940356.0500,0.000963464849,6262.261333333329,71,13,1,0.25,13
"stress","MQT-Set03-7-127-AllOpt-IBMMapped-Only127-Extra.csv","MCT",4654,4654,0,4654,0,1.0000,0.0000,1.0000,10815519.88662787,28146.917709497233,10843666.804337371,10843666.804337371,22700756.6800,0.000205015192,45035.06833519564,3940,13,1,0.25,13
"stress","MQT-Set04-7-127-AllOpt-IBMMapped-Extra.csv","MCT",5852,5852,1198,4654,0,1.0000,0.204716336295,0.795283663705,8927392.218758298,23523.703668831175,8950915.922427129,8950915.922427129,22439081.4100,0.000260794989,37637.92587012987,4234,13,1,0.25,13
"stress","MQT-Set01-298-10-27-IBMQ27-Opt3-Extra.csv","MCT",238,238,238,0,0,1.0000,1.0000,0.0000,30124.62760504202,1521.030084033613,31645.657689075637,31645.657689075637,84513.70000000001,0.002816111471,2433.648134453782,19,13,1,0.5,13
"stress","MQT-Set02-10-27-Mapped-AllAlgorithmLeft-Extra.csv","MCT",906,906,906,0,0,1.0000,1.0000,0.0000,274658.7461661149,3922.592814569538,278581.33898068446,278581.33898068446,910455.4800,0.000995106318,6276.148503311262,65,13,1,0.5,13
"stress","MQT-Set03-7-127-AllOpt-IBMMapped-Only127-Extra.csv","MCT",4654,4654,0,4654,0,1.0000,0.0000,1.0000,11554257.91901546,28951.797372152985,11583209.716387609,11583209.716387609,25047033.3800,0.000185810428,46322.87579544498,4067,13,1,0.5,13
"stress","MQT-Set04-7-127-AllOpt-IBMMapped-Extra.csv","MCT",5852,5852,1198,4654,0,1.0000,0.204716336295,0.795283663705,9610682.001967141,24189.73095864645,9634871.732925784,9634871.732925784,24389880.9500,0.00023993557,38703.56953383462,4061,13,1,0.5,13
"stress","MQT-Set01-298-10-27-IBMQ27-Opt3-Extra.csv","FCFS",238,238,238,0,0,1.0000,1.0000,0.0000,222153.68697479003,1666.243529411765,223819.93050420182,223819.93050420182,396565.9600,0.000600152368,2665.989647058823,12,14,1,0.0,1
"stress","MQT-Set01-298-10-27-IBMQ27-Opt3-Extra.csv","LoadAware",238,238,238,0,0,1.0000,1.0000,0.0000,46061.53686414567,1760.113235294117,47821.65009943979,47821.65009943979,121524.2700,0.001958456529,2816.181176470589,22,14,1,0.0,1
"stress","MQT-Set01-298-10-27-IBMQ27-Opt3-Extra.csv","QCLAR",238,238,238,0,0,1.0000,1.0000,0.0000,46116.32835200749,1756.960462184874,47873.28881419235,47873.28881419235,116460.7800,0.00204360644,2811.136739495798,12,14,1,0.0,1
"stress","MQT-Set01-298-10-27-IBMQ27-Opt3-Extra.csv","QCLAAR",238,238,238,0,0,1.0000,1.0000,0.0000,46116.32835200749,1756.960462184874,47873.28881419235,47873.28881419235,116460.7800,0.00204360644,2811.136739495798,17,14,1,0.0,1
"stress","MQT-Set01-298-10-27-IBMQ27-Opt3-Extra.csv","MCT",238,238,238,0,0,1.0000,1.0000,0.0000,37183.56359943978,1756.420966386554,38939.98456582633,38939.98456582633,85831.0500,0.002772889298,2810.273546218488,19,14,1,0.0,1
"stress","MQT-Set02-10-27-Mapped-AllAlgorithmLeft-Extra.csv","FCFS",906,906,906,0,0,1.0000,1.0000,0.0000,2150399.8300882992,3640.540121412803,2154040.3702097116,2154040.3702097116,3298329.3500,0.000274684516,5824.864194260495,72,14,1,0.0,1
"stress","MQT-Set02-10-27-Mapped-AllAlgorithmLeft-Extra.csv","LoadAware",906,906,906,0,0,1.0000,1.0000,0.0000,475532.96114955854,4053.991677704185,479586.9528272627,479586.9528272627,1196847.9200,0.000756988407,6486.386684326708,78,14,1,0.0,1
"stress","MQT-Set02-10-27-Mapped-AllAlgorithmLeft-Extra.csv","QCLAR",906,906,906,0,0,1.0000,1.0000,0.0000,474357.3384381897,4019.587207505515,478376.9256456953,478376.9256456953,1158166.5700,0.000782270896,6431.339532008831,67,14,1,0.0,1
"stress","MQT-Set02-10-27-Mapped-AllAlgorithmLeft-Extra.csv","QCLAAR",906,906,906,0,0,1.0000,1.0000,0.0000,474357.3384381897,4019.587207505515,478376.9256456953,478376.9256456953,1158166.5700,0.000782270896,6431.339532008831,72,14,1,0.0,1
"stress","MQT-Set02-10-27-Mapped-AllAlgorithmLeft-Extra.csv","MCT",906,906,906,0,0,1.0000,1.0000,0.0000,270162.26940992154,3817.854050772625,273980.1234606942,273980.1234606942,797613.2800,0.001135888811,6108.566481236205,73,14,1,0.0,1
"stress","MQT-Set03-7-127-AllOpt-IBMMapped-Only127-Extra.csv","FCFS",4654,4654,0,4654,0,1.0000,0.0000,1.0000,204275057.72255552,87288.94346583585,204362346.66602138,204362346.66602138,406242742.89000005,0.000011456205,139662.30954533757,4004,14,1,0.0,1
"stress","MQT-Set03-7-127-AllOpt-IBMMapped-Only127-Extra.csv","LoadAware",4654,4654,0,4654,0,1.0000,0.0000,1.0000,16918358.81543887,42874.50052642873,16961233.315965295,16961233.315965295,74117098.5900,0.000062792528,68599.20084228652,3983,14,1,0.0,1
"stress","MQT-Set03-7-127-AllOpt-IBMMapped-Only127-Extra.csv","QCLAR",4654,4654,0,4654,0,1.0000,0.0000,1.0000,12089209.83619868,24645.82932960893,12113855.665528286,12113855.665528286,29456433.8900,0.000157996043,39433.32692737434,4198,14,1,0.0,1
"stress","MQT-Set03-7-127-AllOpt-IBMMapped-Only127-Extra.csv","QCLAAR",4654,4654,0,4654,0,1.0000,0.0000,1.0000,11903618.447878955,24822.19812849156,11928440.646007448,11928440.646007448,30569410.160000004,0.000152243696,39715.51700558671,4099,14,1,0.0,1
"stress","MQT-Set03-7-127-AllOpt-IBMMapped-Only127-Extra.csv","MCT",4654,4654,0,4654,0,1.0000,0.0000,1.0000,10820736.670801613,28071.574284486484,10848808.245086102,10848808.245086102,22025554.9800,0.000211300011,44914.51885517847,3946,14,1,0.0,1
"stress","MQT-Set04-7-127-AllOpt-IBMMapped-Extra.csv","FCFS",5852,5852,1198,4654,0,1.0000,0.204716336295,0.795283663705,156818725.23178452,68912.01969924817,156887637.2514838,156887637.2514838,398976382.6400,0.000014667535,110259.23151879659,4121,14,1,0.0,1
"stress","MQT-Set04-7-127-AllOpt-IBMMapped-Extra.csv","LoadAware",5852,5852,1198,4654,0,1.0000,0.204716336295,0.795283663705,12861184.866517633,34048.02859193424,12895232.895109564,12895232.895109564,70261404.5800,0.00008328897,54476.84574709491,3966,14,1,0.0,1
"stress","MQT-Set04-7-127-AllOpt-IBMMapped-Extra.csv","QCLAR",5852,5852,1198,4654,0,1.0000,0.204716336295,0.795283663705,9084234.600811074,19005.872739234383,9103240.473550308,9103240.473550308,24435180.1100,0.000239490766,30409.396382774972,4367,14,1,0.0,1
"stress","MQT-Set04-7-127-AllOpt-IBMMapped-Extra.csv","QCLAAR",5852,5852,1198,4654,0,1.0000,0.204716336295,0.795283663705,9225431.661436526,20212.52419685568,9245644.18563338,9245644.18563338,28036157.0400,0.000208730462,32340.03871496915,4008,14,1,0.0,1
"stress","MQT-Set04-7-127-AllOpt-IBMMapped-Extra.csv","MCT",5852,5852,1198,4654,0,1.0000,0.204716336295,0.795283663705,8357717.359969024,22690.193484278876,8380407.553453299,8380407.553453299,21676977.9000,0.000269963831,36304.30957484619,4010,14,1,0.0,1
"stress","MQT-Set01-298-10-27-IBMQ27-Opt3-Extra.csv","LotterySeeded",238,238,238,0,0,1.0000,1.0000,0.0000,91197.41377443365,1979.861470588235,93177.2752450219,93177.2752450219,245902.0600,0.000967865011,3167.778352941175,16,14,1,0.0,1
"stress","MQT-Set02-10-27-Mapped-AllAlgorithmLeft-Extra.csv","LotterySeeded",906,906,906,0,0,1.0000,1.0000,0.0000,931863.0574641281,4176.020816777043,936039.0782809053,936039.0782809053,2842723.4000000004,0.000318708461,6681.633306843273,77,14,1,0.0,1
"stress","MQT-Set03-7-127-AllOpt-IBMMapped-Only127-Extra.csv","LotterySeeded",4654,4654,0,4654,0,1.0000,0.0000,1.0000,11780464.902408293,23101.105928233676,11803566.008336527,11803566.008336527,27926303.290000003,0.00016665292,36961.769485174154,4151,14,1,0.0,1
"stress","MQT-Set04-7-127-AllOpt-IBMMapped-Extra.csv","LotterySeeded",5852,5852,1198,4654,0,1.0000,0.204716336295,0.795283663705,9111244.967317825,19271.529736842098,9130516.497054668,9130516.497054668,25120719.5200,0.000232955111,30834.447578947358,3954,14,1,0.0,1
"stress","MQT-Set01-298-10-27-IBMQ27-Opt3-Extra.csv","LotterySeeded",238,238,238,0,0,1.0000,1.0000,0.0000,85818.54530112047,1914.978529411766,87733.52383053221,87733.52383053221,258104.3800,0.00092210756,3063.965647058824,17,14,2,0.0,1
"stress","MQT-Set02-10-27-Mapped-AllAlgorithmLeft-Extra.csv","LotterySeeded",906,906,906,0,0,1.0000,1.0000,0.0000,844109.9527874361,4094.309558498895,848204.262345935,848204.262345935,1955776.5300,0.000463243109,6550.895293598229,68,14,2,0.0,1
"stress","MQT-Set03-7-127-AllOpt-IBMMapped-Only127-Extra.csv","LotterySeeded",4654,4654,0,4654,0,1.0000,0.0000,1.0000,11971513.791903049,22465.459275891742,11993979.251178939,11993979.251178939,27209302.110000003,0.000171044446,35944.7348414268,3972,14,2,0.0,1
"stress","MQT-Set04-7-127-AllOpt-IBMMapped-Extra.csv","LotterySeeded",5852,5852,1198,4654,0,1.0000,0.204716336295,0.795283663705,9429093.582281152,17680.122455570727,9446773.704736724,9446773.704736724,27240656.369999997,0.000214825954,28288.195928913265,4033,14,2,0.0,1
"stress","MQT-Set01-298-10-27-IBMQ27-Opt3-Extra.csv","LotterySeeded",238,238,238,0,0,1.0000,1.0000,0.0000,90809.38022934175,1916.612731092436,92725.99296043419,92725.99296043419,249243.9000,0.000954887963,3066.5803697479,16,14,3,0.0,1
"stress","MQT-Set02-10-27-Mapped-AllAlgorithmLeft-Extra.csv","LotterySeeded",906,906,906,0,0,1.0000,1.0000,0.0000,846977.9257119214,4217.591169977923,851195.5168818992,851195.5168818992,1628898.8900,0.000556203952,6748.145871964683,71,14,3,0.0,1
"stress","MQT-Set03-7-127-AllOpt-IBMMapped-Only127-Extra.csv","LotterySeeded",4654,4654,0,4654,0,1.0000,0.0000,1.0000,11974553.720250128,22777.39783412119,11997331.118084244,11997331.118084244,26056287.880000003,0.000178613317,36443.83653459391,3956,14,3,0.0,1
"stress","MQT-Set04-7-127-AllOpt-IBMMapped-Extra.csv","LotterySeeded",5852,5852,1198,4654,0,1.0000,0.204716336295,0.795283663705,9422584.506226765,18150.203009227596,9440734.70923599,9440734.70923599,27305749.759999998,0.000214313837,29040.32481476423,4063,14,3,0.0,1
"stress","MQT-Set01-298-10-27-IBMQ27-Opt3-Extra.csv","LotterySeeded",238,238,238,0,0,1.0000,1.0000,0.0000,84978.22533613438,1900.213655462184,86878.43899159656,86878.43899159656,187611.6900,0.001268577667,3040.341848739496,11,14,4,0.0,1
"stress","MQT-Set02-10-27-Mapped-AllAlgorithmLeft-Extra.csv","LotterySeeded",906,906,906,0,0,1.0000,1.0000,0.0000,694873.4898463945,4080.339977924948,698953.8298243195,698953.8298243195,1621248.6100,0.000558828544,6528.54396467992,50,14,4,0.0,1
"stress","MQT-Set03-7-127-AllOpt-IBMMapped-Only127-Extra.csv","LotterySeeded",4654,4654,0,4654,0,1.0000,0.0000,1.0000,12013981.53574132,22547.364666953137,12036528.900408272,12036528.900408272,28572544.6000,0.000162883638,36075.78346712498,3893,14,4,0.0,1
"stress","MQT-Set04-7-127-AllOpt-IBMMapped-Extra.csv","LotterySeeded",5852,5852,1198,4654,0,1.0000,0.204716336295,0.795283663705,9249871.20385024,18677.304743677378,9268548.508593919,9268548.508593919,25369143.8900,0.000230673925,29883.68758988391,3991,14,4,0.0,1
"stress","MQT-Set01-298-10-27-IBMQ27-Opt3-Extra.csv","LotterySeeded",238,238,238,0,0,1.0000,1.0000,0.0000,63841.167080339415,1828.416092436974,65669.58317277639,65669.58317277639,141308.5600,0.001684257486,2925.46574789916,19,14,5,0.0,1
"stress","MQT-Set02-10-27-Mapped-AllAlgorithmLeft-Extra.csv","LotterySeeded",906,906,906,0,0,1.0000,1.0000,0.0000,682234.8980656728,4152.832660044143,686387.730725717,686387.730725717,1444311.3100,0.000627288586,6644.532256070645,75,14,5,0.0,1
"stress","MQT-Set03-7-127-AllOpt-IBMMapped-Only127-Extra.csv","LotterySeeded",4654,4654,0,4654,0,1.0000,0.0000,1.0000,11888881.77116087,23300.954245810146,11912182.72540668,11912182.72540668,27433293.060000002,0.00016964788,37281.52679329612,4142,14,5,0.0,1
"stress","MQT-Set04-7-127-AllOpt-IBMMapped-Extra.csv","LotterySeeded",5852,5852,1198,4654,0,1.0000,0.204716336295,0.795283663705,9479065.72812895,17555.471158578275,9496621.19928753,9496621.19928753,27492630.9100,0.000212857039,28088.753853725262,4015,14,5,0.0,1
"stress","MQT-Set01-298-10-27-IBMQ27-Opt3-Extra.csv","MCT",238,238,238,0,0,1.0000,1.0000,0.0000,37650.10956582633,1751.849075630253,39401.95864145658,39401.95864145658,89122.6600,0.002670476846,2802.958521008402,15,14,1,0.25,14
"stress","MQT-Set02-10-27-Mapped-AllAlgorithmLeft-Extra.csv","MCT",906,906,906,0,0,1.0000,1.0000,0.0000,267223.15589998773,3830.367362030903,271053.5232620186,271053.5232620186,808594.2900,0.00112046302,6128.58777924945,73,14,1,0.25,14
"stress","MQT-Set03-7-127-AllOpt-IBMMapped-Only127-Extra.csv","MCT",4654,4654,0,4654,0,1.0000,0.0000,1.0000,11022528.490221461,28397.933435754137,11050926.423657216,11050926.423657216,22410882.6900,0.000207666965,45436.6934972068,4155,14,1,0.25,14
"stress","MQT-Set04-7-127-AllOpt-IBMMapped-Extra.csv","MCT",5852,5852,1198,4654,0,1.0000,0.204716336295,0.795283663705,8547315.156580469,22843.087472658957,8570158.244053127,8570158.244053127,21943399.9800,0.000266686111,36548.93995625432,3984,14,1,0.25,14
"stress","MQT-Set01-298-10-27-IBMQ27-Opt3-Extra.csv","MCT",238,238,238,0,0,1.0000,1.0000,0.0000,40227.97166666662,1769.341848739496,41997.31351540612,41997.31351540612,95813.7100,0.002483986895,2830.946957983193,17,14,1,0.5,14
"stress","MQT-Set02-10-27-Mapped-AllAlgorithmLeft-Extra.csv","MCT",906,906,906,0,0,1.0000,1.0000,0.0000,272780.3691781334,3826.379348785871,276606.7485269193,276606.7485269193,820359.7700,0.001104393503,6122.206958057396,74,14,1,0.5,14
"stress","MQT-Set03-7-127-AllOpt-IBMMapped-Only127-Extra.csv","MCT",4654,4654,0,4654,0,1.0000,0.0000,1.0000,11663243.102039257,29152.976433175805,11692396.078472434,11692396.078472434,24028000.490000002,0.00019369069,46644.762293081345,3970,14,1,0.5,14
"stress","MQT-Set04-7-127-AllOpt-IBMMapped-Extra.csv","MCT",5852,5852,1198,4654,0,1.0000,0.204716336295,0.795283663705,9089666.39700744,23578.312993848296,9113244.710001286,9113244.710001286,23443806.1200,0.000249618171,37725.30079015715,4188,14,1,0.5,14
"stress","MQT-Set01-298-10-27-IBMQ27-Opt3-Extra.csv","FCFS",238,238,238,0,0,1.0000,1.0000,0.0000,221221.0936554622,1704.984915966387,222926.07857142857,222926.07857142857,405786.4100,0.000586515453,2727.975865546218,16,15,1,0.0,1
"stress","MQT-Set01-298-10-27-IBMQ27-Opt3-Extra.csv","LoadAware",238,238,238,0,0,1.0000,1.0000,0.0000,45317.90023459384,1783.195420168067,47101.095654761906,47101.095654761906,130954.3900,0.001817426663,2853.112672268906,17,15,1,0.0,1
"stress","MQT-Set01-298-10-27-IBMQ27-Opt3-Extra.csv","QCLAR",238,238,238,0,0,1.0000,1.0000,0.0000,45257.283025210076,1776.061134453782,47033.344159663866,47033.344159663866,136648.0300,0.001741700923,2841.69781512605,17,15,1,0.0,1
"stress","MQT-Set01-298-10-27-IBMQ27-Opt3-Extra.csv","QCLAAR",238,238,238,0,0,1.0000,1.0000,0.0000,45257.283025210076,1776.061134453782,47033.344159663866,47033.344159663866,136648.0300,0.001741700923,2841.69781512605,11,15,1,0.0,1
"stress","MQT-Set01-298-10-27-IBMQ27-Opt3-Extra.csv","MCT",238,238,238,0,0,1.0000,1.0000,0.0000,38185.647058823524,1799.153361344537,39984.80042016805,39984.80042016805,88912.2700,0.002676795902,2878.64537815126,12,15,1,0.0,1
"stress","MQT-Set02-10-27-Mapped-AllAlgorithmLeft-Extra.csv","FCFS",906,906,906,0,0,1.0000,1.0000,0.0000,1890029.5428687974,3745.907715231788,1893775.4505840293,1893775.4505840293,3393792.3900,0.000266957991,5993.452344370864,66,15,1,0.0,1
"stress","MQT-Set02-10-27-Mapped-AllAlgorithmLeft-Extra.csv","LoadAware",906,906,906,0,0,1.0000,1.0000,0.0000,409586.85155533167,3974.108620309051,413560.96017564065,413560.96017564065,1062857.6000,0.000852418988,6358.573792494481,67,15,1,0.0,1
"stress","MQT-Set02-10-27-Mapped-AllAlgorithmLeft-Extra.csv","QCLAR",906,906,906,0,0,1.0000,1.0000,0.0000,421694.93546081654,4048.535982339952,425743.47144315654,425743.47144315654,1180952.7200,0.000767177199,6477.657571743943,65,15,1,0.0,1
"stress","MQT-Set02-10-27-Mapped-AllAlgorithmLeft-Extra.csv","QCLAAR",906,906,906,0,0,1.0000,1.0000,0.0000,421694.93546081654,4048.535982339952,425743.47144315654,425743.47144315654,1180952.7200,0.000767177199,6477.657571743943,76,15,1,0.0,1
"stress","MQT-Set02-10-27-Mapped-AllAlgorithmLeft-Extra.csv","MCT",906,906,906,0,0,1.0000,1.0000,0.0000,255587.9977897353,3893.773322295805,259481.77111203104,259481.77111203104,954186.4500,0.000949499964,6230.037315673285,61,15,1,0.0,1
"stress","MQT-Set03-7-127-AllOpt-IBMMapped-Only127-Extra.csv","FCFS",4654,4654,0,4654,0,1.0000,0.0000,1.0000,216966463.46609554,93722.7838955737,217060186.24999112,217060186.24999112,436185836.2500,0.000010669764,149956.45423291757,3972,15,1,0.0,1
"stress","MQT-Set03-7-127-AllOpt-IBMMapped-Only127-Extra.csv","LoadAware",4654,4654,0,4654,0,1.0000,0.0000,1.0000,15936083.63334481,42654.000152556815,15978737.633497365,15978737.633497365,61665931.809999995,0.00007547117,68246.40024409119,3963,15,1,0.0,1
"stress","MQT-Set03-7-127-AllOpt-IBMMapped-Only127-Extra.csv","QCLAR",4654,4654,0,4654,0,1.0000,0.0000,1.0000,12898303.571783904,25057.59030081641,12923361.16208472,12923361.16208472,32676066.080000002,0.000142428406,40092.14448130643,3903,15,1,0.0,1
"stress","MQT-Set03-7-127-AllOpt-IBMMapped-Only127-Extra.csv","QCLAAR",4654,4654,0,4654,0,1.0000,0.0000,1.0000,12604791.114719026,26888.365653201487,12631679.480372228,12631679.480372228,32558184.680000003,0.000142944088,43021.38504512235,3924,15,1,0.0,1
"stress","MQT-Set03-7-127-AllOpt-IBMMapped-Only127-Extra.csv","MCT",4654,4654,0,4654,0,1.0000,0.0000,1.0000,11479633.91578126,30166.448785990517,11509800.36456725,11509800.36456725,23649283.8600,0.000196792428,48266.318057584904,4313,15,1,0.0,1
"stress","MQT-Set04-7-127-AllOpt-IBMMapped-Extra.csv","FCFS",5852,5852,1198,4654,0,1.0000,0.204716336295,0.795283663705,163532538.0159513,71805.61395762136,163604343.62990892,163604343.62990892,415852678.5600,0.000014072291,114888.98233219386,4271,15,1,0.0,1
"stress","MQT-Set04-7-127-AllOpt-IBMMapped-Extra.csv","LoadAware",5852,5852,1198,4654,0,1.0000,0.204716336295,0.795283663705,13614234.747847619,36041.6761107313,13650276.423958348,13650276.423958348,78996394.1600,0.000074079331,57666.681777169964,4329,15,1,0.0,1
"stress","MQT-Set04-7-127-AllOpt-IBMMapped-Extra.csv","QCLAR",5852,5852,1198,4654,0,1.0000,0.204716336295,0.795283663705,9600367.134236703,20527.902288106456,9620895.036524808,9620895.036524808,30232604.869999997,0.000193565855,32844.64366097061,4124,15,1,0.0,1
"stress","MQT-Set04-7-127-AllOpt-IBMMapped-Extra.csv","QCLAAR",5852,5852,1198,4654,0,1.0000,0.204716336295,0.795283663705,9536608.65725789,21762.385457963002,9558371.042715853,9558371.042715853,30361411.8300,0.00019274466,34819.81673274083,4014,15,1,0.0,1
"stress","MQT-Set04-7-127-AllOpt-IBMMapped-Extra.csv","MCT",5852,5852,1198,4654,0,1.0000,0.204716336295,0.795283663705,8703777.165744923,23635.572346206387,8727412.73809113,8727412.73809113,22546973.8400,0.000259547026,37816.9157539302,4233,15,1,0.0,1
"stress","MQT-Set01-298-10-27-IBMQ27-Opt3-Extra.csv","LotterySeeded",238,238,238,0,0,1.0000,1.0000,0.0000,81000.43240513236,1949.249327731092,82949.68173286345,82949.68173286345,203308.59999999998,0.001170634198,3118.798924369748,14,15,1,0.0,1
"stress","MQT-Set02-10-27-Mapped-AllAlgorithmLeft-Extra.csv","LotterySeeded",906,906,906,0,0,1.0000,1.0000,0.0000,618119.7784967445,4187.409591611477,622307.188088356,622307.188088356,1903541.3800,0.00047595498,6699.855346578373,56,15,1,0.0,1
"stress","MQT-Set03-7-127-AllOpt-IBMMapped-Only127-Extra.csv","LotterySeeded",4654,4654,0,4654,0,1.0000,0.0000,1.0000,12718875.637193648,23951.784776536293,12742827.421970183,12742827.421970183,28961226.9200,0.000160697612,38322.85564245802,3957,15,1,0.0,1
"stress","MQT-Set04-7-127-AllOpt-IBMMapped-Extra.csv","LotterySeeded",5852,5852,1198,4654,0,1.0000,0.204716336295,0.795283663705,9570273.86380725,19424.4125598086,9589698.276367059,9589698.276367059,27473553.419999998,0.000213004845,31079.060095693745,4106,15,1,0.0,1
"stress","MQT-Set01-298-10-27-IBMQ27-Opt3-Extra.csv","LotterySeeded",238,238,238,0,0,1.0000,1.0000,0.0000,84979.17101540617,1998.879243697478,86978.05025910365,86978.05025910365,202693.7500,0.001174185193,3198.206789915966,16,15,2,0.0,1
"stress","MQT-Set02-10-27-Mapped-AllAlgorithmLeft-Extra.csv","LotterySeeded",906,906,906,0,0,1.0000,1.0000,0.0000,771346.0136105588,4437.234094922737,775783.2477054816,775783.2477054816,1998548.7100,0.000453328956,7099.574551876377,66,15,2,0.0,1
"stress","MQT-Set03-7-127-AllOpt-IBMMapped-Only127-Extra.csv","LotterySeeded",4654,4654,0,4654,0,1.0000,0.0000,1.0000,12556144.965196254,24658.69966695304,12580803.664863206,12580803.664863206,28870831.580000002,0.00016120076,39453.91946712514,4149,15,2,0.0,1
"stress","MQT-Set04-7-127-AllOpt-IBMMapped-Extra.csv","LotterySeeded",5852,5852,1198,4654,0,1.0000,0.204716336295,0.795283663705,9717841.11890956,18739.58093643204,9736580.699845992,9736580.699845992,27260537.139999997,0.000214669284,29983.329498291267,3948,15,2,0.0,1
"stress","MQT-Set01-298-10-27-IBMQ27-Opt3-Extra.csv","LotterySeeded",238,238,238,0,0,1.0000,1.0000,0.0000,87799.10271358544,2008.452521008404,89807.55523459383,89807.55523459383,251463.7800,0.000946458373,3213.524033613442,17,15,3,0.0,1
"stress","MQT-Set02-10-27-Mapped-AllAlgorithmLeft-Extra.csv","LotterySeeded",906,906,906,0,0,1.0000,1.0000,0.0000,769223.4984293599,4296.395320088298,773519.8937494481,773519.8937494481,2602026.5500,0.000348190144,6874.232512141284,64,15,3,0.0,1
"stress","MQT-Set03-7-127-AllOpt-IBMMapped-Only127-Extra.csv","LotterySeeded",4654,4654,0,4654,0,1.0000,0.0000,1.0000,12800542.509375302,23406.198743016717,12823948.708118318,12823948.708118318,29633563.9200,0.000157051646,37449.91798882685,3997,15,3,0.0,1
"stress","MQT-Set04-7-127-AllOpt-IBMMapped-Extra.csv","LotterySeeded",5852,5852,1198,4654,0,1.0000,0.204716336295,0.795283663705,9787446.58806833,19009.17775119613,9806455.765819525,9806455.765819525,28440010.189999998,0.000205766452,30414.68440191393,3972,15,3,0.0,1
"stress","MQT-Set01-298-10-27-IBMQ27-Opt3-Extra.csv","LotterySeeded",238,238,238,0,0,1.0000,1.0000,0.0000,83928.1295378151,1988.809159663864,85916.93869747897,85916.93869747897,203620.4100,0.001168841571,3182.094655462185,16,15,4,0.0,1
"stress","MQT-Set02-10-27-Mapped-AllAlgorithmLeft-Extra.csv","LotterySeeded",906,906,906,0,0,1.0000,1.0000,0.0000,679246.5961101002,4353.797637969098,683600.3937480692,683600.3937480692,1962264.0400,0.000461711565,6966.076220750562,68,15,4,0.0,1
"stress","MQT-Set03-7-127-AllOpt-IBMMapped-Only127-Extra.csv","LotterySeeded",4654,4654,0,4654,0,1.0000,0.0000,1.0000,12854616.108821046,23428.20633863333,12878044.31515968,12878044.31515968,29086224.770000003,0.000160007015,37485.13014181355,3922,15,4,0.0,1
"stress","MQT-Set04-7-127-AllOpt-IBMMapped-Extra.csv","LotterySeeded",5852,5852,1198,4654,0,1.0000,0.204716336295,0.795283663705,9717060.008325422,18991.058330485284,9736051.066655906,9736051.066655906,29349157.3000,0.000199392437,30385.69332877646,4140,15,4,0.0,1
"stress","MQT-Set01-298-10-27-IBMQ27-Opt3-Extra.csv","LotterySeeded",238,238,238,0,0,1.0000,1.0000,0.0000,89411.50949021637,1956.367100840338,91367.8765910567,91367.8765910567,237004.9000,0.001004198647,3130.187361344539,20,15,5,0.0,1
"stress","MQT-Set02-10-27-Mapped-AllAlgorithmLeft-Extra.csv","LotterySeeded",906,906,906,0,0,1.0000,1.0000,0.0000,509103.5947942064,4082.278002207508,513185.8727964139,513185.8727964139,1434528.6000,0.000631566356,6531.644803532011,75,15,5,0.0,1
"stress","MQT-Set03-7-127-AllOpt-IBMMapped-Only127-Extra.csv","LotterySeeded",4654,4654,0,4654,0,1.0000,0.0000,1.0000,12631766.927667594,24562.754755049406,12656329.682422644,12656329.682422644,29116543.160000004,0.000159840403,39300.40760807907,3962,15,5,0.0,1
"stress","MQT-Set04-7-127-AllOpt-IBMMapped-Extra.csv","LotterySeeded",5852,5852,1198,4654,0,1.0000,0.204716336295,0.795283663705,9583065.702897515,20030.508243335582,9603096.21114085,9603096.21114085,25978330.2400,0.00022526467,32048.813189337114,3971,15,5,0.0,1
"stress","MQT-Set01-298-10-27-IBMQ27-Opt3-Extra.csv","MCT",238,238,238,0,0,1.0000,1.0000,0.0000,38374.473697479,1793.031344537815,40167.50504201681,40167.50504201681,106685.06000000001,0.002230865315,2868.850151260504,18,15,1,0.25,15
"stress","MQT-Set02-10-27-Mapped-AllAlgorithmLeft-Extra.csv","MCT",906,906,906,0,0,1.0000,1.0000,0.0000,262176.0010016555,3897.292571743928,266073.29357339937,266073.29357339937,964927.4900,0.000938930655,6235.668114790283,60,15,1,0.25,15
"stress","MQT-Set03-7-127-AllOpt-IBMMapped-Only127-Extra.csv","MCT",4654,4654,0,4654,0,1.0000,0.0000,1.0000,11588005.95455826,30251.078467984535,11618257.033026248,11618257.033026248,23706460.4100,0.000196317794,48401.725548775314,4003,15,1,0.25,15
"stress","MQT-Set04-7-127-AllOpt-IBMMapped-Extra.csv","MCT",5852,5852,1198,4654,0,1.0000,0.204716336295,0.795283663705,8813892.42720974,23793.488901230314,8837685.916110974,8837685.916110974,22998147.0700,0.000254455282,38069.582241968536,3937,15,1,0.25,15
"stress","MQT-Set01-298-10-27-IBMQ27-Opt3-Extra.csv","MCT",238,238,238,0,0,1.0000,1.0000,0.0000,38603.96630252103,1785.532731092437,40389.49903361346,40389.49903361346,124090.8600,0.001917949477,2856.8523697479,16,15,1,0.5,15
"stress","MQT-Set02-10-27-Mapped-AllAlgorithmLeft-Extra.csv","MCT",906,906,906,0,0,1.0000,1.0000,0.0000,272233.8290149006,3971.829878587197,276205.65889348777,276205.65889348777,1018778.2200,0.000889300519,6354.92780573951,65,15,1,0.5,15
"stress","MQT-Set03-7-127-AllOpt-IBMMapped-Only127-Extra.csv","MCT",4654,4654,0,4654,0,1.0000,0.0000,1.0000,12205128.353650158,30997.28171895136,12236125.63536911,12236125.63536911,25124966.7100,0.000185234076,49595.65075032236,3993,15,1,0.5,15
"stress","MQT-Set04-7-127-AllOpt-IBMMapped-Extra.csv","MCT",5852,5852,1198,4654,0,1.0000,0.204716336295,0.795283663705,9497974.245411726,24408.757710184535,9522383.00312191,9522383.00312191,24709688.8500,0.000236830178,39054.01233629516,4249,15,1,0.5,15
"stress","MQT-Set01-298-10-27-IBMQ27-Opt3-Extra.csv","FCFS",238,238,238,0,0,1.0000,1.0000,0.0000,207121.55831932768,1547.879285714286,208669.43760504198,208669.43760504198,368395.2700,0.000646045211,2476.606857142856,14,16,1,0.0,1
"stress","MQT-Set01-298-10-27-IBMQ27-Opt3-Extra.csv","LoadAware",238,238,238,0,0,1.0000,1.0000,0.0000,42970.65917717086,1629.34537815126,44600.00455532213,44600.00455532213,137251.31999999998,0.001734045254,2606.952605042019,17,16,1,0.0,1
"stress","MQT-Set01-298-10-27-IBMQ27-Opt3-Extra.csv","QCLAR",238,238,238,0,0,1.0000,1.0000,0.0000,42571.43270308121,1614.914159663866,44186.34686274508,44186.34686274508,137251.3000,0.001734045506,2583.862655462186,15,16,1,0.0,1
"stress","MQT-Set01-298-10-27-IBMQ27-Opt3-Extra.csv","QCLAAR",238,238,238,0,0,1.0000,1.0000,0.0000,42571.43270308121,1614.914159663866,44186.34686274508,44186.34686274508,137251.3000,0.001734045506,2583.862655462186,17,16,1,0.0,1
"stress","MQT-Set01-298-10-27-IBMQ27-Opt3-Extra.csv","MCT",238,238,238,0,0,1.0000,1.0000,0.0000,34793.07983660131,1630.421596638655,36423.501433239966,36423.501433239966,79994.2800,0.002975212728,2608.67455462185,16,16,1,0.0,1
"stress","MQT-Set02-10-27-Mapped-AllAlgorithmLeft-Extra.csv","FCFS",906,906,906,0,0,1.0000,1.0000,0.0000,2514435.5626590843,4567.120242825607,2519002.68290191,2519002.68290191,4137810.9400,0.000218956355,7307.39238852099,71,16,1,0.0,1
"stress","MQT-Set02-10-27-Mapped-AllAlgorithmLeft-Extra.csv","LoadAware",906,906,906,0,0,1.0000,1.0000,0.0000,587399.093939438,5308.954746136865,592708.0486855749,592708.0486855749,2166035.7800,0.000418275639,8494.327593818984,64,16,1,0.0,1
"stress","MQT-Set02-10-27-Mapped-AllAlgorithmLeft-Extra.csv","QCLAR",906,906,906,0,0,1.0000,1.0000,0.0000,580456.3464431567,5279.715849889621,585736.0622930463,585736.0622930463,1949432.2500,0.000464750699,8447.545359823402,69,16,1,0.0,1
"stress","MQT-Set02-10-27-Mapped-AllAlgorithmLeft-Extra.csv","QCLAAR",906,906,906,0,0,1.0000,1.0000,0.0000,580456.3464431567,5279.715849889621,585736.0622930463,585736.0622930463,1949432.2500,0.000464750699,8447.545359823402,67,16,1,0.0,1
"stress","MQT-Set02-10-27-Mapped-AllAlgorithmLeft-Extra.csv","MCT",906,906,906,0,0,1.0000,1.0000,0.0000,355298.42833057384,4750.70632450331,360049.1346550772,360049.1346550772,1127244.8699999999,0.000803729539,7601.130119205304,74,16,1,0.0,1
"stress","MQT-Set03-7-127-AllOpt-IBMMapped-Only127-Extra.csv","FCFS",4654,4654,0,4654,0,1.0000,0.0000,1.0000,202757507.32556936,87536.0608207993,202845043.38639018,202845043.38639018,407392827.0600,0.000011423863,140057.69731327868,4085,16,1,0.0,1
"stress","MQT-Set03-7-127-AllOpt-IBMMapped-Only127-Extra.csv","LoadAware",4654,4654,0,4654,0,1.0000,0.0000,1.0000,15882884.433844136,41752.17084443477,15924636.604688568,15924636.604688568,68987308.0100,0.000067461684,66803.47335109586,4132,16,1,0.0,1
"stress","MQT-Set03-7-127-AllOpt-IBMMapped-Only127-Extra.csv","QCLAR",4654,4654,0,4654,0,1.0000,0.0000,1.0000,11879102.489788251,23964.117879243604,11903066.607667495,11903066.607667495,29183384.1200,0.000159474308,38342.588606789854,3864,16,1,0.0,1
"stress","MQT-Set03-7-127-AllOpt-IBMMapped-Only127-Extra.csv","QCLAAR",4654,4654,0,4654,0,1.0000,0.0000,1.0000,11782402.752665306,24842.73140094534,11807245.484066255,11807245.484066255,31858372.7300,0.000146084046,39748.37024151271,3893,16,1,0.0,1
"stress","MQT-Set03-7-127-AllOpt-IBMMapped-Only127-Extra.csv","MCT",4654,4654,0,4654,0,1.0000,0.0000,1.0000,10740376.80273661,28148.51880532873,10768525.321541939,10768525.321541939,22070014.6000,0.000210874351,45037.630088526115,3931,16,1,0.0,1
"stress","MQT-Set04-7-127-AllOpt-IBMMapped-Extra.csv","FCFS",5852,5852,1198,4654,0,1.0000,0.204716336295,0.795283663705,159738260.14473712,71319.93513670549,159809580.07987383,159809580.07987383,413730245.0500,0.000014144482,114111.89621872829,4144,16,1,0.0,1
"stress","MQT-Set04-7-127-AllOpt-IBMMapped-Extra.csv","LoadAware",5852,5852,1198,4654,0,1.0000,0.204716336295,0.795283663705,13564588.633002385,35260.52905502394,13599849.162057409,13599849.162057409,64312975.260000005,0.000090992525,56416.84648803822,4020,16,1,0.0,1
"stress","MQT-Set04-7-127-AllOpt-IBMMapped-Extra.csv","QCLAR",5852,5852,1198,4654,0,1.0000,0.204716336295,0.795283663705,9436747.44717097,20522.816664388192,9457270.263835358,9457270.263835358,32528761.9700,0.000179902328,32836.50666302129,3990,16,1,0.0,1
"stress","MQT-Set04-7-127-AllOpt-IBMMapped-Extra.csv","QCLAAR",5852,5852,1198,4654,0,1.0000,0.204716336295,0.795283663705,9237135.608638857,20707.919540328097,9257843.528179185,9257843.528179185,27983682.5900,0.000209121869,33132.67126452496,3965,16,1,0.0,1
"stress","MQT-Set04-7-127-AllOpt-IBMMapped-Extra.csv","MCT",5852,5852,1198,4654,0,1.0000,0.204716336295,0.795283663705,8515711.510903029,23399.580946684975,8539111.091849715,8539111.091849715,22449501.9100,0.000260673935,37439.329514695826,4255,16,1,0.0,1
"stress","MQT-Set01-298-10-27-IBMQ27-Opt3-Extra.csv","LotterySeeded",238,238,238,0,0,1.0000,1.0000,0.0000,69392.15319670257,1742.067016806722,71134.2202135093,71134.2202135093,146807.66999999998,0.001621168703,2787.307226890754,16,16,1,0.0,1
"stress","MQT-Set02-10-27-Mapped-AllAlgorithmLeft-Extra.csv","LotterySeeded",906,906,906,0,0,1.0000,1.0000,0.0000,975063.1971268706,5260.418598233993,980323.6157251047,980323.6157251047,2190191.2900,0.000413662498,8416.669757174403,78,16,1,0.0,1
"stress","MQT-Set03-7-127-AllOpt-IBMMapped-Only127-Extra.csv","LotterySeeded",4654,4654,0,4654,0,1.0000,0.0000,1.0000,11579364.306456959,24010.08892135793,11603374.395378316,11603374.395378316,30107808.6000,0.000154577839,38416.14227417275,3878,16,1,0.0,1
"stress","MQT-Set04-7-127-AllOpt-IBMMapped-Extra.csv","LotterySeeded",5852,5852,1198,4654,0,1.0000,0.204716336295,0.795283663705,9564996.005272567,18292.33531954881,9583288.340592116,9583288.340592116,28509841.869999997,0.00020526245,29267.736511278097,4034,16,1,0.0,1
"stress","MQT-Set01-298-10-27-IBMQ27-Opt3-Extra.csv","LotterySeeded",238,238,238,0,0,1.0000,1.0000,0.0000,75808.99360644261,1728.325546218487,77537.3191526611,77537.3191526611,178425.47999999998,0.001333890204,2765.320873949582,14,16,2,0.0,1
"stress","MQT-Set02-10-27-Mapped-AllAlgorithmLeft-Extra.csv","LotterySeeded",906,906,906,0,0,1.0000,1.0000,0.0000,944545.8419917212,5198.919337748345,949744.7613294694,949744.7613294694,1787502.9900,0.000506852299,8318.270940397359,65,16,2,0.0,1
"stress","MQT-Set03-7-127-AllOpt-IBMMapped-Only127-Extra.csv","LotterySeeded",4654,4654,0,4654,0,1.0000,0.0000,1.0000,12067764.347424014,21661.28847228191,12089425.635896297,12089425.635896297,29227833.3900,0.000159231782,34658.06155565117,3953,16,2,0.0,1
"stress","MQT-Set04-7-127-AllOpt-IBMMapped-Extra.csv","LotterySeeded",5852,5852,1198,4654,0,1.0000,0.204716336295,0.795283663705,9676021.711913435,17985.566857484555,9694007.27877092,9694007.27877092,29385572.759999998,0.000199145344,28776.906971975342,4057,16,2,0.0,1
"stress","MQT-Set01-298-10-27-IBMQ27-Opt3-Extra.csv","LotterySeeded",238,238,238,0,0,1.0000,1.0000,0.0000,78754.70280287118,1757.766134453781,80512.46893732496,80512.46893732496,202491.5200,0.001175357862,2812.42581512605,18,16,3,0.0,1
"stress","MQT-Set02-10-27-Mapped-AllAlgorithmLeft-Extra.csv","LotterySeeded",906,906,906,0,0,1.0000,1.0000,0.0000,967328.5786583889,5412.386931567332,972740.9655899564,972740.9655899564,3196738.9400000004,0.000283413822,8659.81909050773,66,16,3,0.0,1
"stress","MQT-Set03-7-127-AllOpt-IBMMapped-Only127-Extra.csv","LotterySeeded",4654,4654,0,4654,0,1.0000,0.0000,1.0000,11829194.866543338,22598.875139664808,11851793.741683003,11851793.741683003,29170193.0100,0.000159546425,36158.20022346376,4025,16,3,0.0,1
"stress","MQT-Set04-7-127-AllOpt-IBMMapped-Extra.csv","LotterySeeded",5852,5852,1198,4654,0,1.0000,0.204716336295,0.795283663705,9341534.584268529,19788.404437799047,9361322.988706328,9361322.988706328,25709293.9900,0.000227621964,31661.4471004785,3937,16,3,0.0,1
"stress","MQT-Set01-298-10-27-IBMQ27-Opt3-Extra.csv","LotterySeeded",238,238,238,0,0,1.0000,1.0000,0.0000,74125.55815826333,1791.709159663866,75917.26731792718,75917.26731792718,211812.6100,0.001123634707,2866.734655462183,12,16,4,0.0,1
"stress","MQT-Set02-10-27-Mapped-AllAlgorithmLeft-Extra.csv","LotterySeeded",906,906,906,0,0,1.0000,1.0000,0.0000,721547.9717465971,4881.109448123619,726429.0811947208,726429.0811947208,1596894.0800,0.000567351342,7809.775116997797,64,16,4,0.0,1
"stress","MQT-Set03-7-127-AllOpt-IBMMapped-Only127-Extra.csv","LotterySeeded",4654,4654,0,4654,0,1.0000,0.0000,1.0000,11889695.680430837,22106.36384615381,11911802.044276992,11911802.044276992,29106368.240000002,0.00015989628,35370.18215384612,3912,16,4,0.0,1
"stress","MQT-Set04-7-127-AllOpt-IBMMapped-Extra.csv","LotterySeeded",5852,5852,1198,4654,0,1.0000,0.204716336295,0.795283663705,9608502.6869884,18132.421954887224,9626635.10894329,9626635.10894329,28840159.5000,0.000202911499,29011.875127819563,4069,16,4,0.0,1
"stress","MQT-Set01-298-10-27-IBMQ27-Opt3-Extra.csv","LotterySeeded",238,238,238,0,0,1.0000,1.0000,0.0000,76722.5051192049,1699.494579831932,78421.99969903682,78421.99969903682,171782.8800,0.001385469844,2719.191327731094,10,16,5,0.0,1
"stress","MQT-Set02-10-27-Mapped-AllAlgorithmLeft-Extra.csv","LotterySeeded",906,906,906,0,0,1.0000,1.0000,0.0000,805883.3885871365,5240.58263796909,811123.9712251055,811123.9712251055,1931100.9900,0.000469162413,8384.932220750563,72,16,5,0.0,1
"stress","MQT-Set03-7-127-AllOpt-IBMMapped-Only127-Extra.csv","LotterySeeded",4654,4654,0,4654,0,1.0000,0.0000,1.0000,11747582.967225166,23422.75616458949,11771005.723389758,11771005.723389758,27647511.8000,0.000168333412,37476.40986334344,4134,16,5,0.0,1
"stress","MQT-Set04-7-127-AllOpt-IBMMapped-Extra.csv","LotterySeeded",5852,5852,1198,4654,0,1.0000,0.204716336295,0.795283663705,9578792.931314217,18179.481040669856,9596972.412354885,9596972.412354885,29439347.1500,0.000198781582,29087.16966507172,4168,16,5,0.0,1
"stress","MQT-Set01-298-10-27-IBMQ27-Opt3-Extra.csv","MCT",238,238,238,0,0,1.0000,1.0000,0.0000,35012.75412231557,1633.762605042017,36646.51672735759,36646.51672735759,89215.59000000001,0.002667695186,2614.020168067227,16,16,1,0.25,16
"stress","MQT-Set02-10-27-Mapped-AllAlgorithmLeft-Extra.csv","MCT",906,906,906,0,0,1.0000,1.0000,0.0000,350311.11251379695,4759.401192052986,355070.51370584994,355070.51370584994,1253140.1300,0.00072298379,7615.041907284769,59,16,1,0.25,16
"stress","MQT-Set03-7-127-AllOpt-IBMMapped-Only127-Extra.csv","MCT",4654,4654,0,4654,0,1.0000,0.0000,1.0000,10933773.984163333,28434.292243231637,10962208.276406564,10962208.276406564,22562631.7600,0.000206270264,45494.86758917071,3960,16,1,0.25,16
"stress","MQT-Set04-7-127-AllOpt-IBMMapped-Extra.csv","MCT",5852,5852,1198,4654,0,1.0000,0.204716336295,0.795283663705,8756677.232512688,23595.08428058782,8780272.31679328,8780272.31679328,22934205.7500,0.000255164712,37752.13484894044,4005,16,1,0.25,16
"stress","MQT-Set01-298-10-27-IBMQ27-Opt3-Extra.csv","MCT",238,238,238,0,0,1.0000,1.0000,0.0000,37582.527777777774,1635.564369747899,39218.09214752568,39218.09214752568,96706.1600,0.002461063494,2616.90299159664,19,16,1,0.5,16
"stress","MQT-Set02-10-27-Mapped-AllAlgorithmLeft-Extra.csv","MCT",906,906,906,0,0,1.0000,1.0000,0.0000,355837.4948537528,4726.822781456955,360564.31763520977,360564.31763520977,1072193.8500,0.000844996453,7562.916450331131,68,16,1,0.5,16
"stress","MQT-Set03-7-127-AllOpt-IBMMapped-Only127-Extra.csv","MCT",4654,4654,0,4654,0,1.0000,0.0000,1.0000,11550980.742474457,29119.9913042545,11580100.733778713,11580100.733778713,24277108.540000003,0.000191703225,46591.98608680699,4004,16,1,0.5,16
"stress","MQT-Set04-7-127-AllOpt-IBMMapped-Extra.csv","MCT",5852,5852,1198,4654,0,1.0000,0.204716336295,0.795283663705,9425232.699089995,24295.506696855828,9449528.205786852,9449528.205786852,24945688.479999997,0.000234589637,38872.81071496922,4052,16,1,0.5,16
"stress","MQT-Set01-298-10-27-IBMQ27-Opt3-Extra.csv","FCFS",238,238,238,0,0,1.0000,1.0000,0.0000,204659.54037815126,1515.818571428571,206175.35894957982,206175.35894957982,360764.8200,0.000659709558,2425.309714285715,19,17,1,0.0,1
"stress","MQT-Set01-298-10-27-IBMQ27-Opt3-Extra.csv","LoadAware",238,238,238,0,0,1.0000,1.0000,0.0000,42673.08809173669,1617.540168067226,44290.628259803925,44290.628259803925,113624.3300,0.002094621812,2588.064268907563,17,17,1,0.0,1
"stress","MQT-Set01-298-10-27-IBMQ27-Opt3-Extra.csv","QCLAR",238,238,238,0,0,1.0000,1.0000,0.0000,42562.05205882353,1617.311134453782,44179.36319327731,44179.36319327731,118564.4900,0.002007346382,2587.697815126049,15,17,1,0.0,1
"stress","MQT-Set01-298-10-27-IBMQ27-Opt3-Extra.csv","QCLAAR",238,238,238,0,0,1.0000,1.0000,0.0000,42562.05205882353,1617.311134453782,44179.36319327731,44179.36319327731,118564.4900,0.002007346382,2587.697815126049,24,17,1,0.0,1
"stress","MQT-Set01-298-10-27-IBMQ27-Opt3-Extra.csv","MCT",238,238,238,0,0,1.0000,1.0000,0.0000,34163.44147058822,1596.517436974789,35759.95890756303,35759.95890756303,79541.6300,0.002992143862,2554.427899159666,3,17,1,0.0,1
"stress","MQT-Set02-10-27-Mapped-AllAlgorithmLeft-Extra.csv","FCFS",906,906,906,0,0,1.0000,1.0000,0.0000,2488104.843045399,4495.80972406181,2492600.652769461,2492600.652769461,4073203.6100,0.000222429342,7193.295558498906,64,17,1,0.0,1
"stress","MQT-Set02-10-27-Mapped-AllAlgorithmLeft-Extra.csv","LoadAware",906,906,906,0,0,1.0000,1.0000,0.0000,532508.4710586432,4742.355629139069,537250.8266877823,537250.8266877823,1422306.9900,0.000636993284,7587.76900662252,50,17,1,0.0,1
"stress","MQT-Set02-10-27-Mapped-AllAlgorithmLeft-Extra.csv","QCLAR",906,906,906,0,0,1.0000,1.0000,0.0000,531900.9276821193,4756.045717439298,536656.9733995586,536656.9733995586,1484146.3100,0.000610451944,7609.673147902869,64,17,1,0.0,1
"stress","MQT-Set02-10-27-Mapped-AllAlgorithmLeft-Extra.csv","QCLAAR",906,906,906,0,0,1.0000,1.0000,0.0000,531900.9276821193,4756.045717439298,536656.9733995586,536656.9733995586,1484146.3100,0.000610451944,7609.673147902869,77,17,1,0.0,1
"stress","MQT-Set02-10-27-Mapped-AllAlgorithmLeft-Extra.csv","MCT",906,906,906,0,0,1.0000,1.0000,0.0000,340043.3530684327,4672.389039735096,344715.74210816785,344715.74210816785,1097522.5700,0.000825495552,7475.82246357616,63,17,1,0.0,1
"stress","MQT-Set03-7-127-AllOpt-IBMMapped-Only127-Extra.csv","FCFS",4654,4654,0,4654,0,1.0000,0.0000,1.0000,201691731.47507048,87223.29355822949,201778954.76862872,201778954.76862872,405937208.2200,0.000011464827,139557.26969316707,4091,17,1,0.0,1
"stress","MQT-Set03-7-127-AllOpt-IBMMapped-Only127-Extra.csv","LoadAware",4654,4654,0,4654,0,1.0000,0.0000,1.0000,15672201.125169188,41659.89718521696,15713861.022354402,15713861.022354402,70836528.49000001,0.000065700566,66655.83549634724,3909,17,1,0.0,1
"stress","MQT-Set03-7-127-AllOpt-IBMMapped-Only127-Extra.csv","QCLAR",4654,4654,0,4654,0,1.0000,0.0000,1.0000,11927691.967617607,23940.668502363547,11951632.636119971,11951632.636119971,30946000.8000,0.000150391,38305.06960378175,3979,17,1,0.0,1
"stress","MQT-Set03-7-127-AllOpt-IBMMapped-Only127-Extra.csv","QCLAAR",4654,4654,0,4654,0,1.0000,0.0000,1.0000,11804977.449979005,24022.654192092774,11829000.104171095,11829000.104171095,28595277.680000003,0.000162754146,38436.24670734857,3999,17,1,0.0,1
"stress","MQT-Set03-7-127-AllOpt-IBMMapped-Only127-Extra.csv","MCT",4654,4654,0,4654,0,1.0000,0.0000,1.0000,10684135.867088357,28078.11024709933,10712213.977335457,10712213.977335457,21983610.9700,0.000211703164,44924.97639535883,3941,17,1,0.0,1
"stress","MQT-Set04-7-127-AllOpt-IBMMapped-Extra.csv","FCFS",5852,5852,1198,4654,0,1.0000,0.204716336295,0.795283663705,160708056.6693416,70116.48981715656,160778173.15915877,160778173.15915877,406258027.7900,0.000014404638,112186.38370744998,4071,17,1,0.0,1
"stress","MQT-Set04-7-127-AllOpt-IBMMapped-Extra.csv","LoadAware",5852,5852,1198,4654,0,1.0000,0.204716336295,0.795283663705,12658643.857759668,33945.33434723171,12692589.192106897,12692589.192106897,62010107.3800,0.000094371712,54312.53495557096,4039,17,1,0.0,1
"stress","MQT-Set04-7-127-AllOpt-IBMMapped-Extra.csv","QCLAR",5852,5852,1198,4654,0,1.0000,0.204716336295,0.795283663705,9444740.356571106,19724.268733766192,9464464.625304874,9464464.625304874,29178384.009999998,0.000200559428,31558.829974025924,3935,17,1,0.0,1
"stress","MQT-Set04-7-127-AllOpt-IBMMapped-Extra.csv","QCLAAR",5852,5852,1198,4654,0,1.0000,0.204716336295,0.795283663705,9358594.943549909,20308.331866028635,9378903.27541594,9378903.27541594,28907273.619999997,0.000202440399,32493.330985645858,4059,17,1,0.0,1
"stress","MQT-Set04-7-127-AllOpt-IBMMapped-Extra.csv","MCT",5852,5852,1198,4654,0,1.0000,0.204716336295,0.795283663705,8570973.106100323,23047.90552631581,8594021.011626637,8594021.011626637,22047293.8600,0.000265429401,36876.648842105256,4355,17,1,0.0,1
"stress","MQT-Set01-298-10-27-IBMQ27-Opt3-Extra.csv","LotterySeeded",238,238,238,0,0,1.0000,1.0000,0.0000,73670.99706899788,1719.623571428571,75390.62064042645,75390.62064042645,176536.0100,0.00134816687,2751.397714285715,17,17,1,0.0,1
"stress","MQT-Set02-10-27-Mapped-AllAlgorithmLeft-Extra.csv","LotterySeeded",906,906,906,0,0,1.0000,1.0000,0.0000,1016322.5442252208,5160.105176600455,1021482.6494018212,1021482.6494018212,2384628.0800,0.000379933461,8256.168282560719,66,17,1,0.0,1
"stress","MQT-Set03-7-127-AllOpt-IBMMapped-Only127-Extra.csv","LotterySeeded",4654,4654,0,4654,0,1.0000,0.0000,1.0000,11926444.16005331,22098.047232488112,11948542.207285797,11948542.207285797,29439251.490000002,0.000158088259,35356.875571981094,3972,17,1,0.0,1
"stress","MQT-Set04-7-127-AllOpt-IBMMapped-Extra.csv","LotterySeeded",5852,5852,1198,4654,0,1.0000,0.204716336295,0.795283663705,9665216.567656452,17634.24755297324,9682850.815209424,9682850.815209424,29413467.169999998,0.000198956484,28214.796084757287,4271,17,1,0.0,1
"stress","MQT-Set01-298-10-27-IBMQ27-Opt3-Extra.csv","LotterySeeded",238,238,238,0,0,1.0000,1.0000,0.0000,74042.81409663866,1764.064033613444,75806.8781302521,75806.8781302521,175327.9100,0.001357456437,2822.502453781513,18,17,2,0.0,1
"stress","MQT-Set02-10-27-Mapped-AllAlgorithmLeft-Extra.csv","LotterySeeded",906,906,906,0,0,1.0000,1.0000,0.0000,905113.2881065119,5168.886445916114,910282.174552428,910282.174552428,2225704.2900,0.000407062162,8270.218313465792,92,17,2,0.0,1
"stress","MQT-Set03-7-127-AllOpt-IBMMapped-Only127-Extra.csv","LotterySeeded",4654,4654,0,4654,0,1.0000,0.0000,1.0000,11988312.631214323,21905.976940266417,12010218.608154591,12010218.608154591,28610763.9800,0.000162666051,35049.563104426365,4004,17,2,0.0,1
"stress","MQT-Set04-7-127-AllOpt-IBMMapped-Extra.csv","LotterySeeded",5852,5852,1198,4654,0,1.0000,0.204716336295,0.795283663705,9523243.238532016,18500.8085509227,9541744.047082938,9541744.047082938,27877808.6000,0.000209916069,29601.293681476353,3963,17,2,0.0,1
"stress","MQT-Set01-298-10-27-IBMQ27-Opt3-Extra.csv","LotterySeeded",238,238,238,0,0,1.0000,1.0000,0.0000,83332.7279744398,1804.38012605042,85137.10810049021,85137.10810049021,255184.6200,0.000932658089,2887.008201680672,18,17,3,0.0,1
"stress","MQT-Set02-10-27-Mapped-AllAlgorithmLeft-Extra.csv","LotterySeeded",906,906,906,0,0,1.0000,1.0000,0.0000,1046132.3573932115,5193.287947019861,1051325.6453402312,1051325.6453402312,2428069.6000,0.000373135927,8309.2607152318,72,17,3,0.0,1
"stress","MQT-Set03-7-127-AllOpt-IBMMapped-Only127-Extra.csv","LotterySeeded",4654,4654,0,4654,0,1.0000,0.0000,1.0000,11553174.425234774,24203.332980232055,11577377.758215008,11577377.758215008,24812249.860000003,0.000187568642,38725.3327683712,3958,17,3,0.0,1
"stress","MQT-Set04-7-127-AllOpt-IBMMapped-Extra.csv","LotterySeeded",5852,5852,1198,4654,0,1.0000,0.204716336295,0.795283663705,9670870.80633045,17844.728292891352,9688715.534623342,9688715.534623342,28086805.8600,0.000208354059,28551.56526862611,4109,17,3,0.0,1
"stress","MQT-Set01-298-10-27-IBMQ27-Opt3-Extra.csv","LotterySeeded",238,238,238,0,0,1.0000,1.0000,0.0000,76908.80739495797,1686.812731092437,78595.62012605042,78595.62012605042,175386.6600,0.001357001724,2698.900369747901,14,17,4,0.0,1
"stress","MQT-Set02-10-27-Mapped-AllAlgorithmLeft-Extra.csv","LotterySeeded",906,906,906,0,0,1.0000,1.0000,0.0000,914583.8188809786,5119.908487858722,919703.7273688373,919703.7273688373,2322943.4200000004,0.000390022414,8191.853580573949,66,17,4,0.0,1
"stress","MQT-Set03-7-127-AllOpt-IBMMapped-Only127-Extra.csv","LotterySeeded",4654,4654,0,4654,0,1.0000,0.0000,1.0000,11840088.5956302,22547.824381177445,11862636.42001138,11862636.42001138,27380589.0500,0.000169974429,36076.519009883996,3982,17,4,0.0,1
"stress","MQT-Set04-7-127-AllOpt-IBMMapped-Extra.csv","LotterySeeded",5852,5852,1198,4654,0,1.0000,0.204716336295,0.795283663705,9544338.522775326,18226.136068010837,9562564.65884334,9562564.65884334,30098985.1900,0.00019442516,29161.81770881742,3960,17,4,0.0,1
"stress","MQT-Set01-298-10-27-IBMQ27-Opt3-Extra.csv","LotterySeeded",238,238,238,0,0,1.0000,1.0000,0.0000,80664.29825597265,1691.125462184875,82355.42371815753,82355.42371815753,223476.7400,0.001064987792,2705.800739495799,16,17,5,0.0,1
"stress","MQT-Set02-10-27-Mapped-AllAlgorithmLeft-Extra.csv","LotterySeeded",906,906,906,0,0,1.0000,1.0000,0.0000,933992.3622689107,5183.830132450321,939176.1924013611,939176.1924013611,1959386.6700,0.000462389591,8294.128211920537,66,17,5,0.0,1
"stress","MQT-Set03-7-127-AllOpt-IBMMapped-Only127-Extra.csv","LotterySeeded",4654,4654,0,4654,0,1.0000,0.0000,1.0000,11931657.855679069,22047.15500429728,11953705.010683369,11953705.010683369,31313356.660000004,0.000148626672,35275.44800687577,3861,17,5,0.0,1
"stress","MQT-Set04-7-127-AllOpt-IBMMapped-Extra.csv","LotterySeeded",5852,5852,1198,4654,0,1.0000,0.204716336295,0.795283663705,9402686.68202205,19890.35239063569,9422577.034412682,9422577.034412682,25981494.009999998,0.00022523724,31824.563825017103,4043,17,5,0.0,1
"stress","MQT-Set01-298-10-27-IBMQ27-Opt3-Extra.csv","MCT",238,238,238,0,0,1.0000,1.0000,0.0000,33758.31037815126,1605.567647058823,35363.87802521008,35363.87802521008,84093.9700,0.002830167252,2568.908235294116,14,17,1,0.25,17
"stress","MQT-Set02-10-27-Mapped-AllAlgorithmLeft-Extra.csv","MCT",906,906,906,0,0,1.0000,1.0000,0.0000,354067.59385209705,4696.57389624724,358764.1677483442,358764.1677483442,1035378.9700,0.000875041918,7514.518233995584,58,17,1,0.25,17
"stress","MQT-Set03-7-127-AllOpt-IBMMapped-Only127-Extra.csv","MCT",4654,4654,0,4654,0,1.0000,0.0000,1.0000,10757782.94495686,28152.155279329654,10785935.100236187,10785935.100236187,22025424.090000004,0.000211301266,45043.44844692753,3900,17,1,0.25,17
"stress","MQT-Set04-7-127-AllOpt-IBMMapped-Extra.csv","MCT",5852,5852,1198,4654,0,1.0000,0.204716336295,0.795283663705,8757851.565631783,23233.484897470942,8781085.050529256,8781085.050529256,22310770.3100,0.000262294843,37173.575835953445,4079,17,1,0.25,17
"stress","MQT-Set01-298-10-27-IBMQ27-Opt3-Extra.csv","MCT",238,238,238,0,0,1.0000,1.0000,0.0000,34267.8030252101,1612.420546218487,35880.22357142858,35880.22357142858,84419.0000,0.002819270543,2579.87287394958,24,17,1,0.5,17
"stress","MQT-Set02-10-27-Mapped-AllAlgorithmLeft-Extra.csv","MCT",906,906,906,0,0,1.0000,1.0000,0.0000,364991.90248221706,4705.58150110375,369697.4839833209,369697.4839833209,1298706.1600,0.000697617389,7528.930401766002,80,17,1,0.5,17
"stress","MQT-Set03-7-127-AllOpt-IBMMapped-Only127-Extra.csv","MCT",4654,4654,0,4654,0,1.0000,0.0000,1.0000,11293668.62137502,28919.993152127117,11322588.61452715,11322588.61452715,23687856.9600,0.000196471973,46271.989043403584,4236,17,1,0.5,17
"stress","MQT-Set04-7-127-AllOpt-IBMMapped-Extra.csv","MCT",5852,5852,1198,4654,0,1.0000,0.204716336295,0.795283663705,9219639.649978481,23861.195322966585,9243500.845301447,9243500.845301447,23813922.2400,0.000245738604,38177.91251674638,4004,17,1,0.5,17
"stress","MQT-Set01-298-10-27-IBMQ27-Opt3-Extra.csv","FCFS",238,238,238,0,0,1.0000,1.0000,0.0000,215145.65756302522,1603.316848739496,216748.97441176468,216748.97441176468,381589.4100,0.000623707036,2565.306957983194,32,18,1,0.0,1
"stress","MQT-Set01-298-10-27-IBMQ27-Opt3-Extra.csv","LoadAware",238,238,238,0,0,1.0000,1.0000,0.0000,46225.691957282914,1751.658193277312,47977.350150560225,47977.350150560225,155643.6300,0.001529134215,2802.653109243695,17,18,1,0.0,1
"stress","MQT-Set01-298-10-27-IBMQ27-Opt3-Extra.csv","QCLAR",238,238,238,0,0,1.0000,1.0000,0.0000,47069.91425420168,1782.700084033613,48852.61433823529,48852.61433823529,172937.2800,0.001376221483,2852.32013445378,17,18,1,0.0,1
"stress","MQT-Set01-298-10-27-IBMQ27-Opt3-Extra.csv","QCLAAR",238,238,238,0,0,1.0000,1.0000,0.0000,47069.91425420168,1782.700084033613,48852.61433823529,48852.61433823529,172937.2800,0.001376221483,2852.32013445378,11,18,1,0.0,1
"stress","MQT-Set01-298-10-27-IBMQ27-Opt3-Extra.csv","MCT",238,238,238,0,0,1.0000,1.0000,0.0000,35922.87753618115,1688.456428571428,37611.333964752564,37611.333964752564,82646.2700,0.002879742788,2701.530285714286,15,18,1,0.0,1
"stress","MQT-Set02-10-27-Mapped-AllAlgorithmLeft-Extra.csv","FCFS",906,906,906,0,0,1.0000,1.0000,0.0000,2069950.8785089736,3770.328697571744,2073721.2072065454,2073721.2072065454,3415917.8000,0.000265228865,6032.525916114796,74,18,1,0.0,1
"stress","MQT-Set02-10-27-Mapped-AllAlgorithmLeft-Extra.csv","LoadAware",906,906,906,0,0,1.0000,1.0000,0.0000,410746.9091712253,3780.181280353201,414527.0904515786,414527.0904515786,1411770.7000,0.000641747275,6048.290048565128,70,18,1,0.0,1
"stress","MQT-Set02-10-27-Mapped-AllAlgorithmLeft-Extra.csv","QCLAR",906,906,906,0,0,1.0000,1.0000,0.0000,414503.7530877485,3824.10894039735,418327.8620281459,418327.8620281459,1473151.9700,0.000615007832,6118.574304635763,69,18,1,0.0,1
"stress","MQT-Set02-10-27-Mapped-AllAlgorithmLeft-Extra.csv","QCLAAR",906,906,906,0,0,1.0000,1.0000,0.0000,414503.7530877485,3824.10894039735,418327.8620281459,418327.8620281459,1473151.9700,0.000615007832,6118.574304635763,66,18,1,0.0,1
"stress","MQT-Set02-10-27-Mapped-AllAlgorithmLeft-Extra.csv","MCT",906,906,906,0,0,1.0000,1.0000,0.0000,288682.3535733992,3922.317130242824,292604.67070364207,292604.67070364207,985910.8600,0.000918947175,6275.707408388521,70,18,1,0.0,1
"stress","MQT-Set03-7-127-AllOpt-IBMMapped-Only127-Extra.csv","FCFS",4654,4654,0,4654,0,1.0000,0.0000,1.0000,209664400.99316502,89739.33892995272,209754140.33209497,209754140.33209497,417646883.3800,0.000011143385,143582.9422879242,4055,18,1,0.0,1
"stress","MQT-Set03-7-127-AllOpt-IBMMapped-Only127-Extra.csv","LoadAware",4654,4654,0,4654,0,1.0000,0.0000,1.0000,17315320.682902277,43829.77310915331,17359150.456011433,17359150.456011433,69927547.02000001,0.000066554601,70127.63697464528,3854,18,1,0.0,1
"stress","MQT-Set03-7-127-AllOpt-IBMMapped-Only127-Extra.csv","QCLAR",4654,4654,0,4654,0,1.0000,0.0000,1.0000,12357067.986366784,23861.685717662152,12380929.672084443,12380929.672084443,30353101.830000002,0.000153328646,38178.697148259555,3885,18,1,0.0,1
"stress","MQT-Set03-7-127-AllOpt-IBMMapped-Only127-Extra.csv","QCLAAR",4654,4654,0,4654,0,1.0000,0.0000,1.0000,12166565.573549854,25565.62031585728,12192131.19386571,12192131.19386571,30023289.400000002,0.000155012995,40904.992505371636,4383,18,1,0.0,1
"stress","MQT-Set03-7-127-AllOpt-IBMMapped-Only127-Extra.csv","MCT",4654,4654,0,4654,0,1.0000,0.0000,1.0000,11097939.915352015,28851.31676622265,11126791.232118236,11126791.232118236,22674918.450000003,0.000205248809,46162.10682595633,3890,18,1,0.0,1
"stress","MQT-Set04-7-127-AllOpt-IBMMapped-Extra.csv","FCFS",5852,5852,1198,4654,0,1.0000,0.204716336295,0.795283663705,155757706.26415733,67299.68704545466,155825005.95120278,155825005.95120278,389772532.1800,0.000015013885,107679.49927272658,4142,18,1,0.0,1
"stress","MQT-Set04-7-127-AllOpt-IBMMapped-Extra.csv","LoadAware",5852,5852,1198,4654,0,1.0000,0.204716336295,0.795283663705,12718687.614849808,32957.052455570614,12751644.667305378,12751644.667305378,63939538.230000004,0.000091523964,52731.28392891276,3969,18,1,0.0,1
"stress","MQT-Set04-7-127-AllOpt-IBMMapped-Extra.csv","QCLAR",5852,5852,1198,4654,0,1.0000,0.204716336295,0.795283663705,9058801.753454575,18644.812159945286,9077446.56561452,9077446.56561452,23370787.709999997,0.000250398064,29831.699455912563,4111,18,1,0.0,1
"stress","MQT-Set04-7-127-AllOpt-IBMMapped-Extra.csv","QCLAAR",5852,5852,1198,4654,0,1.0000,0.204716336295,0.795283663705,9067059.575279567,19719.159644565905,9086778.734924134,9086778.734924134,26264789.1300,0.000222807804,31550.655431305462,4184,18,1,0.0,1
"stress","MQT-Set04-7-127-AllOpt-IBMMapped-Extra.csv","MCT",5852,5852,1198,4654,0,1.0000,0.204716336295,0.795283663705,8312722.335323262,22122.304671906975,8334844.639995174,8334844.639995174,21213655.7200,0.000275860044,35395.68747505128,4034,18,1,0.0,1
"stress","MQT-Set01-298-10-27-IBMQ27-Opt3-Extra.csv","LotterySeeded",238,238,238,0,0,1.0000,1.0000,0.0000,86304.68716645351,1858.109789915966,88162.79695636948,88162.79695636948,194253.2800,0.001225204537,2972.975663865545,17,18,1,0.0,1
"stress","MQT-Set02-10-27-Mapped-AllAlgorithmLeft-Extra.csv","LotterySeeded",906,906,906,0,0,1.0000,1.0000,0.0000,763359.8878001602,4139.21422737307,767499.1020275335,767499.1020275335,1568499.4700,0.000577622127,6622.742763796916,66,18,1,0.0,1
"stress","MQT-Set03-7-127-AllOpt-IBMMapped-Only127-Extra.csv","LotterySeeded",4654,4654,0,4654,0,1.0000,0.0000,1.0000,12413547.769531913,22347.167703050996,12435894.937234962,12435894.937234962,31535831.3500,0.000147578161,35755.46832488186,4013,18,1,0.0,1
"stress","MQT-Set04-7-127-AllOpt-IBMMapped-Extra.csv","LotterySeeded",5852,5852,1198,4654,0,1.0000,0.204716336295,0.795283663705,9245257.462913156,17591.06811175663,9262848.531024909,9262848.531024909,26631614.0000,0.000219738841,28145.708978810704,4028,18,1,0.0,1
"stress","MQT-Set01-298-10-27-IBMQ27-Opt3-Extra.csv","LotterySeeded",238,238,238,0,0,1.0000,1.0000,0.0000,77396.25970063027,1843.001764705882,79239.26146533614,79239.26146533614,168598.2200,0.001411640052,2948.80282352941,16,18,2,0.0,1
"stress","MQT-Set02-10-27-Mapped-AllAlgorithmLeft-Extra.csv","LotterySeeded",906,906,906,0,0,1.0000,1.0000,0.0000,499654.48305684316,4037.227637969098,503691.71069481224,503691.71069481224,1523462.4100,0.000594697968,6459.564220750548,70,18,2,0.0,1
"stress","MQT-Set03-7-127-AllOpt-IBMMapped-Only127-Extra.csv","LotterySeeded",4654,4654,0,4654,0,1.0000,0.0000,1.0000,12330718.633680535,22655.64630210575,12353374.279982641,12353374.279982641,29860680.400000002,0.000155857132,36249.034083369144,4091,18,2,0.0,1
"stress","MQT-Set04-7-127-AllOpt-IBMMapped-Extra.csv","LotterySeeded",5852,5852,1198,4654,0,1.0000,0.204716336295,0.795283663705,9291652.28742546,18293.141640464743,9309945.429065928,9309945.429065928,26864398.729999997,0.000217834766,29269.02662474374,3373,18,2,0.0,1
"stress","MQT-Set01-298-10-27-IBMQ27-Opt3-Extra.csv","LotterySeeded",238,238,238,0,0,1.0000,1.0000,0.0000,87110.18242822125,1891.2743697479,89001.45679796915,89001.45679796915,218392.5300,0.001089780864,3026.038991596638,27,18,3,0.0,1
"stress","MQT-Set02-10-27-Mapped-AllAlgorithmLeft-Extra.csv","LotterySeeded",906,906,906,0,0,1.0000,1.0000,0.0000,866381.1456653791,4261.011942604858,870642.157607984,870642.157607984,2513256.0700000003,0.000360488535,6817.619108167771,65,18,3,0.0,1
"stress","MQT-Set03-7-127-AllOpt-IBMMapped-Only127-Extra.csv","LotterySeeded",4654,4654,0,4654,0,1.0000,0.0000,1.0000,11743536.079819525,25460.595068757975,11768996.67488828,11768996.67488828,27518522.240000002,0.000169122454,40736.95211001304,4099,18,3,0.0,1
"stress","MQT-Set04-7-127-AllOpt-IBMMapped-Extra.csv","LotterySeeded",5852,5852,1198,4654,0,1.0000,0.204716336295,0.795283663705,9330698.478370957,17924.346317498297,9348622.824688455,9348622.824688455,25286326.709999997,0.000231429423,28678.95410799728,4107,18,3,0.0,1
"stress","MQT-Set01-298-10-27-IBMQ27-Opt3-Extra.csv","LotterySeeded",238,238,238,0,0,1.0000,1.0000,0.0000,83321.70932773112,1827.518991596638,85149.22831932777,85149.22831932777,203844.25999999998,0.001167558017,2924.030386554622,17,18,4,0.0,1
"stress","MQT-Set02-10-27-Mapped-AllAlgorithmLeft-Extra.csv","LotterySeeded",906,906,906,0,0,1.0000,1.0000,0.0000,785403.2385052425,4631.442306843265,790034.6808120857,790034.6808120857,3135720.6500000004,0.000288928799,7410.307690949227,75,18,4,0.0,1
"stress","MQT-Set03-7-127-AllOpt-IBMMapped-Only127-Extra.csv","LotterySeeded",4654,4654,0,4654,0,1.0000,0.0000,1.0000,12444434.706603121,22722.894600343807,12467157.601203466,12467157.601203466,29884029.5300,0.000155735357,36356.63136055023,4238,18,4,0.0,1
"stress","MQT-Set04-7-127-AllOpt-IBMMapped-Extra.csv","LotterySeeded",5852,5852,1198,4654,0,1.0000,0.204716336295,0.795283663705,9312865.788368087,17767.046830143507,9330632.835198233,9330632.835198233,25846732.8600,0.000226411595,28427.274928229675,4026,18,4,0.0,1
"stress","MQT-Set01-298-10-27-IBMQ27-Opt3-Extra.csv","LotterySeeded",238,238,238,0,0,1.0000,1.0000,0.0000,82242.6166694881,1803.021344537815,84045.63801402593,84045.63801402593,202990.7700,0.001172467103,2884.834151260504,13,18,5,0.0,1
"stress","MQT-Set02-10-27-Mapped-AllAlgorithmLeft-Extra.csv","LotterySeeded",906,906,906,0,0,1.0000,1.0000,0.0000,707972.865002699,4390.998278145694,712363.8632808448,712363.8632808448,2222706.5800,0.000407611157,7025.597245033118,65,18,5,0.0,1
"stress","MQT-Set03-7-127-AllOpt-IBMMapped-Only127-Extra.csv","LotterySeeded",4654,4654,0,4654,0,1.0000,0.0000,1.0000,12448423.543790264,22058.42575418992,12470481.969544454,12470481.969544454,30036569.9300,0.000154944456,35293.481206703975,4057,18,5,0.0,1
"stress","MQT-Set04-7-127-AllOpt-IBMMapped-Extra.csv","LotterySeeded",5852,5852,1198,4654,0,1.0000,0.204716336295,0.795283663705,9275718.218420856,18225.9648359535,9293944.183256812,9293944.183256812,25558456.4000,0.000228965314,29161.543737525553,4000,18,5,0.0,1
"stress","MQT-Set01-298-10-27-IBMQ27-Opt3-Extra.csv","MCT",238,238,238,0,0,1.0000,1.0000,0.0000,37306.21106559292,1698.48037815126,39004.691443744196,39004.691443744196,85865.6500,0.002771771948,2717.568605042016,16,18,1,0.25,18
"stress","MQT-Set02-10-27-Mapped-AllAlgorithmLeft-Extra.csv","MCT",906,906,906,0,0,1.0000,1.0000,0.0000,294297.40487582795,3930.038300220751,298227.44317604875,298227.44317604875,973637.2800,0.000930531337,6288.0612803532,66,18,1,0.25,18
"stress","MQT-Set03-7-127-AllOpt-IBMMapped-Only127-Extra.csv","MCT",4654,4654,0,4654,0,1.0000,0.0000,1.0000,11479941.515453966,29417.325807907204,11509358.841261871,11509358.841261871,23522258.220000003,0.000197855153,47067.72129265155,3966,18,1,0.25,18
"stress","MQT-Set04-7-127-AllOpt-IBMMapped-Extra.csv","MCT",5852,5852,1198,4654,0,1.0000,0.204716336295,0.795283663705,8475145.062430212,22385.23118421041,8497530.293614421,8497530.293614421,21622031.9100,0.000270649864,35816.36989473684,4256,18,1,0.25,18
"stress","MQT-Set01-298-10-27-IBMQ27-Opt3-Extra.csv","MCT",238,238,238,0,0,1.0000,1.0000,0.0000,39062.75409080301,1697.361638655462,40760.115729458485,40760.115729458485,85602.09000000001,0.002780305948,2715.778621848741,26,18,1,0.5,18
"stress","MQT-Set02-10-27-Mapped-AllAlgorithmLeft-Extra.csv","MCT",906,906,906,0,0,1.0000,1.0000,0.0000,298908.3423703089,3934.446214128037,302842.7885844368,302842.7885844368,966944.3400,0.000936972236,6295.113942604858,60,18,1,0.5,18
"stress","MQT-Set03-7-127-AllOpt-IBMMapped-Only127-Extra.csv","MCT",4654,4654,0,4654,0,1.0000,0.0000,1.0000,12383421.973240415,30502.230376020572,12413924.203616435,12413924.203616435,25875988.770000003,0.000179857861,48803.56860163306,3932,18,1,0.5,18
"stress","MQT-Set04-7-127-AllOpt-IBMMapped-Extra.csv","MCT",5852,5852,1198,4654,0,1.0000,0.204716336295,0.795283663705,9028348.529585049,23082.765700615193,9051431.295285666,9051431.295285666,23409943.3100,0.000249979247,36932.425120984255,3954,18,1,0.5,18
"stress","MQT-Set01-298-10-27-IBMQ27-Opt3-Extra.csv","FCFS",238,238,238,0,0,1.0000,1.0000,0.0000,170039.08235294122,1412.688655462185,171451.7710084034,171451.7710084034,336219.9000,0.000707870058,2260.301848739497,14,19,1,0.0,1
"stress","MQT-Set01-298-10-27-IBMQ27-Opt3-Extra.csv","LoadAware",238,238,238,0,0,1.0000,1.0000,0.0000,34619.31094887956,1490.397983193276,36109.70893207284,36109.70893207284,87530.2300,0.002719060603,2384.636773109243,17,19,1,0.0,1
"stress","MQT-Set01-298-10-27-IBMQ27-Opt3-Extra.csv","QCLAR",238,238,238,0,0,1.0000,1.0000,0.0000,34406.72739495799,1479.30731092437,35886.03470588236,35886.03470588236,83883.1300,0.002837280869,2366.891697478991,18,19,1,0.0,1
"stress","MQT-Set01-298-10-27-IBMQ27-Opt3-Extra.csv","QCLAAR",238,238,238,0,0,1.0000,1.0000,0.0000,34406.72739495799,1479.30731092437,35886.03470588236,35886.03470588236,83883.1300,0.002837280869,2366.891697478991,15,19,1,0.0,1
"stress","MQT-Set01-298-10-27-IBMQ27-Opt3-Extra.csv","MCT",238,238,238,0,0,1.0000,1.0000,0.0000,31236.25857142857,1486.81487394958,32723.073445378144,32723.073445378144,73837.0800,0.003223312731,2378.903798319328,16,19,1,0.0,1
"stress","MQT-Set02-10-27-Mapped-AllAlgorithmLeft-Extra.csv","FCFS",906,906,906,0,0,1.0000,1.0000,0.0000,2046931.5686745353,3728.326920529801,2050659.895595065,2050659.895595065,3377864.1900,0.000268216823,5965.323072847689,78,19,1,0.0,1
"stress","MQT-Set02-10-27-Mapped-AllAlgorithmLeft-Extra.csv","LoadAware",906,906,906,0,0,1.0000,1.0000,0.0000,446519.37323303556,4127.812902869756,450647.18613590533,450647.18613590533,1370934.6800,0.000660862996,6604.500644591619,64,19,1,0.0,1
"stress","MQT-Set02-10-27-Mapped-AllAlgorithmLeft-Extra.csv","QCLAR",906,906,906,0,0,1.0000,1.0000,0.0000,459855.5509713025,4169.623498896249,464025.17447019875,464025.17447019875,1523260.6199999999,0.000594776749,6671.397598233995,78,19,1,0.0,1
"stress","MQT-Set02-10-27-Mapped-AllAlgorithmLeft-Extra.csv","QCLAAR",906,906,906,0,0,1.0000,1.0000,0.0000,459855.5509713025,4169.623498896249,464025.17447019875,464025.17447019875,1523260.6199999999,0.000594776749,6671.397598233995,96,19,1,0.0,1
"stress","MQT-Set02-10-27-Mapped-AllAlgorithmLeft-Extra.csv","MCT",906,906,906,0,0,1.0000,1.0000,0.0000,278056.9215231789,3877.488719646799,281934.4102428257,281934.4102428257,958657.4100,0.000945071712,6203.981951434876,73,19,1,0.0,1
"stress","MQT-Set03-7-127-AllOpt-IBMMapped-Only127-Extra.csv","FCFS",4654,4654,0,4654,0,1.0000,0.0000,1.0000,201658077.35627395,87562.03717232488,201745639.3934463,201745639.3934463,407513721.0000,0.000011420474,140099.2594757198,3982,19,1,0.0,1
"stress","MQT-Set03-7-127-AllOpt-IBMMapped-Only127-Extra.csv","LoadAware",4654,4654,0,4654,0,1.0000,0.0000,1.0000,16058138.070947038,42390.096409540194,16100528.167356575,16100528.167356575,66345570.349999994,0.000070147863,67824.15425526425,3861,19,1,0.0,1
"stress","MQT-Set03-7-127-AllOpt-IBMMapped-Only127-Extra.csv","QCLAR",4654,4654,0,4654,0,1.0000,0.0000,1.0000,11603084.832551176,24435.1837816931,11627520.016332872,11627520.016332872,26974116.1200,0.000172535774,39096.29405070908,4023,19,1,0.0,1
"stress","MQT-Set03-7-127-AllOpt-IBMMapped-Only127-Extra.csv","QCLAAR",4654,4654,0,4654,0,1.0000,0.0000,1.0000,11800251.577089189,26592.21831757627,11826843.795406764,11826843.795406764,33931251.8000,0.000137159691,42547.54930812205,3955,19,1,0.0,1
"stress","MQT-Set03-7-127-AllOpt-IBMMapped-Only127-Extra.csv","MCT",4654,4654,0,4654,0,1.0000,0.0000,1.0000,10684126.221285066,28187.049222174493,10712313.27050724,10712313.27050724,22141038.330000002,0.000210197911,45099.2787554793,3875,19,1,0.0,1
"stress","MQT-Set04-7-127-AllOpt-IBMMapped-Extra.csv","FCFS",5852,5852,1198,4654,0,1.0000,0.204716336295,0.795283663705,163345101.82099622,72587.84277341083,163417689.66376963,163417689.66376963,420406048.6400,0.000013919876,116140.54843745685,4086,19,1,0.0,1
"stress","MQT-Set04-7-127-AllOpt-IBMMapped-Extra.csv","LoadAware",5852,5852,1198,4654,0,1.0000,0.204716336295,0.795283663705,12981547.54207763,33866.69238892686,13015414.234466555,13015414.234466555,56134820.3800,0.00010424902,54186.70782228316,3922,19,1,0.0,1
"stress","MQT-Set04-7-127-AllOpt-IBMMapped-Extra.csv","QCLAR",5852,5852,1198,4654,0,1.0000,0.204716336295,0.795283663705,9545690.442702202,20103.958320232327,9565794.401022434,9565794.401022434,28636047.5800,0.000204357811,32166.333312371815,3932,19,1,0.0,1
"stress","MQT-Set04-7-127-AllOpt-IBMMapped-Extra.csv","QCLAAR",5852,5852,1198,4654,0,1.0000,0.204716336295,0.795283663705,9459728.222866217,21572.949147299954,9481301.172013517,9481301.172013517,28787156.8600,0.000203285098,34516.71863568007,4009,19,1,0.0,1
"stress","MQT-Set04-7-127-AllOpt-IBMMapped-Extra.csv","MCT",5852,5852,1198,4654,0,1.0000,0.204716336295,0.795283663705,8698602.03458469,23862.062822966378,8722464.097407658,8722464.097407658,22800947.4100,0.000256656002,38179.300516746356,3967,19,1,0.0,1
"stress","MQT-Set01-298-10-27-IBMQ27-Opt3-Extra.csv","LotterySeeded",238,238,238,0,0,1.0000,1.0000,0.0000,71040.92982376282,1660.471302521008,72701.40112628386,72701.40112628386,184511.4300,0.001289892989,2656.754084033614,16,19,1,0.0,1
"stress","MQT-Set02-10-27-Mapped-AllAlgorithmLeft-Extra.csv","LotterySeeded",906,906,906,0,0,1.0000,1.0000,0.0000,827549.0495311448,4290.042637969094,831839.0921691137,831839.0921691137,1501666.5200,0.000603329693,6864.068220750553,62,19,1,0.0,1
"stress","MQT-Set03-7-127-AllOpt-IBMMapped-Only127-Extra.csv","LotterySeeded",4654,4654,0,4654,0,1.0000,0.0000,1.0000,11776095.6798784,22625.326295659575,11798721.00617406,11798721.00617406,28031060.4400,0.000166030108,36200.52207305552,3859,19,1,0.0,1
"stress","MQT-Set04-7-127-AllOpt-IBMMapped-Extra.csv","LotterySeeded",5852,5852,1198,4654,0,1.0000,0.204716336295,0.795283663705,9646593.1331322,19039.185466507104,9665632.318598708,9665632.318598708,28133893.259999998,0.000208005339,30462.69674641141,4683,19,1,0.0,1
"stress","MQT-Set01-298-10-27-IBMQ27-Opt3-Extra.csv","LotterySeeded",238,238,238,0,0,1.0000,1.0000,0.0000,56347.14716386556,1612.719033613446,57959.866197479,57959.866197479,142666.6900,0.001668224026,2580.350453781513,21,19,2,0.0,1
"stress","MQT-Set02-10-27-Mapped-AllAlgorithmLeft-Extra.csv","LotterySeeded",906,906,906,0,0,1.0000,1.0000,0.0000,797150.3787604871,4430.936103752759,801581.3148642398,801581.3148642398,2517363.1800,0.000359900394,7089.497766004414,74,19,2,0.0,1
"stress","MQT-Set03-7-127-AllOpt-IBMMapped-Only127-Extra.csv","LotterySeeded",4654,4654,0,4654,0,1.0000,0.0000,1.0000,11832250.530850997,22646.25548130638,11854896.786332306,11854896.786332306,27307708.330000002,0.000170428069,36234.00877009014,4169,19,2,0.0,1
"stress","MQT-Set04-7-127-AllOpt-IBMMapped-Extra.csv","LotterySeeded",5852,5852,1198,4654,0,1.0000,0.204716336295,0.795283663705,9642384.859656071,19932.206604579616,9662317.06626065,9662317.06626065,27448554.1600,0.000213198843,31891.530567327245,4120,19,2,0.0,1
"stress","MQT-Set01-298-10-27-IBMQ27-Opt3-Extra.csv","LotterySeeded",238,238,238,0,0,1.0000,1.0000,0.0000,67936.14237394955,1678.892436974792,69615.03481092434,69615.03481092434,226886.4900,0.001048982687,2686.227899159662,18,19,3,0.0,1
"stress","MQT-Set02-10-27-Mapped-AllAlgorithmLeft-Extra.csv","LotterySeeded",906,906,906,0,0,1.0000,1.0000,0.0000,519476.1828029794,4006.982593818988,523483.16539679846,523483.16539679846,1521931.4400,0.000595296198,6411.172150110375,84,19,3,0.0,1
"stress","MQT-Set03-7-127-AllOpt-IBMMapped-Only127-Extra.csv","LotterySeeded",4654,4654,0,4654,0,1.0000,0.0000,1.0000,11729932.183597572,22216.604757198067,11752148.78835477,11752148.78835477,26059061.0700,0.000178594309,35546.56761151692,4159,19,3,0.0,1
"stress","MQT-Set04-7-127-AllOpt-IBMMapped-Extra.csv","LotterySeeded",5852,5852,1198,4654,0,1.0000,0.204716336295,0.795283663705,9807820.867734792,18714.38528537252,9826535.253020164,9826535.253020164,30189493.4300,0.000193842272,29943.016456596008,4012,19,3,0.0,1
"stress","MQT-Set01-298-10-27-IBMQ27-Opt3-Extra.csv","LotterySeeded",238,238,238,0,0,1.0000,1.0000,0.0000,61967.31435924367,1647.447100840336,63614.76146008402,63614.76146008402,184602.9700,0.001289253364,2635.915361344537,16,19,4,0.0,1
"stress","MQT-Set02-10-27-Mapped-AllAlgorithmLeft-Extra.csv","LotterySeeded",906,906,906,0,0,1.0000,1.0000,0.0000,703710.9291067884,4154.251688741721,707865.1807955301,707865.1807955301,1345856.3000,0.000673177367,6646.802701986753,66,19,4,0.0,1
"stress","MQT-Set03-7-127-AllOpt-IBMMapped-Only127-Extra.csv","LotterySeeded",4654,4654,0,4654,0,1.0000,0.0000,1.0000,11713295.883143947,22756.020485603727,11736051.903629549,11736051.903629549,27191561.150000002,0.000171156043,36409.63277696613,4235,19,4,0.0,1
"stress","MQT-Set04-7-127-AllOpt-IBMMapped-Extra.csv","LotterySeeded",5852,5852,1198,4654,0,1.0000,0.204716336295,0.795283663705,9772799.070891613,18785.808622693068,9791584.879514305,9791584.879514305,28837788.5100,0.000202928182,30057.29379630894,3961,19,4,0.0,1
"stress","MQT-Set01-298-10-27-IBMQ27-Opt3-Extra.csv","LotterySeeded",238,238,238,0,0,1.0000,1.0000,0.0000,60693.43470646594,1583.464705882353,62276.899412348284,62276.899412348284,131489.6500,0.001810028394,2533.543529411764,17,19,5,0.0,1
"stress","MQT-Set02-10-27-Mapped-AllAlgorithmLeft-Extra.csv","LotterySeeded",906,906,906,0,0,1.0000,1.0000,0.0000,514242.9399560897,4098.16558498896,518341.1055410787,518341.1055410787,1065839.9600,0.000850033808,6557.064935982346,65,19,5,0.0,1
"stress","MQT-Set03-7-127-AllOpt-IBMMapped-Only127-Extra.csv","LotterySeeded",4654,4654,0,4654,0,1.0000,0.0000,1.0000,11778909.765182037,22635.163966480282,11801544.929148518,11801544.929148518,27945851.7600,0.000166536345,36216.262346368654,4186,19,5,0.0,1
"stress","MQT-Set04-7-127-AllOpt-IBMMapped-Extra.csv","LotterySeeded",5852,5852,1198,4654,0,1.0000,0.204716336295,0.795283663705,9710345.744077273,19137.250921052637,9729482.994998325,9729482.994998325,27484246.779999997,0.000212921971,30619.601473684204,4436,19,5,0.0,1
"stress","MQT-Set01-298-10-27-IBMQ27-Opt3-Extra.csv","MCT",238,238,238,0,0,1.0000,1.0000,0.0000,31603.48550420168,1491.788487394957,33095.27399159664,33095.27399159664,77591.23000000001,0.003067356968,2386.861579831932,18,19,1,0.25,19
"stress","MQT-Set02-10-27-Mapped-AllAlgorithmLeft-Extra.csv","MCT",906,906,906,0,0,1.0000,1.0000,0.0000,277009.7723951435,3864.141633554083,280873.91402869765,280873.91402869765,917175.1600,0.000987815675,6182.626613686533,64,19,1,0.25,19
"stress","MQT-Set03-7-127-AllOpt-IBMMapped-Only127-Extra.csv","MCT",4654,4654,0,4654,0,1.0000,0.0000,1.0000,11276027.561633123,28792.230221314927,11304819.791854436,11304819.791854436,23295706.7000,0.000199779301,46067.56835410422,4102,19,1,0.25,19
"stress","MQT-Set04-7-127-AllOpt-IBMMapped-Extra.csv","MCT",5852,5852,1198,4654,0,1.0000,0.204716336295,0.795283663705,8910722.466797588,24114.020539986348,8934836.487337574,8934836.487337574,23215216.4900,0.000252076047,38582.43286397805,4392,19,1,0.25,19
"stress","MQT-Set01-298-10-27-IBMQ27-Opt3-Extra.csv","MCT",238,238,238,0,0,1.0000,1.0000,0.0000,30620.739663865555,1491.438949579832,32112.178613445383,32112.178613445383,72221.8400,0.003295402056,2386.302319327731,16,19,1,0.5,19
"stress","MQT-Set02-10-27-Mapped-AllAlgorithmLeft-Extra.csv","MCT",906,906,906,0,0,1.0000,1.0000,0.0000,269401.67705297994,3855.813145695364,273257.4901986753,273257.4901986753,1105764.5000,0.000819342636,6169.301033112584,73,19,1,0.5,19
"stress","MQT-Set03-7-127-AllOpt-IBMMapped-Only127-Extra.csv","MCT",4654,4654,0,4654,0,1.0000,0.0000,1.0000,12451510.029803416,30120.16610442632,12481630.195907839,12481630.195907839,25603355.5100,0.000181773049,48192.2657670822,4359,19,1,0.5,19
"stress","MQT-Set04-7-127-AllOpt-IBMMapped-Extra.csv","MCT",5852,5852,1198,4654,0,1.0000,0.204716336295,0.795283663705,9345896.925345048,24714.13229152416,9370611.057636574,9370611.057636574,24626290.119999997,0.00023763222,39542.61166643891,4189,19,1,0.5,19
"stress","MQT-Set01-298-10-27-IBMQ27-Opt3-Extra.csv","FCFS",238,238,238,0,0,1.0000,1.0000,0.0000,205822.38054621837,1552.391344537815,207374.77189075618,207374.77189075618,369469.1400,0.000644167467,2483.826151260504,40,20,1,0.0,1
"stress","MQT-Set01-298-10-27-IBMQ27-Opt3-Extra.csv","LoadAware",238,238,238,0,0,1.0000,1.0000,0.0000,43842.35758753503,1675.423571428571,45517.7811589636,45517.7811589636,122907.1700,0.001936420796,2680.677714285714,20,20,1,0.0,1
"stress","MQT-Set01-298-10-27-IBMQ27-Opt3-Extra.csv","QCLAR",238,238,238,0,0,1.0000,1.0000,0.0000,45044.88782563026,1707.848697478991,46752.73652310926,46752.73652310926,136563.5000,0.001742779,2732.557915966389,15,20,1,0.0,1
"stress","MQT-Set01-298-10-27-IBMQ27-Opt3-Extra.csv","QCLAAR",238,238,238,0,0,1.0000,1.0000,0.0000,45044.88782563026,1707.848697478991,46752.73652310926,46752.73652310926,136563.5000,0.001742779,2732.557915966389,32,20,1,0.0,1
"stress","MQT-Set01-298-10-27-IBMQ27-Opt3-Extra.csv","MCT",238,238,238,0,0,1.0000,1.0000,0.0000,34376.287452147524,1635.175084033613,36011.46253618114,36011.46253618114,79395.73000000001,0.002997642317,2616.28013445378,16,20,1,0.0,1
"stress","MQT-Set02-10-27-Mapped-AllAlgorithmLeft-Extra.csv","FCFS",906,906,906,0,0,1.0000,1.0000,0.0000,2536303.236080717,4555.128995584989,2540858.365076302,2540858.365076302,4126946.8700,0.000219532751,7288.206392935999,52,20,1,0.0,1
"stress","MQT-Set02-10-27-Mapped-AllAlgorithmLeft-Extra.csv","LoadAware",906,906,906,0,0,1.0000,1.0000,0.0000,544636.269811402,4950.791821192056,549587.0616325941,549587.0616325941,1630322.3100,0.000555718335,7921.266913907285,51,20,1,0.0,1
"stress","MQT-Set02-10-27-Mapped-AllAlgorithmLeft-Extra.csv","QCLAR",906,906,906,0,0,1.0000,1.0000,0.0000,539586.847911148,4996.754293598236,544583.6022047462,544583.6022047462,1761401.0600,0.000514363265,7994.806869757178,67,20,1,0.0,1
"stress","MQT-Set02-10-27-Mapped-AllAlgorithmLeft-Extra.csv","QCLAAR",906,906,906,0,0,1.0000,1.0000,0.0000,539586.847911148,4996.754293598236,544583.6022047462,544583.6022047462,1761401.0600,0.000514363265,7994.806869757178,63,20,1,0.0,1
"stress","MQT-Set02-10-27-Mapped-AllAlgorithmLeft-Extra.csv","MCT",906,906,906,0,0,1.0000,1.0000,0.0000,354292.4820612584,4745.443885209713,359037.92594646814,359037.92594646814,1117129.3600,0.000811007241,7592.710216335541,69,20,1,0.0,1
"stress","MQT-Set03-7-127-AllOpt-IBMMapped-Only127-Extra.csv","FCFS",4654,4654,0,4654,0,1.0000,0.0000,1.0000,207046255.33223328,89088.41920283626,207135343.7514361,207135343.7514361,414617502.9700,0.000011224804,142541.4707245377,4166,20,1,0.0,1
"stress","MQT-Set03-7-127-AllOpt-IBMMapped-Only127-Extra.csv","LoadAware",4654,4654,0,4654,0,1.0000,0.0000,1.0000,16573358.381326722,41844.377249677585,16615202.758576404,16615202.758576404,67908737.49000001,0.000068533155,66951.00359948438,3956,20,1,0.0,1
"stress","MQT-Set03-7-127-AllOpt-IBMMapped-Only127-Extra.csv","QCLAR",4654,4654,0,4654,0,1.0000,0.0000,1.0000,12093125.443714174,24633.57363773094,12117759.017351903,12117759.017351903,31167499.6400,0.000149322212,39413.71782036957,4177,20,1,0.0,1
"stress","MQT-Set03-7-127-AllOpt-IBMMapped-Only127-Extra.csv","QCLAAR",4654,4654,0,4654,0,1.0000,0.0000,1.0000,11947180.052455032,24463.15022561237,11971643.202680644,11971643.202680644,29209584.6900,0.000159331262,39141.04036097984,4091,20,1,0.0,1
"stress","MQT-Set03-7-127-AllOpt-IBMMapped-Only127-Extra.csv","MCT",4654,4654,0,4654,0,1.0000,0.0000,1.0000,10964065.172503091,28674.669636871444,10992739.842139963,10992739.842139963,22429585.830000002,0.0002074938,45879.4714189944,4382,20,1,0.0,1
"stress","MQT-Set04-7-127-AllOpt-IBMMapped-Extra.csv","FCFS",5852,5852,1198,4654,0,1.0000,0.204716336295,0.795283663705,158454039.44259307,69254.53900034189,158523293.98159343,158523293.98159343,400519466.6400,0.000014611025,110807.26240054675,4158,20,1,0.0,1
"stress","MQT-Set04-7-127-AllOpt-IBMMapped-Extra.csv","LoadAware",5852,5852,1198,4654,0,1.0000,0.204716336295,0.795283663705,13126331.061201932,35132.51674812018,13161463.577950045,13161463.577950045,73205514.5200,0.000079939333,56212.02679699252,4287,20,1,0.0,1
"stress","MQT-Set04-7-127-AllOpt-IBMMapped-Extra.csv","QCLAR",5852,5852,1198,4654,0,1.0000,0.204716336295,0.795283663705,9391491.881047558,19206.101859193383,9410697.982906755,9410697.982906755,29423984.6300,0.000198885368,30729.762974709523,4086,20,1,0.0,1
"stress","MQT-Set04-7-127-AllOpt-IBMMapped-Extra.csv","QCLAAR",5852,5852,1198,4654,0,1.0000,0.204716336295,0.795283663705,9243890.471143272,20990.63296479826,9264881.104108071,9264881.104108071,28822548.5300,0.000203035481,33585.01274367746,4175,20,1,0.0,1
"stress","MQT-Set04-7-127-AllOpt-IBMMapped-Extra.csv","MCT",5852,5852,1198,4654,0,1.0000,0.204716336295,0.795283663705,8448357.992926706,22863.93414217364,8471221.927068878,8471221.927068878,21755499.7200,0.000268989454,36582.29462747778,4148,20,1,0.0,1
"stress","MQT-Set01-298-10-27-IBMQ27-Opt3-Extra.csv","LotterySeeded",238,238,238,0,0,1.0000,1.0000,0.0000,87614.95582716781,1866.999705882354,89481.95553305015,89481.95553305015,279105.3300,0.000852724668,2987.199529411764,15,20,1,0.0,1
"stress","MQT-Set02-10-27-Mapped-AllAlgorithmLeft-Extra.csv","LotterySeeded",906,906,906,0,0,1.0000,1.0000,0.0000,966541.5263848978,5170.07870860927,971711.6050935071,971711.6050935071,1720107.3800,0.000526711303,8272.125933774847,64,20,1,0.0,1
"stress","MQT-Set03-7-127-AllOpt-IBMMapped-Only127-Extra.csv","LotterySeeded",4654,4654,0,4654,0,1.0000,0.0000,1.0000,12119942.167244004,22772.235575848652,12142714.402819851,12142714.402819851,29158087.1400,0.000159612665,36435.57692135797,4024,20,1,0.0,1
"stress","MQT-Set04-7-127-AllOpt-IBMMapped-Extra.csv","LotterySeeded",5852,5852,1198,4654,0,1.0000,0.204716336295,0.795283663705,9402866.17620959,18499.864789815467,9421366.040999407,9421366.040999407,28480391.009999998,0.000205474707,29599.783663704646,4011,20,1,0.0,1
"stress","MQT-Set01-298-10-27-IBMQ27-Opt3-Extra.csv","LotterySeeded",238,238,238,0,0,1.0000,1.0000,0.0000,78537.23635854345,1805.259495798319,80342.49585434175,80342.49585434175,175566.3100,0.001355613158,2888.415193277313,17,20,2,0.0,1
"stress","MQT-Set02-10-27-Mapped-AllAlgorithmLeft-Extra.csv","LotterySeeded",906,906,906,0,0,1.0000,1.0000,0.0000,934026.4727919432,5103.752947019866,939130.225738963,939130.225738963,1561794.7400,0.000580101838,8166.004715231802,75,20,2,0.0,1
"stress","MQT-Set03-7-127-AllOpt-IBMMapped-Only127-Extra.csv","LotterySeeded",4654,4654,0,4654,0,1.0000,0.0000,1.0000,12056245.147686778,23303.551703910583,12079548.699390687,12079548.699390687,26389917.3400,0.000176355232,37285.682726257,3675,20,2,0.0,1
"stress","MQT-Set04-7-127-AllOpt-IBMMapped-Extra.csv","LotterySeeded",5852,5852,1198,4654,0,1.0000,0.204716336295,0.795283663705,9522618.06431685,18302.80507177034,9540920.869388621,9540920.869388621,27129876.6600,0.000215703155,29284.488114832635,4281,20,2,0.0,1
"stress","MQT-Set01-298-10-27-IBMQ27-Opt3-Extra.csv","LotterySeeded",238,238,238,0,0,1.0000,1.0000,0.0000,79948.88630952382,1756.12550420168,81705.0118137255,81705.0118137255,250301.6100,0.000950852853,2809.800806722689,15,20,3,0.0,1
"stress","MQT-Set02-10-27-Mapped-AllAlgorithmLeft-Extra.csv","LotterySeeded",906,906,906,0,0,1.0000,1.0000,0.0000,742091.6483107065,4828.26847682119,746919.9167875276,746919.9167875276,2929836.3200000003,0.000309232292,7725.229562913909,77,20,3,0.0,1
"stress","MQT-Set03-7-127-AllOpt-IBMMapped-Only127-Extra.csv","LotterySeeded",4654,4654,0,4654,0,1.0000,0.0000,1.0000,12034603.680886628,23343.4040395358,12057947.084926164,12057947.084926164,28296877.0500,0.000164470446,37349.44646325742,3725,20,3,0.0,1
"stress","MQT-Set04-7-127-AllOpt-IBMMapped-Extra.csv","LotterySeeded",5852,5852,1198,4654,0,1.0000,0.204716336295,0.795283663705,9490653.913206454,18202.31072624742,9508856.223932702,9508856.223932702,27650079.549999997,0.000211644961,29123.69716199589,4158,20,3,0.0,1
"stress","MQT-Set01-298-10-27-IBMQ27-Opt3-Extra.csv","LotterySeeded",238,238,238,0,0,1.0000,1.0000,0.0000,79097.76105042014,1790.725378151261,80888.48642857141,80888.48642857141,216958.0900,0.001096986058,2865.160605042016,14,20,4,0.0,1
"stress","MQT-Set02-10-27-Mapped-AllAlgorithmLeft-Extra.csv","LotterySeeded",906,906,906,0,0,1.0000,1.0000,0.0000,919366.7093487857,4935.662273730694,924302.3716225165,924302.3716225165,2142450.4200000004,0.000422880264,7897.059637969104,66,20,4,0.0,1
"stress","MQT-Set03-7-127-AllOpt-IBMMapped-Only127-Extra.csv","LotterySeeded",4654,4654,0,4654,0,1.0000,0.0000,1.0000,12212925.466022767,22797.145515685374,12235722.611538453,12235722.611538453,28334617.4100,0.00016425138,36475.43282509678,3961,20,4,0.0,1
"stress","MQT-Set04-7-127-AllOpt-IBMMapped-Extra.csv","LotterySeeded",5852,5852,1198,4654,0,1.0000,0.204716336295,0.795283663705,9612700.437632179,17606.434492481232,9630306.87212466,9630306.87212466,29569637.7000,0.000197905705,28170.29518797,4255,20,4,0.0,1
"stress","MQT-Set01-298-10-27-IBMQ27-Opt3-Extra.csv","LotterySeeded",238,238,238,0,0,1.0000,1.0000,0.0000,82120.12410646284,1812.787899159665,83932.9120056225,83932.9120056225,193933.2400,0.001227226441,2900.460638655461,17,20,5,0.0,1
"stress","MQT-Set02-10-27-Mapped-AllAlgorithmLeft-Extra.csv","LotterySeeded",906,906,906,0,0,1.0000,1.0000,0.0000,838944.0804307039,5056.664470198682,844000.7449009025,844000.7449009025,2009650.2900,0.000450824705,8090.663152317882,73,20,5,0.0,1
"stress","MQT-Set03-7-127-AllOpt-IBMMapped-Only127-Extra.csv","LotterySeeded",4654,4654,0,4654,0,1.0000,0.0000,1.0000,11717641.729342872,24691.708749462825,11742333.438092332,11742333.438092332,28365548.3400,0.000164072273,39506.733999140655,4347,20,5,0.0,1
"stress","MQT-Set04-7-127-AllOpt-IBMMapped-Extra.csv","LotterySeeded",5852,5852,1198,4654,0,1.0000,0.204716336295,0.795283663705,9437114.974873807,18538.462325700606,9455653.437199509,9455653.437199509,28034381.259999998,0.000208743683,29661.539721121,2955,20,5,0.0,1
"stress","MQT-Set01-298-10-27-IBMQ27-Opt3-Extra.csv","MCT",238,238,238,0,0,1.0000,1.0000,0.0000,34182.00233543417,1636.828487394959,35818.83082282913,35818.83082282913,86039.4100,0.002766174245,2618.925579831935,17,20,1,0.25,20
"stress","MQT-Set02-10-27-Mapped-AllAlgorithmLeft-Extra.csv","MCT",906,906,906,0,0,1.0000,1.0000,0.0000,353679.8111230685,4747.78474613687,358427.5958692054,358427.5958692054,1104584.2900,0.000820218075,7596.455593818981,60,20,1,0.25,20
"stress","MQT-Set03-7-127-AllOpt-IBMMapped-Only127-Extra.csv","MCT",4654,4654,0,4654,0,1.0000,0.0000,1.0000,11228153.219267199,28971.088169316685,11257124.30743651,11257124.30743651,23027508.6000,0.000202106102,46353.741070906835,2950,20,1,0.25,20
"stress","MQT-Set04-7-127-AllOpt-IBMMapped-Extra.csv","MCT",5852,5852,1198,4654,0,1.0000,0.204716336295,0.795283663705,8674217.271899676,23244.071392686194,8697461.343292361,8697461.343292361,22357936.759999998,0.000261741504,37190.51422829804,2898,20,1,0.25,20
"stress","MQT-Set01-298-10-27-IBMQ27-Opt3-Extra.csv","MCT",238,238,238,0,0,1.0000,1.0000,0.0000,34610.36094887956,1630.812857142857,36241.173806022416,36241.173806022416,93355.5200,0.002549393973,2609.300571428572,12,20,1,0.5,20
"stress","MQT-Set02-10-27-Mapped-AllAlgorithmLeft-Extra.csv","MCT",906,906,906,0,0,1.0000,1.0000,0.0000,354561.72021799115,4738.149227373068,359299.8694453642,359299.8694453642,1099021.7600,0.000824369483,7581.038763796912,44,20,1,0.5,20
"stress","MQT-Set03-7-127-AllOpt-IBMMapped-Only127-Extra.csv","MCT",4654,4654,0,4654,0,1.0000,0.0000,1.0000,11887513.790054943,29727.409215728454,11917241.19927067,11917241.19927067,24481861.0500,0.000190099927,47563.854745165605,2954,20,1,0.5,20
"stress","MQT-Set04-7-127-AllOpt-IBMMapped-Extra.csv","MCT",5852,5852,1198,4654,0,1.0000,0.204716336295,0.795283663705,9216750.505087577,24133.61923274086,9240884.124320315,9240884.124320315,24444886.169999998,0.000239395674,38613.79077238557,2921,20,1,0.5,20
